term,group,cost,floor,n,n_years,breach_mat,breach_mat_lo,breach_mat_hi,breach_any,breach_any_lo,breach_any_hi,worst_shortfall_pts,worst_ret,lock,lock_lo,lock_hi,lock_when_med,med_ret,mean_ret,med_hold,mean_hold,capture_up,capture_lo,capture_hi,med_up_ret,med_up_hold,med_down_ret,med_down_hold,n_sev,med_sev_ret,med_sev_hold,near_floor,breach_depth_med_pts,pct_gain,pct_ge_dep,pct_down_gt0,cost_paid,turnover,avg_exp,mostly_cash,never_above_2pct
7,All equity (ex-basket),6,50,80733,99,3.7159525844450226e-05,0.0,7.981120721524519e-05,3.7159525844450226e-05,0.0,8.116837253426324e-05,-10.837802290916443,-0.6083780229091644,3.7159525844450226e-05,0.0,8.41693909659372e-05,0.800000011920929,0.0021859407424926758,0.002329110171577449,0.003389656473161473,0.0035353563587710466,0.9617418306318601,0.959069506278973,0.9644312567180412,0.02027714252471924,0.02150261386487351,-0.02211591601371765,-0.02094139486543073,1549,-0.12829428911209106,-0.1272473023438243,6.193254307408371e-05,-2.170109748840332,0.5294241512144972,0.5294365377231119,0.470563462276888,0.0012017601,2.0029337,0.99994564,1.2386508614816741e-05,1.2386508614816741e-05
7,All equity (ex-basket),6,55,80733,99,3.7159525844450226e-05,0.0,8.396516315512502e-05,6.193254307408371e-05,0.0,0.00015298366902672872,-15.837802290916446,-0.6083780229091644,6.193254307408371e-05,0.0,0.00016543580887937563,0.800000011920929,0.0021859407424926758,0.0023299302494799224,0.003389656473161473,0.0035353563587710466,0.9617356425520512,0.9591249988439453,0.964199096526046,0.02027714252471924,0.02150261386487351,-0.02211591601371765,-0.02094139486543073,1549,-0.12835693359375,-0.1272473023438243,9.909206891853393e-05,-1.9970345497131392,0.5294241512144972,0.5294365377231119,0.470563462276888,0.0012017727,2.0029545,0.9998834,1.2386508614816741e-05,1.2386508614816741e-05
7,All equity (ex-basket),6,60,80733,99,7.431905168890045e-05,1.2466083765118033e-05,0.00016044487045888253,9.909206891853393e-05,1.4912499611962652e-05,0.00019718564019149924,-20.83780229091644,-0.6083780229091644,9.909206891853393e-05,2.415014094842632e-05,0.00020139666315119122,0.800000011920929,0.0021859407424926758,0.0023276261559768085,0.003389656473161473,0.0035353563587710466,0.9616772656502114,0.9589313352671438,0.9641094552599,0.02027416229248047,0.02150261386487351,-0.02211591601371765,-0.02094139486543073,1549,-0.12837952375411987,-0.1272473023438243,0.00018579762922225112,-2.9557830095291115,0.5294117647058824,0.5294241512144972,0.47057584878550285,0.0012018324,2.0030541,0.99972516,1.2386508614816741e-05,1.2386508614816741e-05
7,All equity (ex-basket),6,65,80733,99,0.00013625159476298416,3.0353021308331353e-05,0.0002830755128660613,0.00017341112060743438,4.926342451866268e-05,0.00034469043381205435,-25.837802290916446,-0.6083780229091644,0.00017341112060743438,4.286310612178535e-05,0.000341235537817689,0.800000011920929,0.0021805763244628906,0.0023137581825652073,0.003389656473161473,0.0035353563587710466,0.9613064297779338,0.9589295986580173,0.9636093732082672,0.020273685455322266,0.02150261386487351,-0.02211645245552063,-0.02094139486543073,1549,-0.12974536418914795,-0.1272473023438243,0.00027250318952596833,-3.1939381361007713,0.5293374456541935,0.5293498321628083,0.4706501678371917,0.0012020076,2.003346,0.99923706,1.2386508614816741e-05,1.2386508614816741e-05
7,All equity (ex-basket),6,70,80733,99,0.00017341112060743438,4.412318685868024e-05,0.0003524287944038403,0.00027250318952596833,8.177056335277419e-05,0.0005126582025700958,-30.83780229091644,-0.6083780229091644,0.00027250318952596833,8.098579663619901e-05,0.000515707099122066,0.800000011920929,0.002146601676940918,0.002269595110221355,0.003389656473161473,0.0035353563587710466,0.959539691289443,0.9571732734866185,0.9617055009025279,0.020239830017089844,0.02150261386487351,-0.02218925952911377,-0.02094139486543073,1549,-0.12925350666046143,-0.1272473023438243,0.0003963682756741357,-2.5459629297256425,0.5288915313440601,0.5289039178526749,0.4710960821473251,0.001203324,2.00554,0.9967316,3.7159525844450226e-05,2.4773017229633483e-05
7,All equity (ex-basket),6,75,80733,99,0.00028488969814078507,0.00012966184820526182,0.00047463347778595205,0.00037159525844450224,0.0001517484778521319,0.0006115005573100678,-35.83780229091644,-0.6083780229091644,0.00037159525844450224,0.0001550961552804257,0.0006174091033533873,0.800000011920929,0.0014650821685791016,0.0021354993836320666,0.003389656473161473,0.0035353563587710466,0.9355386287059936,0.9323049491615665,0.9381407030711758,0.019684195518493652,0.02150261386487351,-0.022787868976593018,-0.02094139486543073,1549,-0.1175810694694519,-0.1272473023438243,0.0006440984479704706,-3.0040323734283447,0.5199484721241624,0.5199980181586217,0.4800019818413784,0.0012205864,2.0343106,0.9656977,0.00011147857753335067,8.670556030371719e-05
7,All equity (ex-basket),6,80,80733,99,0.00028488969814078507,0.0001372452176966248,0.00046912008094399853,0.0003963682756741357,0.00019252310171780941,0.000638001616508818,-28.67024421691895,-0.48670244216918945,0.0003963682756741357,0.00018222295725812978,0.0006619791950291744,0.800000011920929,0.0007208585739135742,0.0017347969566523728,0.003389656473161473,0.0035353563587710466,0.7617161342080208,0.7573055014935594,0.7657918123862847,0.015317559242248535,0.02150261386487351,-0.018686354160308838,-0.02094139486543073,1549,-0.09469020366668701,-0.1272473023438243,0.0006936444824297375,-2.3922878503799483,0.5129129352309465,0.5129748677740206,0.4870251322259795,0.0010293475,1.715579,0.7969775,0.00011147857753335067,8.670556030371719e-05
7,All equity (ex-basket),6,85,80733,99,0.00028488969814078507,0.00012816791231136444,0.0004795038236783096,0.00040875478428895246,0.0001924844840662883,0.000682348158634419,-21.502683162689205,-0.3650268316268921,0.00040875478428895246,0.00018427459670397053,0.0006911616066847525,0.800000011920929,0.0005435943603515625,0.0012948571274975815,0.003389656473161473,0.0035353563587710466,0.5708157451763078,0.5666364739142493,0.5744593003994435,0.011448264122009277,0.02150261386487351,-0.013993442058563232,-0.02094139486543073,1549,-0.07096505165100098,-0.1272473023438243,0.0008794421116519887,-1.9561743736267068,0.5129377082481761,0.5129624812654057,0.4870375187345943,0.00077316567,1.2886095,0.5988824,0.00012386508614816742,0.00011147857753335067
7,All equity (ex-basket),6,88,80733,99,0.00027250318952596833,0.00012248121644129836,0.00045452141946257144,0.00040875478428895246,0.0001840831461048744,0.00067985220448602,-17.20214533805847,-0.2920214533805847,0.00040875478428895246,0.00018315200090656325,0.000708309271687461,0.800000011920929,0.0004557371139526367,0.0010335410984812282,0.003389656473161473,0.0035353563587710466,0.45622052849450073,0.45306210696734744,0.45932193021357315,0.009134650230407715,0.02150261386487351,-0.011174440383911133,-0.02094139486543073,1549,-0.05672478675842285,-0.1272473023438243,0.0010156937064149728,-1.5649383068084721,0.5132225979463169,0.5132597574721613,0.48674024252783865,0.00061649695,1.0274949,0.4788754,0.00012386508614816742,0.00011147857753335067
7,All equity (ex-basket),6,90,80733,99,0.00022295715506670134,9.815216249176386e-05,0.00036137792367502115,0.0004211412929037692,0.00017940440147219499,0.0006778760254934042,-14.335122108459474,-0.24335122108459473,0.0004211412929037692,0.0001895016496964939,0.000706700111742725,0.800000011920929,0.0003859996795654297,0.0008618609083345124,0.003389656473161473,0.0035353563587710466,0.3799051722486236,0.37710627293932675,0.38260401116112325,0.007609963417053223,0.02150261386487351,-0.009304821491241455,-0.02094139486543073,1549,-0.047263503074645996,-0.1272473023438243,0.0013129699131705745,-1.1961454153060935,0.5133340765238502,0.513420782084154,0.4865792179158461,0.0005118366,0.85306096,0.39875707,0.0001486381033778009,0.00011147857753335067
7,All equity (ex-basket),6,92,80733,99,0.00022295715506670134,0.00010286539981024265,0.00036429385985308556,0.00043352780151858594,0.00019223466750577586,0.0007416420631855955,-11.468098878860477,-0.19468098878860474,0.00043352780151858594,0.00018436910311998904,0.0007439183282159668,0.800000011920929,0.0003191232681274414,0.0006906684340999264,0.003389656473161473,0.0035353563587710466,0.3036793303652796,0.301322822643246,0.306111802229908,0.006082057952880859,0.02150261386487351,-0.00743827223777771,-0.02094139486543073,1549,-0.0378108024597168,-0.1272473023438243,0.0016969516802298936,-1.0274453163147013,0.5142506781613466,0.5143373837216504,0.4856626162783496,0.00040716055,0.67860097,0.3185833,0.00016102461199261764,0.00011147857753335067
7,All equity (ex-basket),6,94,80733,99,0.00019818413783706786,8.94349534509836e-05,0.0003212317178503635,0.00043352780151858594,0.0001990405694934318,0.0007425506560117457,-8.601069688796992,-0.14601069688796997,0.00043352780151858594,0.00019587784730687056,0.00074224483416327,0.800000011920929,0.0002701282501220703,0.0005203140277642124,0.003389656473161473,0.0035353563587710466,0.22756162846375322,0.2256873780607818,0.229455056329551,0.004584789276123047,0.02150261386487351,-0.005570471286773682,-0.02094139486543073,1549,-0.028386056423187256,-0.1272473023438243,0.0029851485761708345,-0.7885875701904244,0.5158361512640433,0.5160095623846507,0.4839904376153494,0.00030272626,0.5045437,0.2384638,0.00022295715506670134,0.00011147857753335067
7,All equity (ex-basket),6,95,80733,99,0.00016102461199261764,6.371558769517742e-05,0.00026979500094558007,0.0004211412929037692,0.00019446928704124238,0.0007000942776641076,-7.167561054229732,-0.12167561054229736,0.0004211412929037692,0.00018183730533850227,0.0007029034043000015,0.800000011920929,0.00024259090423583984,0.0004325671540205823,0.003389656473161473,0.0035353563587710466,0.18943178031660898,0.18790899732182367,0.1910990621170997,0.003840208053588867,0.02150261386487351,-0.004631489515304565,-0.02094139486543073,1549,-0.023628056049346924,-0.1272473023438243,0.004360051032415493,-0.6794166564941362,0.516529795746473,0.51672797988431,0.48327202011569,0.00025078084,0.41796806,0.1984847,0.000334435732600052,0.00011147857753335067
7,All equity (ex-basket),6,96,80733,99,0.00012386508614816742,4.67566630867139e-05,0.00021435825804782396,0.0004211412929037692,0.0001911288015040729,0.0007172066198166346,-5.7340464591979945,-0.09734046459197998,0.0004211412929037692,0.00017894182005087007,0.0007305120821279764,0.800000011920929,0.0002117156982421875,0.0003452432544985094,0.003389656473161473,0.0035353563587710466,0.15139432211331036,0.15027198136656483,0.15258428316412098,0.0030938386917114258,0.02150261386487351,-0.003702133893966675,-0.02094139486543073,1549,-0.01889979839324951,-0.1272473023438243,0.007989298056556798,-0.6009808778762782,0.518214360918088,0.5184620910903843,0.4815379089096156,0.00019912046,0.33186743,0.15859662,0.0005450063790519367,0.00013625159476298416
7,All equity (ex-basket),6,98,80733,99,8.670556030371719e-05,2.4004265401002742e-05,0.0001603405840182975,0.00043352780151858594,0.00019912139218554797,0.0007144832526161951,-2.8670232295989972,-0.04867023229598999,0.00043352780151858594,0.00019536202905915857,0.000742203742019421,0.800000011920929,0.00014269351959228516,0.00017315988156264316,0.003389656473161473,0.0035353563587710466,0.07586736203238481,0.07536033925507885,0.07636705733787447,0.0015889406204223633,0.02150261386487351,-0.0018255412578582764,-0.02094139486543073,1549,-0.00955742597579956,-0.1272473023438243,0.47614977766217037,-0.25728154182433904,0.5235529461310741,0.5240112469498223,0.47598875305017774,9.75563e-05,0.16259383,0.0793489,0.005648247928356435,0.0002601166809111516
7,All equity (ex-basket),25,50,80733,99,3.7159525844450226e-05,0.0,7.736270671317215e-05,3.7159525844450226e-05,0.0,8.169307736343818e-05,-10.986566543579102,-0.609865665435791,3.7159525844450226e-05,0.0,8.103972815777876e-05,0.800000011920929,-0.0016210079193115234,-0.0014784229724151127,0.003389656473161473,0.0035353563587710466,0.8407424128505743,0.8289717858526633,0.8521667454496068,0.01640152931213379,0.02150261386487351,-0.025830566883087158,-0.02094139486543073,1549,-0.1316056251525879,-0.1272473023438243,6.193254307408371e-05,-2.3517996072769165,0.47716547136858534,0.47720263089442977,0.5227973691055702,0.0050025675,2.0010269,0.99994504,1.2386508614816741e-05,1.2386508614816741e-05
7,All equity (ex-basket),25,55,80733,99,4.9546034459266966e-05,0.0,0.00011441836615070858,6.193254307408371e-05,0.0,0.00014480902843356123,-15.986566543579105,-0.609865665435791,6.193254307408371e-05,0.0,0.0001546682054679625,0.800000011920929,-0.0016210079193115234,-0.0014776158807252074,0.003389656473161473,0.0035353563587710466,0.8407352849834675,0.8287322956534087,0.8520025729883431,0.01640152931213379,0.02150261386487351,-0.025830566883087158,-0.02094139486543073,1549,-0.13166803121566772,-0.1272473023438243,9.909206891853393e-05,-2.0775127410888716,0.47716547136858534,0.47720263089442977,0.5227973691055702,0.00500262,2.001048,0.99988127,1.2386508614816741e-05,1.2386508614816741e-05
7,All equity (ex-basket),25,60,80733,99,8.670556030371719e-05,2.173075456411377e-05,0.0001628131125407605,9.909206891853393e-05,2.2909078189205683e-05,0.0002105934711323553,-20.986566543579098,-0.609865665435791,9.909206891853393e-05,1.687716709181546e-05,0.00020482807466872495,0.800000011920929,-0.0016210079193115234,-0.0014803189480065363,0.003389656473161473,0.0035353563587710466,0.8406722239132243,0.8295993747856646,0.8514134906293704,0.01639854907989502,0.02150261386487351,-0.025830566883087158,-0.02094139486543073,1549,-0.13169056177139282,-0.1272473023438243,0.00019818413783706786,-3.1027740240097024,0.47716547136858534,0.47720263089442977,0.5227973691055702,0.005002876,2.0011504,0.99971896,1.2386508614816741e-05,1.2386508614816741e-05
7,All equity (ex-basket),25,65,80733,99,0.0001486381033778009,4.809411991243226e-05,0.0002736030661471995,0.00018579762922225112,4.3607638955424246e-05,0.00037500229380913564,-25.986566543579105,-0.609865665435791,0.00018579762922225112,5.348984538110906e-05,0.0003759650196934438,0.800000011920929,-0.0016263723373413086,-0.0014950696398280364,0.003389656473161473,0.0035353563587710466,0.8402825484522327,0.8289612704998103,0.851191136943814,0.016398072242736816,0.02150261386487351,-0.02583107352256775,-0.02094139486543073,1549,-0.13305115699768066,-0.1272473023438243,0.00027250318952596833,-3.2188379764556907,0.47711592533412606,0.47715308485997054,0.5228469151400295,0.0050036255,2.0014503,0.9992125,1.2386508614816741e-05,1.2386508614816741e-05
7,All equity (ex-basket),25,70,80733,99,0.0002105706464518846,6.293793920415393e-05,0.00040343024160515817,0.00027250318952596833,7.378428287294096e-05,0.0005055340636010087,-30.986566543579098,-0.609865665435791,0.00027250318952596833,7.390236532900953e-05,0.0004902876273884768,0.800000011920929,-0.0016631484031677246,-0.0015454316535537113,0.003389656473161473,0.0035353563587710466,0.838375252984043,0.828131927295056,0.8476449344157005,0.016362547874450684,0.02150261386487351,-0.025920182466506958,-0.02094139486543073,1549,-0.13258308172225952,-0.1272473023438243,0.00043352780151858594,-2.653221487998958,0.47667001102399265,0.47670717054983713,0.5232928294501629,0.005009368,2.0037472,0.9965605,3.7159525844450226e-05,2.4773017229633483e-05
7,All equity (ex-basket),25,75,80733,99,0.00030966271537041855,0.00016132932667419574,0.0004998145710425687,0.00040875478428895246,0.00019923124944892475,0.0006661122006055201,-35.9865665435791,-0.609865665435791,0.00040875478428895246,0.00020152664201115715,0.00066684728264014,0.800000011920929,-0.00249558687210083,-0.0017432083575079666,0.003389656473161473,0.0035353563587710466,0.8101278823667216,0.8014993651046781,0.8179710502481159,0.015681743621826172,0.02150261386487351,-0.026557713747024536,-0.02094139486543073,1549,-0.12040883302688599,-0.1272473023438243,0.0006440984479704706,-2.4471700191497803,0.4654354477103539,0.46546022072758353,0.5345397792724165,0.0050868117,2.0347247,0.9625917,0.00011147857753335067,8.670556030371719e-05
7,All equity (ex-basket),25,80,80733,99,0.00028488969814078507,0.00013629312451412208,0.0004722583799075812,0.0004211412929037692,0.00021171281998992288,0.0006941311880672177,-28.789250850677494,-0.4878925085067749,0.0004211412929037692,0.000216154937169713,0.0006794417218908152,0.800000011920929,-0.002438843250274658,-0.001526719609856474,0.003389656473161473,0.0035353563587710466,0.6520229248493963,0.6432772991259343,0.6606498699218415,0.011934041976928711,0.02150261386487351,-0.021656066179275513,-0.02094139486543073,1549,-0.0969662070274353,-0.1272473023438243,0.0007555770255038213,-2.1729487180709883,0.4560588606889376,0.45607124719755243,0.5439287528024476,0.004272552,1.7090207,0.79202896,0.00011147857753335067,9.909206891853393e-05
7,All equity (ex-basket),25,85,80733,99,0.00028488969814078507,0.00013685601654454265,0.0004662478192902658,0.00043352780151858594,0.00021249222085962892,0.0007124301236884885,-21.591941118240353,-0.36591941118240356,0.00043352780151858594,0.000215032125061204,0.000709868910631464,0.800000011920929,-0.0018231868743896484,-0.0011541296789222162,0.003389656473161473,0.0035353563587710466,0.48818239674339353,0.48148885710452777,0.4950841826383586,0.008926987648010254,0.02150261386487351,-0.016216248273849487,-0.02094139486543073,1549,-0.07268941402435303,-0.1272473023438243,0.0008794421116519887,-1.797000169754026,0.4559969281458635,0.456034087671708,0.5439659123282921,0.0032082691,1.2833077,0.59488785,0.00012386508614816742,0.00011147857753335067
7,All equity (ex-basket),25,88,80733,99,0.00027250318952596833,0.00012571226514521922,0.00046592447175736656,0.00043352780151858594,0.00020939217899231305,0.000698949041689891,-17.27355170249939,-0.2927355170249939,0.00043352780151858594,0.00019888440863059318,0.0007049803986669386,0.800000011920929,-0.0014496445655822754,-0.0009193710374907164,0.003389656473161473,0.0035353563587710466,0.39037173597505775,0.38473302567071654,0.395727369693191,0.007134556770324707,0.02150261386487351,-0.01294773817062378,-0.02094139486543073,1549,-0.05815154314041138,-0.1272473023438243,0.0010528532322594231,-1.4375989437103276,0.4568020512058266,0.45683921073167105,0.5431607892683289,0.0025584395,1.0233759,0.47563526,0.00012386508614816742,0.00011147857753335067
7,All equity (ex-basket),25,90,80733,99,0.00022295715506670134,0.00010318644887937085,0.00036918856294173154,0.00043352780151858594,0.00020212525221068256,0.000718445246422696,-14.394625425338747,-0.24394625425338745,0.00043352780151858594,0.0002110903877454158,0.000695047280660676,0.800000011920929,-0.0011852383613586426,-0.0007598279796283904,0.003389656473161473,0.0035353563587710466,0.32527361253076825,0.3209004793855238,0.3295541381386006,0.005957245826721191,0.02150261386487351,-0.010784029960632324,-0.02094139486543073,1549,-0.04844105243682861,-0.1272473023438243,0.0014244484907039252,-1.1979961395263694,0.45760717426578973,0.4576814933174786,0.5423185066825214,0.0021243524,0.8497409,0.39607152,0.0001486381033778009,0.00011147857753335067
7,All equity (ex-basket),25,92,80733,99,0.00022295715506670134,9.989224549395123e-05,0.00036338584294629575,0.0004583008187482194,0.00021408631842081445,0.000774011124571163,-11.515699148178104,-0.195156991481781,0.0004583008187482194,0.00022700718843084828,0.0007666865343051919,0.800000011920929,-0.0009284615516662598,-0.0005981651166431785,0.003389656473161473,0.0035353563587710466,0.2603684439908825,0.25673734680131843,0.26421947246915206,0.004784345626831055,0.02150261386487351,-0.008618146181106567,-0.02094139486543073,1549,-0.038725078105926514,-0.1272473023438243,0.0018208167663780611,-0.9583992958068888,0.4586600274980491,0.45875911956696763,0.5412408804330323,0.0016901242,0.6760497,0.316476,0.00016102461199261764,0.00011147857753335067
7,All equity (ex-basket),25,94,80733,99,0.00019818413783706786,7.641148497147832e-05,0.0003366172214186731,0.0004583008187482194,0.00021585656002707991,0.000751527808746288,-8.63677287101745,-0.14636772871017456,0.0004583008187482194,0.00021595788244906195,0.0007737526369813345,0.800000011920929,-0.0006625652313232422,-0.00043863890589899664,0.003389656473161473,0.0035353563587710466,0.19549895468553596,0.1927956167299914,0.19836975774203022,0.0036257505416870117,0.02150261386487351,-0.006454825401306152,-0.02094139486543073,1549,-0.029043853282928467,-0.1272473023438243,0.003146173188163452,-0.8123221397399849,0.46087721254010133,0.46096391810040505,0.539036081899595,0.0012569913,0.50279653,0.23698072,0.00024773017229633485,0.00011147857753335067
7,All equity (ex-basket),25,95,80733,99,0.00017341112060743438,6.755327797639304e-05,0.000301000996808462,0.0004583008187482194,0.00021281638471526955,0.000745946776849305,-7.197315692901607,-0.12197315692901611,0.0004583008187482194,0.00020539571332352398,0.0007504707612259437,0.800000011920929,-0.0005341768264770508,-0.0003616337108294299,0.003389656473161473,0.0035353563587710466,0.16295386971110165,0.16073441545210018,0.16541090220678256,0.0030390024185180664,0.02150261386487351,-0.005369752645492554,-0.02094139486543073,1549,-0.024210214614868164,-0.1272473023438243,0.004570621678867378,-0.6634664535522417,0.4626237102547905,0.46274757534093863,0.5372524246590613,0.0010415579,0.41662312,0.19730847,0.00034682224121486877,0.00012386508614816742
7,All equity (ex-basket),25,96,80733,99,0.00012386508614816742,5.227574252599674e-05,0.0002147264835614752,0.0004583008187482194,0.000197918069902277,0.0007662632943667286,-5.7578525543212855,-0.09757852554321289,0.0004583008187482194,0.00022096524252790251,0.0007679992616915259,0.800000011920929,-0.00040912628173828125,-0.0002860953793271664,0.003389656473161473,0.0035353563587710466,0.13048772661796335,0.12871325929233976,0.1324202575813664,0.0024633407592773438,0.02150261386487351,-0.004298120737075806,-0.02094139486543073,1549,-0.019367635250091553,-0.1272473023438243,0.00878203460790507,-0.5419335365295375,0.46490282783991677,0.46510101197775383,0.5348989880222462,0.00082737475,0.33094987,0.15774794,0.0005450063790519367,0.0001486381033778009
7,All equity (ex-basket),25,98,80733,99,7.431905168890045e-05,1.3358938109617895e-05,0.00014466461344759312,0.0004459143101334027,0.00021680293538478866,0.0007418383166336872,-2.8789262771606428,-0.048789262771606445,0.0004459143101334027,0.00018749231712352258,0.0007608319471338088,0.800000011920929,-0.000164031982421875,-0.00013590687817011536,0.003389656473161473,0.0035353563587710466,0.06585717890438796,0.06503943302657011,0.06671613038493054,0.0012772083282470703,0.02150261386487351,-0.0021266937255859375,-0.02094139486543073,1549,-0.009803235530853271,-0.1272473023438243,0.5286190281545341,-0.26817727088928045,0.47125710675931776,0.4715667694746882,0.5284332305253119,0.0004057793,0.16231172,0.07906749,0.006069389221260203,0.00027250318952596833
7,Index/ETF,6,50,30533,99,0.0,0.0,0.0,0.0,0.0,0.0,10.5116605758667,-0.394883394241333,0.0,0.0,0.0,,0.0023218393325805664,0.0008917242416454549,0.0035256493070807693,0.002094442688877568,0.9420252807147439,0.9373651444528244,0.9464583438169876,0.014518380165100098,0.01573690853403842,-0.016786128282546997,-0.015605187973901091,217,-0.12468117475509644,-0.12362983171650466,0.0,,0.5427897684472538,0.5427897684472538,0.4572102315527462,0.0012008956,2.0014927,0.99999446,0.0,0.0
7,Index/ETF,6,55,30533,99,0.0,0.0,0.0,0.0,0.0,0.0,4.138530492782588,-0.4086146950721741,0.0,0.0,0.0,,0.0023218393325805664,0.0008911770045165795,0.0035256493070807693,0.002094442688877568,0.9420252807147439,0.9370297174596731,0.9460935711483792,0.014518380165100098,0.01573690853403842,-0.016786128282546997,-0.015605187973901091,217,-0.12468117475509644,-0.12362983171650466,0.0,,0.5427897684472538,0.5427897684472538,0.4572102315527462,0.0012008953,2.001492,0.9999894,0.0,0.0
7,Index/ETF,6,60,30533,99,3.2751449251629386e-05,0.0,0.00010576720809028715,3.2751449251629386e-05,0.0,0.00011514613879837397,-1.760677099227903,-0.41760677099227905,3.2751449251629386e-05,0.0,0.00011825638061419857,0.800000011920929,0.0023218393325805664,0.0008869731621062436,0.0035256493070807693,0.002094442688877568,0.9420252807147439,0.9373050531403528,0.9464247187275623,0.014518380165100098,0.01573690853403842,-0.016786128282546997,-0.015605187973901091,217,-0.12468117475509644,-0.12362983171650466,3.2751449251629386e-05,-1.760677099227903,0.5427897684472538,0.5427897684472538,0.4572102315527462,0.0012009095,2.001516,0.99996406,0.0,0.0
7,Index/ETF,6,65,30533,99,3.2751449251629386e-05,0.0,0.00010368900372359313,3.2751449251629386e-05,0.0,0.00011003591773427372,-6.760677099227907,-0.41760677099227905,3.2751449251629386e-05,0.0,0.0001153130302156236,0.800000011920929,0.0023218393325805664,0.0008786041062021804,0.0035256493070807693,0.002094442688877568,0.9420121477859981,0.936876841311731,0.946022921132603,0.014518380165100098,0.01573690853403842,-0.016786128282546997,-0.015605187973901091,217,-0.12583178281784058,-0.12362983171650466,3.2751449251629386e-05,-6.760677099227907,0.5427897684472538,0.5427897684472538,0.4572102315527462,0.0012009586,2.001598,0.9998546,0.0,0.0
7,Index/ETF,6,70,30533,99,3.2751449251629386e-05,0.0,0.00011029949130658008,3.2751449251629386e-05,0.0,0.00012491424102390966,-5.838955640792842,-0.35838955640792847,3.2751449251629386e-05,0.0,0.00010752498205954958,0.800000011920929,0.0023136138916015625,0.0008510490661325993,0.0035256493070807693,0.002094442688877568,0.9413362817489231,0.9366922908184672,0.9453733455234185,0.01451122760772705,0.01573690853403842,-0.016806721687316895,-0.015605187973901091,217,-0.12593156099319458,-0.12362983171650466,3.2751449251629386e-05,-5.838955640792842,0.5424295025054858,0.5424295025054858,0.4575704974945141,0.0012015415,2.0025694,0.99897075,0.0,0.0
7,Index/ETF,6,75,30533,99,3.2751449251629386e-05,0.0,0.00010914195186941635,3.2751449251629386e-05,0.0,0.00011092695409878896,-4.359942674636841,-0.2935994267463684,3.2751449251629386e-05,0.0,0.00010953668538752941,0.800000011920929,0.0018788576126098633,0.0007686445759347939,0.0035256493070807693,0.002094442688877568,0.9224725532225263,0.9181917271455037,0.9260302822131896,0.014173388481140137,0.01573690853403842,-0.017222493886947632,-0.015605187973901091,217,-0.11351245641708374,-0.12362983171650466,3.2751449251629386e-05,-4.359942674636841,0.5352241836701274,0.535256935119379,0.46474306488062095,0.0012137503,2.0229175,0.97567236,0.0,0.0
7,Index/ETF,6,80,30533,99,3.2751449251629386e-05,0.0,0.00011005995126251087,3.2751449251629386e-05,0.0,0.00011415407583619669,-3.4879553318023726,-0.23487955331802368,3.2751449251629386e-05,0.0,0.00010963548681374673,0.800000011920929,0.0012583732604980469,0.0005940794007736704,0.0035256493070807693,0.002094442688877568,0.7442285436479129,0.7386684018936344,0.7486073319633297,0.01113748550415039,0.01573690853403842,-0.013998031616210938,-0.015605187973901091,217,-0.09122490882873535,-0.12362983171650466,3.2751449251629386e-05,-3.4879553318023726,0.5305734778763961,0.5306389807748992,0.4693610192251007,0.0010063809,1.6773015,0.7974861,0.0,0.0
7,Index/ETF,6,85,30533,99,3.2751449251629386e-05,0.0,0.0001082847591586281,3.2751449251629386e-05,0.0,0.00011245322061883451,-2.6140010356903054,-0.17614001035690308,3.2751449251629386e-05,0.0,0.00011156984129555723,0.800000011920929,0.000954747200012207,0.0004366279581498667,0.0035256493070807693,0.002094442688877568,0.5568593203687437,0.5531651221126002,0.55995948656881,0.008330702781677246,0.01573690853403842,-0.010492175817489624,-0.015605187973901091,217,-0.06841868162155151,-0.12362983171650466,6.550289850325877e-05,-2.6140010356903054,0.5309009923689123,0.5309664952674156,0.4690335047325844,0.0007525338,1.2542229,0.5977394,0.0,0.0
7,Index/ETF,6,88,30533,99,3.2751449251629386e-05,0.0,0.00010518502411675662,3.2751449251629386e-05,0.0,0.00011401474934855884,-2.091199636459351,-0.1409119963645935,3.2751449251629386e-05,0.0,0.0001078012363344803,0.800000011920929,0.0007752180099487305,0.0003475395175213077,0.0035256493070807693,0.002094442688877568,0.4449822634512576,0.44178646454256143,0.4475092054035292,0.006658434867858887,0.01573690853403842,-0.008387595415115356,-0.015605187973901091,217,-0.05473494529724121,-0.12362983171650466,6.550289850325877e-05,-2.091199636459351,0.5311302525136737,0.5312285068614286,0.46877149313857136,0.00059955503,0.9992584,0.47761932,0.0,0.0
7,Index/ETF,6,90,30533,99,3.2751449251629386e-05,0.0,0.00010985459846059858,3.2751449251629386e-05,0.0,0.0001079299115694812,-1.742663383483889,-0.11742663383483887,3.2751449251629386e-05,0.0,0.00010773375935782177,0.800000011920929,0.000651240348815918,0.0002898279258685049,0.0035256493070807693,0.002094442688877568,0.3705109804322951,0.3679174535585973,0.3726956667332305,0.005552172660827637,0.01573690853403842,-0.006982386112213135,-0.015605187973901091,217,-0.04566085338592529,-0.12362983171650466,0.00013100579700651754,-1.742663383483889,0.5314250155569384,0.5315887728031965,0.46841122719680345,0.00049767253,0.8294541,0.39757457,0.0,0.0
7,Index/ETF,6,92,30533,99,3.2751449251629386e-05,0.0,0.00010360511647503926,3.2751449251629386e-05,0.0,0.00010904131481571701,-1.3941330909729044,-0.093941330909729,3.2751449251629386e-05,0.0,0.00010548396976157837,0.800000011920929,0.0005474090576171875,0.00023202601852806795,0.0035256493070807693,0.002094442688877568,0.29610423986192214,0.29424660585297346,0.2978536546086506,0.004452228546142578,0.01573690853403842,-0.005581110715866089,-0.015605187973901091,217,-0.03652864694595337,-0.12362983171650466,0.00019650869550977631,-1.3941330909729044,0.5321782988897259,0.5322110503389775,0.4677889496610225,0.00039592522,0.65987545,0.31755683,0.0,0.0
7,Index/ETF,6,94,30533,99,3.2751449251629386e-05,0.0,0.00011656693257595423,3.2751449251629386e-05,0.0,0.00011563788765867156,-1.0455968379974312,-0.07045596837997437,3.2751449251629386e-05,0.0,0.00011043413612442944,0.800000011920929,0.00043785572052001953,0.00017465199847298366,0.0035256493070807693,0.002094442688877568,0.22200642817187527,0.22045519318815177,0.22328841901809054,0.0033506155014038086,0.01573690853403842,-0.004174858331680298,-0.015605187973901091,217,-0.02728426456451416,-0.12362983171650466,0.0005567746372776996,-1.0455968379974312,0.5339141257000622,0.5340451314970688,0.4659548685029313,0.00029476083,0.49126807,0.23776558,0.0,0.0
7,Index/ETF,6,95,30533,99,0.0,0.0,0.0,3.2751449251629386e-05,0.0,0.00011257996742555918,-0.8353781700134233,-0.05835378170013428,3.2751449251629386e-05,0.0,0.00010823712140721955,0.800000011920929,0.0003751516342163086,0.00014553074011679142,0.0035256493070807693,0.002094442688877568,0.1850346280827864,0.18392588698782783,0.18599632533481872,0.002808213233947754,0.01573690853403842,-0.003474414348602295,-0.015605187973901091,217,-0.0228998064994812,-0.12362983171650466,0.0010807978253037696,-0.8353781700134233,0.5347656633806046,0.5349621720761144,0.46503782792388565,0.00024454185,0.4075698,0.19801728,0.0,0.0
7,Index/ETF,6,96,30533,99,0.0,0.0,0.0,3.2751449251629386e-05,0.0,0.00010750570098181567,-0.6683013439178431,-0.04668301343917847,3.2751449251629386e-05,0.0,0.00011148143265027513,0.800000011920929,0.0003134012222290039,0.00011671156152827605,0.0035256493070807693,0.002094442688877568,0.1481153351207067,0.14717189658185037,0.14881122814841888,0.0022677183151245117,0.01573690853403842,-0.0027872323989868164,-0.015605187973901091,217,-0.01818948984146118,-0.12362983171650466,0.0022598499983624274,-0.6683013439178431,0.5360429699014181,0.5363377329446828,0.4636622670553172,0.00019461958,0.324366,0.15838204,0.0,0.0
7,Index/ETF,6,98,30533,99,0.0,0.0,0.0,3.2751449251629386e-05,0.0,0.00010965190558756687,-0.33415365219116033,-0.02334153652191162,3.2751449251629386e-05,0.0,0.00010606803519439703,0.800000011920929,0.00017523765563964844,6.154599575657039e-05,0.0035256493070807693,0.002094442688877568,0.07453735336426491,0.07420067047474527,0.07485634859104033,0.0011515617370605469,0.01573690853403842,-0.0013636350631713867,-0.015605187973901091,217,-0.009171903133392334,-0.12362983171650466,0.46002685618838635,-0.33415365219116033,0.5395146235220909,0.5402351554056267,0.4597648445943733,9.6381715e-05,0.1606362,0.079508096,0.0013755608685684343,0.0
7,Index/ETF,25,50,30533,99,0.0,0.0,0.0,0.0,0.0,0.0,10.255742073059082,-0.3974425792694092,0.0,0.0,0.0,,-0.0014857053756713867,-0.0029103388031384916,0.0035256493070807693,0.002094442688877568,0.7586681160244394,0.7379702002743855,0.7745907607205251,0.010664582252502441,0.01573690853403842,-0.02052101492881775,-0.015605187973901091,217,-0.1280062198638916,-0.12362983171650466,0.0,,0.47243965545475386,0.4725051583532571,0.5274948416467429,0.0049989712,1.9995887,0.9999944,0.0,0.0
7,Index/ETF,25,55,30533,99,0.0,0.0,0.0,0.0,0.0,0.0,3.8852167129516557,-0.4111478328704834,0.0,0.0,0.0,,-0.0014857053756713867,-0.002910912956352985,0.0035256493070807693,0.002094442688877568,0.7586681160244394,0.7395745879526144,0.7757482610811232,0.010664582252502441,0.01573690853403842,-0.02052101492881775,-0.015605187973901091,217,-0.1280062198638916,-0.12362983171650466,0.0,,0.47243965545475386,0.4725051583532571,0.5274948416467429,0.00499897,1.999588,0.9999892,0.0,0.0
7,Index/ETF,25,60,30533,99,3.2751449251629386e-05,0.0,0.00011109125887372267,3.2751449251629386e-05,0.0,0.00011596866353122438,-1.9819116592407204,-0.4198191165924072,3.2751449251629386e-05,0.0,0.0001161189981478123,0.800000011920929,-0.0014857053756713867,-0.0029152587036150555,0.0035256493070807693,0.002094442688877568,0.7586681160244394,0.7367945997664807,0.7762712084071818,0.010664582252502441,0.01573690853403842,-0.02052101492881775,-0.015605187973901091,217,-0.1280062198638916,-0.12362983171650466,3.2751449251629386e-05,-1.9819116592407204,0.47243965545475386,0.4725051583532571,0.5274948416467429,0.004999031,1.9996123,0.99996316,0.0,0.0
7,Index/ETF,25,65,30533,99,3.2751449251629386e-05,0.0,0.0001041763565438509,3.2751449251629386e-05,0.0,0.00011080606307323764,-6.981911659240724,-0.4198191165924072,3.2751449251629386e-05,0.0,0.00010557574644009073,0.800000011920929,-0.0014857053756713867,-0.0029239616083887206,0.0035256493070807693,0.002094442688877568,0.7586531629299281,0.7367817976860443,0.7756279253976162,0.010664582252502441,0.01573690853403842,-0.02052101492881775,-0.015605187973901091,217,-0.12915241718292236,-0.12362983171650466,3.2751449251629386e-05,-6.981911659240724,0.47243965545475386,0.4725051583532571,0.5274948416467429,0.004999239,1.9996958,0.9998479,0.0,0.0
7,Index/ETF,25,70,30533,99,3.2751449251629386e-05,0.0,0.00010615320106903069,3.2751449251629386e-05,0.0,0.00010825196064231903,-5.905706882476802,-0.35905706882476807,3.2751449251629386e-05,0.0,0.00010821495907206233,0.800000011920929,-0.0014938116073608398,-0.0029546487629286715,0.0035256493070807693,0.002094442688877568,0.7579071218311485,0.737615000844266,0.7768641236456978,0.010657429695129395,0.01573690853403842,-0.02054429054260254,-0.015605187973901091,217,-0.12914931774139404,-0.12362983171650466,3.2751449251629386e-05,-5.905706882476802,0.47217764386074085,0.4722431467592441,0.5277568532407559,0.00500182,2.0007281,0.99890536,0.0,0.0
7,Index/ETF,25,75,30533,99,3.2751449251629386e-05,0.0,0.0001165738416192136,3.2751449251629386e-05,0.0,0.00011022915088582765,-4.4473230838775635,-0.29447323083877563,3.2751449251629386e-05,0.0,0.0001050317268210032,0.800000011920929,-0.0020380020141601562,-0.0030822831132849,0.0035256493070807693,0.002094442688877568,0.7344486497243974,0.7163401159121494,0.7499867875762625,0.010205984115600586,0.01573690853403842,-0.021007001399993896,-0.015605187973901091,217,-0.11624002456665039,-0.12362983171650466,3.2751449251629386e-05,-4.4473230838775635,0.46215570038974224,0.4621884518389939,0.5378115481610061,0.005057966,2.0231864,0.9725397,0.0,0.0
7,Index/ETF,25,80,30533,99,3.2751449251629386e-05,0.0,0.00011640336172973726,3.2751449251629386e-05,0.0,0.00010388954443623087,-3.5578596591949507,-0.23557859659194946,3.2751449251629386e-05,0.0,0.00010654831947629212,0.800000011920929,-0.0018862485885620117,-0.0025880476222248944,0.0035256493070807693,0.002094442688877568,0.5848403036363883,0.5706460216113488,0.5985284154687656,0.007886648178100586,0.01573690853403842,-0.016970723867416382,-0.015605187973901091,217,-0.09336674213409424,-0.12362983171650466,3.2751449251629386e-05,-3.5578596591949507,0.4551468902498936,0.4551796416991452,0.5448203583008548,0.0041776374,1.6710551,0.7926178,0.0,0.0
7,Index/ETF,25,85,30533,99,3.2751449251629386e-05,0.0,0.00010827103020860586,3.2751449251629386e-05,0.0,0.00010590369916883683,-2.668396234512327,-0.1766839623451233,3.2751449251629386e-05,0.0,0.00011896624873738365,0.800000011920929,-0.0014005303382873535,-0.0019416864698457072,0.0035256493070807693,0.002094442688877568,0.4377822146855131,0.4270026596633759,0.4470967285960266,0.005904793739318848,0.01573690853403842,-0.012725234031677246,-0.015605187973901091,217,-0.07002502679824829,-0.12362983171650466,6.550289850325877e-05,-2.668396234512327,0.4555071561916615,0.4556054105394164,0.5443945894605836,0.0031235586,1.2494233,0.59392834,0.0,0.0
7,Index/ETF,25,88,30533,99,3.2751449251629386e-05,0.0,0.00010405304411780034,3.2751449251629386e-05,0.0,0.00010854788344509003,-2.1321957111358647,-0.14132195711135864,3.2751449251629386e-05,0.0,0.00010911037094522124,0.800000011920929,-0.00109940767288208,-0.0015465942152366454,0.0035256493070807693,0.002094442688877568,0.3503261312038691,0.34179553555865166,0.3578082624722505,0.004747867584228516,0.01573690853403842,-0.010173231363296509,-0.015605187973901091,217,-0.05602002143859863,-0.12362983171650466,6.550289850325877e-05,-2.1321957111358647,0.4565879540169652,0.4566534569154685,0.5433465430845315,0.0024888902,0.9955562,0.47459128,0.0,0.0
7,Index/ETF,25,90,30533,99,3.2751449251629386e-05,0.0,0.00010966976618474474,3.2751449251629386e-05,0.0,0.00011415113902717443,-1.7768287658691428,-0.1177682876586914,3.2751449251629386e-05,0.0,0.00010794119144568297,0.800000011920929,-0.0008944869041442871,-0.0012828367320138721,0.0035256493070807693,0.002094442688877568,0.2920224840376501,0.28470525407881936,0.2983394664032519,0.0039719343185424805,0.01573690853403842,-0.008471518754959106,-0.015605187973901091,217,-0.04668337106704712,-0.12362983171650466,0.00016375724625814693,-1.7768287658691428,0.457406740248256,0.4574722431467592,0.5425277568532407,0.0020662348,0.82649386,0.39509007,0.0,0.0
7,Index/ETF,25,92,30533,99,3.2751449251629386e-05,0.0,0.0001170741990524215,3.2751449251629386e-05,0.0,0.0001130468475616748,-1.421461820602421,-0.09421461820602417,3.2751449251629386e-05,0.0,0.00011440788495258371,0.800000011920929,-0.0006898045539855957,-0.001019792019456095,0.0035256493070807693,0.002094442688877568,0.23388587478196843,0.2285652134689685,0.23918113384051337,0.003189682960510254,0.01573690853403842,-0.00677075982093811,-0.015605187973901091,217,-0.03732907772064209,-0.12362983171650466,0.00019650869550977631,-1.421461820602421,0.45904431271083745,0.4592080699570956,0.5407919300429044,0.0016445942,0.6578377,0.3156953,0.0,0.0
7,Index/ETF,25,94,30533,99,3.2751449251629386e-05,0.0,0.000104091904104728,3.2751449251629386e-05,0.0,0.00010832830984854192,-1.066094875335688,-0.07066094875335693,3.2751449251629386e-05,0.0,0.00010244154646833536,0.800000011920929,-0.0004898309707641602,-0.0007572793602939516,0.0035256493070807693,0.002094442688877568,0.17593883356144532,0.17206300192665605,0.17954337028299683,0.002415299415588379,0.01573690853403842,-0.0050637125968933105,-0.015605187973901091,217,-0.027974247932434082,-0.12362983171650466,0.0005567746372776996,-1.066094875335688,0.4616644286509678,0.4617626829987227,0.5382373170012773,0.0012247732,0.4899093,0.23650852,0.0,0.0
7,Index/ETF,25,95,30533,99,0.0,0.0,0.0,3.2751449251629386e-05,0.0,0.000106503781736183,-0.8884143829345659,-0.0588841438293457,3.2751449251629386e-05,0.0,0.00011238134084253353,0.800000011920929,-0.0003960728645324707,-0.0006277081000716274,0.0035256493070807693,0.002094442688877568,0.14689321412638257,0.14358725320106985,0.1498824763544004,0.0020253658294677734,0.01573690853403842,-0.004219770431518555,-0.015605187973901091,217,-0.023277103900909424,-0.12362983171650466,0.0011135492745553992,-0.8884143829345659,0.46313824386729113,0.4633347525628009,0.5366652474371991,0.0010164642,0.4065857,0.19704743,0.0,0.0
7,Index/ETF,25,96,30533,99,0.0,0.0,0.0,3.2751449251629386e-05,0.0,0.00010770063977629808,-0.6810090541839564,-0.0468100905418396,3.2751449251629386e-05,0.0,0.00010996261271167803,0.800000011920929,-0.0003020763397216797,-0.0004989328008964137,0.0035256493070807693,0.002094442688877568,0.11789598611929818,0.11514725073067013,0.12029752109292353,0.0016438961029052734,0.01573690853403842,-0.003380328416824341,-0.015605187973901091,217,-0.018649518489837646,-0.12362983171650466,0.002554613041627092,-0.6810090541839564,0.46493957357613075,0.4652343366193954,0.5347656633806046,0.0008093426,0.32373708,0.15770647,0.0,0.0
7,Index/ETF,25,98,30533,99,0.0,0.0,0.0,3.2751449251629386e-05,0.0,0.00010764088599222565,-0.34050154685973943,-0.023405015468597412,3.2751449251629386e-05,0.0,0.00011342072294940323,0.800000011920929,-0.00012969970703125,-0.00024379307602241554,0.0035256493070807693,0.002094442688877568,0.05973354768854553,0.058443686101112155,0.06100464615309178,0.0008425712585449219,0.01573690853403842,-0.001664280891418457,-0.015605187973901091,217,-0.009408771991729736,-0.12362983171650466,0.5302459633838797,-0.34050154685973943,0.46959027936986214,0.47008155110863653,0.5299184488913634,0.00040114016,0.16045606,0.07929444,0.0014738152163233224,0.0
7,Single stock,6,50,50200,65,5.976095617529881e-05,0.0,0.0001333410157846978,5.976095617529881e-05,0.0,0.00013287299926133882,-10.837802290916443,-0.6083780229091644,5.976095617529881e-05,0.0,0.00012841132424229278,0.800000011920929,0.0020357370376586914,0.0032033672352948512,0.003239285809287007,0.004411759089505261,0.9685241325930857,0.9662395101065279,0.9704927566994942,0.026258885860443115,0.027491496819039507,-0.02645587921142578,-0.025286567418460026,1332,-0.12934476137161255,-0.12829905145732934,9.960159362549801e-05,-2.170109748840332,0.5212948207171315,0.5213147410358566,0.47868525896414343,0.001202286,2.0038102,0.999916,1.9920318725099602e-05,1.9920318725099602e-05
7,Single stock,6,55,50200,65,5.976095617529881e-05,0.0,0.00012347724692380864,9.960159362549801e-05,0.0,0.00025065798484388943,-15.837802290916446,-0.6083780229091644,9.960159362549801e-05,0.0,0.0002554900411362927,0.800000011920929,0.0020357370376586914,0.0032050189512421883,0.003239285809287007,0.004411759089505261,0.9685158158738343,0.9663932006388262,0.9707196217322418,0.026258885860443115,0.027491496819039507,-0.02645587921142578,-0.025286567418460026,1332,-0.12949040532112122,-0.12829905145732934,0.00015936254980079682,-1.9970345497131392,0.5212948207171315,0.5213147410358566,0.47868525896414343,0.0012023064,2.003844,0.9998189,1.9920318725099602e-05,1.9920318725099602e-05
7,Single stock,6,60,50200,65,9.960159362549801e-05,1.9050313395325105e-05,0.0002106807160885493,0.00013944223107569722,2.079790919584685e-05,0.0002834144081297019,-20.83780229091644,-0.6083780229091644,0.00013944223107569722,2.0891960529904855e-05,0.0002858890322888367,0.800000011920929,0.0020357370376586914,0.0032038703364917482,0.003239285809287007,0.004411759089505261,0.9684373578838983,0.9664436675138766,0.9705431984959004,0.02625584602355957,0.027491496819039507,-0.02645587921142578,-0.025286567418460026,1332,-0.12949040532112122,-0.12829905145732934,0.00027888446215139443,-4.1508889198303205,0.5212749003984064,0.5212948207171315,0.47870517928286854,0.0012023938,2.0039895,0.99957997,1.9920318725099602e-05,1.9920318725099602e-05
7,Single stock,6,65,50200,65,0.00019920318725099602,5.7356155739706394e-05,0.00037506230068165975,0.0002589641434262948,7.527386421925043e-05,0.0004641271827444747,-25.837802290916446,-0.6083780229091644,0.0002589641434262948,7.915263774885385e-05,0.00051078302586507,0.800000011920929,0.0020275115966796875,0.0031866577724774044,0.003239285809287007,0.004411759089505261,0.9679434756680336,0.9658986594426612,0.9698128867168594,0.026254475116729736,0.027491496819039507,-0.026460319757461548,-0.025286567418460026,1332,-0.13049152493476868,-0.12829905145732934,0.0004183266932270916,-3.162404298782351,0.5211553784860558,0.5211752988047809,0.47882470119521914,0.0012026456,2.0044093,0.99886143,1.9920318725099602e-05,1.9920318725099602e-05
7,Single stock,6,70,50200,65,0.0002589641434262948,5.9423497785523e-05,0.0005058013314533221,0.0004183266932270916,0.00013872425146044468,0.0008489353962228497,-30.83780229091644,-0.6083780229091644,0.0004183266932270916,0.00014359907752487268,0.0007945621216076774,0.800000011920929,0.001991748809814453,0.003132393244965618,0.003239285809287007,0.004411759089505261,0.9658014876354905,0.9639171970428189,0.9674938117456184,0.026225030422210693,0.027491496819039507,-0.026540279388427734,-0.025286567418460026,1332,-0.1301194727420807,-0.12829905145732934,0.0006175298804780877,-2.2387993335723833,0.5206573705179283,0.5206772908366534,0.4793227091633466,0.001204408,2.0073466,0.9953698,5.976095617529881e-05,3.9840637450199205e-05
7,Single stock,6,75,50200,65,0.00043824701195219125,0.00021616321181912285,0.000707610636540465,0.0005776892430278884,0.00026587157685746717,0.0009623861104746796,-35.83780229091644,-0.6083780229091644,0.0005776892430278884,0.0002664001201749462,0.0009647273408103187,0.800000011920929,0.000973045825958252,0.0029668575080029993,0.003239285809287007,0.004411759089505261,0.9400332319580621,0.9365278728332481,0.9429497989078288,0.025413691997528076,0.027491496819039507,-0.027151554822921753,-0.025286567418460026,1332,-0.11816555261611938,-0.12829905145732934,0.0010159362549800796,-2.720433473587036,0.5106573705179283,0.5107171314741036,0.4892828685258964,0.0012247443,2.0412405,0.95963085,0.00017928286852589642,0.00013944223107569722
7,Single stock,6,80,50200,65,0.00043824701195219125,0.00020678346964744945,0.0007076406422127026,0.0006175298804780877,0.00028799839099633224,0.0010065102481543646,-28.67024421691895,-0.48670244216918945,0.0006175298804780877,0.0002991214353714333,0.001003870111900125,0.800000011920929,0.00014865398406982422,0.002428612278039712,0.003239285809287007,0.004411759089505261,0.7677316957667885,0.763106363230375,0.7718194247441897,0.019683003425598145,0.027491496819039507,-0.02222493290901184,-0.025286567418460026,1332,-0.09530889987945557,-0.12829905145732934,0.0010956175298804782,-2.176343202590947,0.5021713147410358,0.5022310756972111,0.49776892430278885,0.0010433164,1.7388606,0.7966682,0.00017928286852589642,0.00013944223107569722
7,Single stock,6,85,50200,65,0.00043824701195219125,0.00020892934128839704,0.0006868803809026872,0.0006374501992031873,0.0003032204232751284,0.0010705389752854108,-21.502683162689205,-0.3650268316268921,0.0006374501992031873,0.0002962219387905847,0.001067934407703359,0.800000011920929,0.00010877847671508789,0.0018168553591249473,0.003239285809287007,0.004411759089505261,0.5756166199612959,0.5713971775436214,0.5792521963787292,0.014705181121826172,0.027491496819039507,-0.016643434762954712,-0.025286567418460026,1332,-0.07143005728721619,-0.12829905145732934,0.0013745019920318724,-1.7942166328430154,0.5020119521912351,0.5020119521912351,0.49798804780876493,0.00078571454,1.3095243,0.59957755,0.00019920318725099602,0.00017928286852589642
7,Single stock,6,88,50200,65,0.0004183266932270916,0.0002082377539563507,0.0006806066923873884,0.0006374501992031873,0.00028023217906192365,0.001115988795720735,-17.20214533805847,-0.2920214533805847,0.0006374501992031873,0.00030029343436925024,0.0010550474082114216,0.800000011920929,0.00011199712753295898,0.0014507858449244403,0.003239285809287007,0.004411759089505261,0.4600863826811601,0.4564202124884626,0.4636907467384406,0.01173478364944458,0.027491496819039507,-0.01330864429473877,-0.025286567418460026,1332,-0.05712214112281799,-0.12829905145732934,0.0015936254980079682,-1.4353727102279668,0.5023306772908367,0.5023306772908367,0.49766932270916336,0.0006268015,1.0446692,0.4796394,0.00019920318725099602,0.00017928286852589642
7,Single stock,6,90,50200,65,0.0003386454183266932,0.00015711904898778212,0.0005526918508035072,0.0006573705179282868,0.0002982618951225863,0.0011708838477102839,-14.335122108459474,-0.24335122108459473,0.0006573705179282868,0.0003097010488849015,0.0011272657200854682,0.800000011920929,8.946657180786133e-05,0.0012097868655782298,0.003239285809287007,0.004411759089505261,0.383136683128968,0.3800264171925565,0.38620390897250423,0.009769260883331299,0.027491496819039507,-0.011082470417022705,-0.025286567418460026,1332,-0.04760855436325073,-0.12829905145732934,0.0020318725099601593,-1.0881745815277122,0.5023306772908367,0.5023705179282868,0.49762948207171315,0.00052045163,0.8674193,0.39947632,0.00023904382470119523,0.00017928286852589642
7,Single stock,6,92,50200,65,0.0003386454183266932,0.00015760052382629778,0.0005571713008703877,0.0006772908366533864,0.0003065556098774199,0.0012215884599461107,-11.468098878860477,-0.19468098878860474,0.0006772908366533864,0.0003155446471119253,0.0011740101164864501,0.800000011920929,9.584426879882812e-05,0.0009696271766229455,0.003239285809287007,0.004411759089505261,0.3062850880355291,0.3036905072010328,0.30914020107337964,0.007811427116394043,0.027491496819039507,-0.008843332529067993,-0.025286567418460026,1332,-0.03808972239494324,-0.12829905145732934,0.0026095617529880476,-0.9489907026290934,0.5033466135458168,0.5034661354581673,0.4965338645418327,0.0004139942,0.68999034,0.31920764,0.0002589641434262948,0.00017928286852589642
7,Single stock,6,94,50200,65,0.000298804780876494,0.00012352862418940906,0.0004974263719719213,0.0006772908366533864,0.0003103122389811654,0.0011254771594223511,-8.601069688796992,-0.14601069688796997,0.0006772908366533864,0.00029988907954864395,0.001144005524652249,0.800000011920929,0.00010842084884643555,0.0007305550385281384,0.003239285809287007,0.004411759089505261,0.22947256349006312,0.227404976806694,0.23182570911554648,0.0058443546295166016,0.027491496819039507,-0.006619453430175781,-0.025286567418460026,1332,-0.028577417135238647,-0.12829905145732934,0.004462151394422311,-0.7207455635070747,0.5048406374501992,0.5050398406374502,0.4949601593625498,0.00030757103,0.51261836,0.2388885,0.00035856573705179284,0.00017928286852589642
7,Single stock,6,95,50200,65,0.0002589641434262948,8.948540576181496e-05,0.00043107173237685756,0.0006573705179282868,0.00029291627952240506,0.001107828956033473,-7.167561054229732,-0.12167561054229736,0.0006573705179282868,0.00028754753342674947,0.0011147777244990746,0.800000011920929,0.00010406970977783203,0.0006071504772421848,0.003239285809287007,0.004411759089505261,0.19094435804164864,0.1891633186859974,0.19306060618605042,0.00488436222076416,0.027491496819039507,-0.005511581897735596,-0.025286567418460026,1332,-0.023778915405273438,-0.12829905145732934,0.006354581673306773,-0.6431949138641313,0.5054382470119522,0.5056374501992031,0.4943625498007968,0.00025457554,0.4242926,0.198769,0.0005378486055776893,0.00017928286852589642
7,Single stock,6,96,50200,65,0.00019920318725099602,7.908188100195929e-05,0.0003439473427599903,0.0006573705179282868,0.0002754575332956209,0.00115067423280715,-5.7340464591979945,-0.09734046459197998,0.0006573705179282868,0.0002965242066753923,0.0010958705232183322,0.800000011920929,0.00010979175567626953,0.0004842424214598667,0.003239285809287007,0.004411759089505261,0.15252226183928966,0.15120375644363926,0.154054669496863,0.003941237926483154,0.027491496819039507,-0.004414886236190796,-0.025286567418460026,1332,-0.019032716751098633,-0.12829905145732934,0.011474103585657371,-0.5725107192993129,0.5073705179282868,0.507589641434263,0.49241035856573706,0.000201858,0.33642998,0.15872714,0.0008764940239043825,0.00021912350597609563
7,Single stock,6,98,50200,65,0.00013944223107569722,4.1827594052797735e-05,0.000249205694781991,0.0006772908366533864,0.0002883772860418951,0.0011266618296337278,-2.8670232295989972,-0.04867023229598999,0.0006772908366533864,0.0002867791193960759,0.001144933510529784,0.800000011920929,0.00010609626770019531,0.00024104647071238058,0.003239285809287007,0.004411759089505261,0.07632487211585058,0.07571664052028153,0.07699158227637357,0.0020348429679870605,0.027491496819039507,-0.0021938979625701904,-0.025286567418460026,1332,-0.009627819061279297,-0.12829905145732934,0.4859561752988048,-0.25320160388946356,0.5138446215139443,0.5141434262948207,0.48585657370517926,9.8270706e-05,0.1637845,0.07925207,0.008247011952191236,0.0004183266932270916
7,Single stock,25,50,50200,65,5.976095617529881e-05,0.0,0.00013234365517327036,5.976095617529881e-05,0.0,0.00013651928452039234,-10.986566543579102,-0.609865665435791,5.976095617529881e-05,0.0,0.00012511075704687462,0.800000011920929,-0.0017706453800201416,-0.0006074929712303131,0.003239285809287007,0.004411759089505261,0.8689751750057262,0.8595482813623453,0.8776075804439828,0.02236044406890869,0.027491496819039507,-0.030154049396514893,-0.025286567418460026,1332,-0.13265210390090942,-0.12829905145732934,9.960159362549801e-05,-2.3517996072769165,0.4800398406374502,0.4800597609561753,0.5199402390438247,0.0050047548,2.0019019,0.999915,1.9920318725099602e-05,1.9920318725099602e-05
7,Single stock,25,55,50200,65,7.968127490039841e-05,0.0,0.0001905844370059422,9.960159362549801e-05,0.0,0.0002484537150616291,-15.986566543579105,-0.609865665435791,9.960159362549801e-05,0.0,0.00022915939510781793,0.800000011920929,-0.0017706453800201416,-0.0006058457689693725,0.003239285809287007,0.004411759089505261,0.8689655952214604,0.8595816278187544,0.8785944315276284,0.02236044406890869,0.027491496819039507,-0.030154049396514893,-0.025286567418460026,1332,-0.13279718160629272,-0.12829905145732934,0.00015936254980079682,-2.0775127410888716,0.4800398406374502,0.4800597609561753,0.5199402390438247,0.0050048404,2.0019362,0.9998156,1.9920318725099602e-05,1.9920318725099602e-05
7,Single stock,25,60,50200,65,0.00011952191235059761,2.1238550242495077e-05,0.0002357342225946877,0.00013944223107569722,2.1412333547996085e-05,0.0002918293158701332,-20.986566543579098,-0.609865665435791,0.00013944223107569722,3.707693323713301e-05,0.00027979184901496206,0.800000011920929,-0.0017706453800201416,-0.0006075497137835301,0.003239285809287007,0.004411759089505261,0.8688808417546171,0.8595425286542022,0.8767046114268068,0.022357463836669922,0.027491496819039507,-0.030154049396514893,-0.025286567418460026,1332,-0.13279718160629272,-0.12829905145732934,0.000298804780876494,-4.223636388778685,0.4800398406374502,0.4800597609561753,0.5199402390438247,0.0050052144,2.0020857,0.99957037,1.9920318725099602e-05,1.9920318725099602e-05
7,Single stock,25,65,50200,65,0.00021912350597609563,7.647999233424033e-05,0.00039839297818380757,0.00027888446215139443,7.787955975984474e-05,0.0005493720214536301,-25.986566543579105,-0.609865665435791,0.00027888446215139443,7.832426903955926e-05,0.000531848471404774,0.800000011920929,-0.0017788410186767578,-0.0006259788335319534,0.003239285809287007,0.004411759089505261,0.8683622654335978,0.8594485480327555,0.8765814619455559,0.022356092929840088,0.027491496819039507,-0.03015848994255066,-0.025286567418460026,1332,-0.13383519649505615,-0.12829905145732934,0.0004183266932270916,-2.770509719848635,0.4799601593625498,0.4799800796812749,0.5200199203187251,0.0050062938,2.0025175,0.998826,1.9920318725099602e-05,1.9920318725099602e-05
7,Single stock,25,70,50200,65,0.00031872509960159364,0.00010263263968517564,0.0005900488276949786,0.0004183266932270916,0.00013922786904312675,0.0007921320209187548,-30.986566543579098,-0.609865665435791,0.0004183266932270916,0.00011746408446718619,0.0007592237295134537,0.800000011920929,-0.0018166005611419678,-0.0006883076296384591,0.003239285809287007,0.004411759089505261,0.8660555097241266,0.8578105029541724,0.8739301781591202,0.02231574058532715,0.027491496819039507,-0.030263513326644897,-0.025286567418460026,1332,-0.13323408365249634,-0.12829905145732934,0.0006772908366533864,-2.35273957252502,0.479402390438247,0.4794223107569721,0.5205776892430279,0.0050139586,2.0055833,0.9951345,5.976095617529881e-05,3.9840637450199205e-05
7,Single stock,25,75,50200,65,0.00047808764940239046,0.00024110719118813938,0.0007562190002968265,0.0006374501992031873,0.0003076193428115614,0.0010443568396958456,-35.9865665435791,-0.609865665435791,0.0006374501992031873,0.00032101452348019387,0.0010429265016836799,0.800000011920929,-0.002962768077850342,-0.0009287468133219685,0.003239285809287007,0.004411759089505261,0.836160804461703,0.8293904667686669,0.842643673834094,0.02135258913040161,0.027491496819039507,-0.030922770500183105,-0.025286567418460026,1332,-0.12115207314491272,-0.12829905145732934,0.0010159362549800796,-2.3994505405426025,0.46743027888446215,0.46745019920318726,0.5325498007968128,0.005104357,2.0417428,0.9565412,0.00017928286852589642,0.00013944223107569722
7,Single stock,25,80,50200,65,0.00043824701195219125,0.00022655660623656387,0.000706577376651706,0.0006573705179282868,0.0003133377966991944,0.0010603603336174054,-28.789250850677494,-0.4878925085067749,0.0006573705179282868,0.0003164493588195903,0.0010358223866381501,0.800000011920929,-0.0030459463596343994,-0.0008811911596245024,0.003239285809287007,0.004411759089505261,0.675133095012469,0.6681066893364349,0.6821883252890367,0.016209185123443604,0.027491496819039507,-0.025188803672790527,-0.025286567418460026,1332,-0.09756654500961304,-0.12829905145732934,0.001195219123505976,-1.9498991966247603,0.4566135458167331,0.4566135458167331,0.5433864541832669,0.004330282,1.7321128,0.7916708,0.00017928286852589642,0.00015936254980079682
7,Single stock,25,85,50200,65,0.00043824701195219125,0.00021135560161990446,0.0007100586924487101,0.0006772908366533864,0.0003248268648670551,0.0011141232362891036,-21.591941118240353,-0.36591941118240356,0.0006772908366533864,0.00033449423629874876,0.001119710357853504,0.800000011920929,-0.0022836029529571533,-0.0006751163024826354,0.003239285809287007,0.004411759089505261,0.5055195705924832,0.49932960861157366,0.5111823332235108,0.012081742286682129,0.027491496819039507,-0.018862247467041016,-0.025286567418460026,1332,-0.07309085130691528,-0.12829905145732934,0.0013745019920318724,-1.6297137737274148,0.45629482071713146,0.45629482071713146,0.5437051792828685,0.003259793,1.3039169,0.5954715,0.00019920318725099602,0.00017928286852589642
7,Single stock,25,88,50200,65,0.0004183266932270916,0.0001850527834725637,0.0006831619796075223,0.0006772908366533864,0.00034450991091477504,0.0010942462586201861,-17.27355170249939,-0.2927355170249939,0.0006772908366533864,0.000329755236783231,0.00110815165426519,0.800000011920929,-0.0018111467361450195,-0.0005378769082852094,0.003239285809287007,0.004411759089505261,0.4041470356557754,0.3992226324339483,0.4095703647692424,0.009662389755249023,0.027491496819039507,-0.015079975128173828,-0.025286567418460026,1332,-0.05844566226005554,-0.12829905145732934,0.001653386454183267,-1.303768634796143,0.45693227091633465,0.45695219123505976,0.5430478087649402,0.0026007413,1.0402964,0.47627026,0.00019920318725099602,0.00017928286852589642
7,Single stock,25,90,50200,65,0.0003386454183266932,0.00016170902818130923,0.000554697957393702,0.0006772908366533864,0.00034636878202049746,0.0011196857110594713,-14.394625425338747,-0.24394625425338745,0.0006772908366533864,0.00031444141569929903,0.0010986422661325495,0.800000011920929,-0.0014967918395996094,-0.00044171988726612107,0.003239285809287007,0.004411759089505261,0.33671167826437154,0.332436746291632,0.3413633443640512,0.0080488920211792,0.027491496819039507,-0.01254776120185852,-0.025286567418460026,1332,-0.048704683780670166,-0.12829905145732934,0.0021912350597609563,-1.0864728689193748,0.45772908366533865,0.45780876494023903,0.542191235059761,0.002159701,0.8638804,0.3966685,0.00023904382470119523,0.00017928286852589642
7,Single stock,25,92,50200,65,0.0003386454183266932,0.00015123244826096598,0.0005451014332334338,0.0007171314741035857,0.0003458677304145778,0.0011370546489280087,-11.515699148178104,-0.195156991481781,0.0007171314741035857,0.0003393266142544711,0.0011856467711262042,0.800000011920929,-0.0011650621891021729,-0.0003417202117908523,0.003239285809287007,0.004411759089505261,0.26947819097191955,0.26608291597969,0.2734201734184813,0.00645136833190918,0.027491496819039507,-0.010021001100540161,-0.025286567418460026,1332,-0.038962990045547485,-0.12829905145732934,0.002808764940239044,-0.8691800832748453,0.4584262948207171,0.45848605577689244,0.5415139442231076,0.0017178167,0.68712664,0.31695086,0.0002589641434262948,0.00017928286852589642
7,Single stock,25,94,50200,65,0.000298804780876494,0.00012705008535493262,0.0005042097092676801,0.0007171314741035857,0.00036861728587180226,0.0011803238608793527,-8.63677287101745,-0.14636772871017456,0.0007171314741035857,0.0003375504927932558,0.0011352611466268136,0.800000011920929,-0.0008266568183898926,-0.00024483314904558703,0.003239285809287007,0.004411759089505261,0.20222744665900075,0.1995071420450808,0.20527137382610983,0.004849791526794434,0.027491496819039507,-0.007497459650039673,-0.025286567418460026,1332,-0.02922224998474121,-0.12829905145732934,0.004721115537848606,-0.7655593156814522,0.46039840637450197,0.4604780876494024,0.5395219123505977,0.0012765874,0.5106349,0.23726793,0.00039840637450199205,0.00017928286852589642
7,Single stock,25,95,50200,65,0.00027888446215139443,0.00011177736092494569,0.0004669806421373993,0.0007171314741035857,0.0003247597303724437,0.0012380811010173482,-7.197315692901607,-0.12197315692901611,0.0007171314741035857,0.0003309143475954487,0.0011818984661481399,0.800000011920929,-0.00067177414894104,-0.0001998000589024973,0.003239285809287007,0.004411759089505261,0.1684785794766905,0.16624283047277966,0.17087633062453467,0.0040779709815979,0.027491496819039507,-0.006250441074371338,-0.025286567418460026,1332,-0.02433827519416809,-0.12829905145732934,0.006673306772908366,-0.6312322616577104,0.46231075697211155,0.4623904382470119,0.537609561752988,0.0010568205,0.42272824,0.19746724,0.0005577689243027889,0.00019920318725099602
7,Single stock,25,96,50200,65,0.00019920318725099602,7.562422504967266e-05,0.0003336484252491804,0.0007171314741035857,0.0003319655843789115,0.0011589034367554482,-5.7578525543212855,-0.09757852554321289,0.0007171314741035857,0.0003268307703854131,0.00112737576298961,0.800000011920929,-0.0005055665969848633,-0.00015664189341533705,0.003239285809287007,0.004411759089505261,0.13481916323534054,0.1330073832714733,0.13682177047139388,0.0032992959022521973,0.027491496819039507,-0.005000054836273193,-0.025286567418460026,1332,-0.019453048706054688,-0.12829905145732934,0.012569721115537849,-0.5363545417785609,0.46488047808764943,0.4650199203187251,0.5349800796812749,0.00083834224,0.3353369,0.15777317,0.0008764940239043825,0.00023904382470119523
7,Single stock,25,98,50200,65,0.00011952191235059761,2.0745490912371733e-05,0.0002256031576325806,0.0006972111553784861,0.00031384621378098364,0.0012262883506549234,-2.8789262771606428,-0.048789262771606445,0.0006972111553784861,0.0003046823602493096,0.001236190531375373,0.800000011920929,-0.00020182132720947266,-7.02875698230181e-05,0.003239285809287007,0.004411759089505261,0.06796364865592276,0.06727944122533266,0.06877061151012268,0.0017221570014953613,0.027491496819039507,-0.002495706081390381,-0.025286567418460026,1332,-0.00987139344215393,-0.12829905145732934,0.5276294820717131,-0.26538777351379217,0.47227091633466134,0.47247011952191237,0.5275298804780877,0.0004086009,0.16344036,0.07892946,0.008864541832669322,0.00043824701195219125
7,Basket,6,50,5434,50,0.0,0.0,0.0,0.0,0.0,0.0,17.63346791267395,-0.3236653208732605,0.0,0.0,0.0,,0.003922522068023682,0.003508040516263297,0.005128343211488806,0.004713335049085992,0.9584500687037959,0.9538007887492624,0.9622687050855598,0.020755350589752197,0.021981389294823517,-0.02070552110671997,-0.019529287820217123,76,-0.12438583374023438,-0.12333414438025458,0.0,,0.5520794994479205,0.5524475524475524,0.44755244755244755,0.0012024663,2.0041106,1.0,0.0,0.0
7,Basket,6,55,5434,50,0.0,0.0,0.0,0.0,0.0,0.0,12.633467912673947,-0.3236653208732605,0.0,0.0,0.0,,0.003922522068023682,0.0035046473842005894,0.005128343211488806,0.004713335049085992,0.9584500687037959,0.9543078619914153,0.9625407371976816,0.020755350589752197,0.021981389294823517,-0.02070552110671997,-0.019529287820217123,76,-0.12438583374023438,-0.12333414438025458,0.0,,0.5520794994479205,0.5524475524475524,0.44755244755244755,0.0012024833,2.0041387,0.9999761,0.0,0.0
7,Basket,6,60,5434,50,0.0,0.0,0.0,0.0,0.0,0.0,7.633467912673952,-0.3236653208732605,0.0,0.0,0.0,,0.003922522068023682,0.003486622891357641,0.005128343211488806,0.004713335049085992,0.9584500687037959,0.9539265021528013,0.9624280436215711,0.020755350589752197,0.021981389294823517,-0.02070552110671997,-0.019529287820217123,76,-0.12438583374023438,-0.12333414438025458,0.0,,0.5520794994479205,0.5524475524475524,0.44755244755244755,0.0012024693,2.0041156,0.99985516,0.0,0.0
7,Basket,6,65,5434,50,0.0,0.0,0.0,0.0,0.0,0.0,2.633467912673948,-0.3236653208732605,0.0,0.0,0.0,,0.003922522068023682,0.0034725318992230047,0.005128343211488806,0.004713335049085992,0.95838819391872,0.953932917077142,0.9620218169491369,0.020755350589752197,0.021981389294823517,-0.02070552110671997,-0.019529287820217123,76,-0.12583941221237183,-0.12333414438025458,0.0,,0.5520794994479205,0.5524475524475524,0.44755244755244755,0.0012025514,2.0042522,0.999582,0.0,0.0
7,Basket,6,70,5434,50,0.0,0.0,0.0,0.0,0.0,0.0,2.118204832077031,-0.27881795167922974,0.0,0.0,0.0,,0.003922522068023682,0.003450800225626777,0.005128343211488806,0.004713335049085992,0.9573293030929311,0.9531840784145248,0.9612496003654771,0.020755350589752197,0.021981389294823517,-0.020716100931167603,-0.019529287820217123,76,-0.12395066022872925,-0.12333414438025458,0.0,,0.5517114464482885,0.5520794994479205,0.4479205005520795,0.0012034927,2.0058212,0.9979543,0.0,0.0
7,Basket,6,75,5434,50,0.0,0.0,0.0,0.0,0.0,0.0,1.6370892524719238,-0.23362910747528076,0.0,0.0,0.0,,0.0034131407737731934,0.003338364136319938,0.005128343211488806,0.004713335049085992,0.9362313559385224,0.9293508576895086,0.9419605715294218,0.020395755767822266,0.021981389294823517,-0.021257340908050537,-0.019529287820217123,76,-0.10980027914047241,-0.12333414438025458,0.0001840264998159735,,0.5432462274567538,0.5432462274567538,0.45675377254324623,0.0012193358,2.032226,0.9700975,0.0,0.0
7,Basket,6,80,5434,50,0.0,0.0,0.0,0.0,0.0,0.0,1.3096702098846391,-0.18690329790115356,0.0,0.0,0.0,,0.0021646618843078613,0.002745349189135622,0.005128343211488806,0.004713335049085992,0.7629217063258723,0.7533369629286848,0.7720430703428472,0.01612544059753418,0.021981389294823517,-0.017429739236831665,-0.019529287820217123,76,-0.08818644285202026,-0.12333414438025458,0.0001840264998159735,,0.5368052999631947,0.5368052999631947,0.4631947000368053,0.0010269022,1.711504,0.80030984,0.0,0.0
7,Basket,6,85,5434,50,0.0,0.0,0.0,0.0,0.0,0.0,0.9970331192016624,-0.1400296688079834,0.0,0.0,0.0,,0.0016275644302368164,0.0020650026001472178,0.005128343211488806,0.004713335049085992,0.5722379466878486,0.5634803092933423,0.580986613170013,0.012084662914276123,0.021981389294823517,-0.013034194707870483,-0.019529287820217123,76,-0.06656238436698914,-0.12333414438025458,0.0001840264998159735,,0.5360691939639308,0.5360691939639308,0.4639308060360692,0.0007690574,1.2817624,0.6005916,0.0,0.0
7,Basket,6,88,5434,50,0.0,0.0,0.0,0.0,0.0,0.0,0.7907505035400386,-0.11209249496459961,0.0,0.0,0.0,,0.0013204216957092285,0.0016565043938524108,0.005128343211488806,0.004713335049085992,0.4576511041296622,0.4488594751440981,0.4668280871184243,0.009617924690246582,0.021981389294823517,-0.010431230068206787,-0.019529287820217123,76,-0.05324992537498474,-0.12333414438025458,0.0001840264998159735,,0.5369893264630107,0.5369893264630107,0.4630106735369893,0.00061299384,1.0216564,0.48015878,0.0,0.0
7,Basket,6,90,5434,50,0.0,0.0,0.0,0.0,0.0,0.0,0.6589567661285378,-0.0934104323387146,0.0,0.0,0.0,,0.0011554360389709473,0.0013899773436080545,0.005128343211488806,0.004713335049085992,0.38154296851039843,0.3734943392095701,0.39012729470763435,0.00801771879196167,0.021981389294823517,-0.00871381163597107,-0.019529287820217123,76,-0.04437491297721863,-0.12333414438025458,0.0005520794994479205,,0.5364372469635628,0.5364372469635628,0.46356275303643724,0.000508588,0.84764653,0.39968225,0.0,0.0
7,Basket,6,92,5434,50,0.0,0.0,0.0,0.0,0.0,0.0,0.5271689891815146,-0.07472831010818481,0.0,0.0,0.0,,0.0009362697601318359,0.0011150214572930362,0.005128343211488806,0.004713335049085992,0.3050763844462912,0.2989053894839145,0.3116842190403408,0.006409108638763428,0.021981389294823517,-0.00696796178817749,-0.019529287820217123,76,-0.03559473156929016,-0.12333414438025458,0.001104158998895841,,0.5382775119617225,0.5384615384615384,0.46153846153846156,0.0004042928,0.67382133,0.3191845,0.0,0.0
7,Basket,6,94,5434,50,0.0,0.0,0.0,0.0,0.0,0.0,0.39537525177002486,-0.056046247482299805,0.0,0.0,0.0,,0.0007336139678955078,0.0008336325691252629,0.005128343211488806,0.004713335049085992,0.22828576457107358,0.22331471335393846,0.23379571308176375,0.004805386066436768,0.021981389294823517,-0.005185931921005249,-0.019529287820217123,76,-0.026681989431381226,-0.12333414438025458,0.0020242914979757085,,0.5401177769598822,0.5406698564593302,0.45933014354066987,0.0003005624,0.5009373,0.238777,0.0,0.0
7,Basket,6,95,5434,50,0.0,0.0,0.0,0.0,0.0,0.0,0.32948136329651323,-0.04670518636703491,0.0,0.0,0.0,,0.0006355047225952148,0.0006906967370177526,0.005128343211488806,0.004713335049085992,0.18983993605657576,0.185942321395734,0.1939831816776356,0.004006505012512207,0.021981389294823517,-0.004309713840484619,-0.019529287820217123,76,-0.022188782691955566,-0.12333414438025458,0.003312476996687523,,0.5412219359587781,0.541958041958042,0.458041958041958,0.0002489235,0.41487247,0.19861685,0.0001840264998159735,0.0
7,Basket,6,96,5434,50,0.0,0.0,0.0,0.0,0.0,0.0,0.26358151435852406,-0.037364184856414795,0.0,0.0,0.0,,0.0005334019660949707,0.0005524353174589379,0.005128343211488806,0.004713335049085992,0.15178126724630944,0.14852760911517318,0.15528735566573326,0.0032500028610229492,0.021981389294823517,-0.0034384429454803467,-0.019529287820217123,76,-0.01789700984954834,-0.12333414438025458,0.005520794994479205,,0.5423260949576739,0.5430622009569378,0.4569377990430622,0.00019759675,0.32932794,0.15869053,0.0001840264998159735,0.0
7,Basket,6,98,5434,50,0.0,0.0,0.0,0.0,0.0,0.0,0.1317937374115008,-0.01868206262588501,0.0,0.0,0.0,,0.00029605627059936523,0.0002762088891465654,0.005128343211488806,0.004713335049085992,0.07616213562105102,0.07484232553188101,0.0778033866763076,0.0016475915908813477,0.021981389294823517,-0.0017089247703552246,-0.019529287820217123,76,-0.009142190217971802,-0.12333414438025458,0.45104895104895104,,0.5482149429517851,0.548951048951049,0.45104895104895104,9.6959724e-05,0.16159953,0.07942387,0.002576370997423629,0.0
7,Basket,25,50,5434,50,0.0,0.0,0.0,0.0,0.0,0.0,17.376554012298584,-0.32623445987701416,0.0,0.0,0.0,,0.00010901689529418945,-0.00030395221876931356,0.005128343211488806,0.004713335049085992,0.8270398399812791,0.808848004648934,0.8421911209040425,0.01687788963317871,0.021981389294823517,-0.024425506591796875,-0.019529287820217123,76,-0.12771201133728027,-0.12333414438025458,0.0,,0.5018402649981597,0.5018402649981597,0.49815973500184024,0.005005504,2.0022016,1.0,0.0,0.0
7,Basket,25,55,5434,50,0.0,0.0,0.0,0.0,0.0,0.0,12.37655401229858,-0.32623445987701416,0.0,0.0,0.0,,0.00010901689529418945,-0.00030761720241761445,0.005128343211488806,0.004713335049085992,0.8270398399812791,0.8093682547806379,0.8430360782117209,0.01687788963317871,0.021981389294823517,-0.024425506591796875,-0.019529287820217123,76,-0.12771201133728027,-0.12333414438025458,0.0,,0.5018402649981597,0.5018402649981597,0.49815973500184024,0.0050055753,2.0022302,0.9999745,0.0,0.0
7,Basket,25,60,5434,50,0.0,0.0,0.0,0.0,0.0,0.0,7.376554012298586,-0.32623445987701416,0.0,0.0,0.0,,0.00010901689529418945,-0.00032666084254801513,0.005128343211488806,0.004713335049085992,0.8270398399812791,0.8095119578795162,0.8437004119787948,0.01687788963317871,0.021981389294823517,-0.024425506591796875,-0.019529287820217123,76,-0.12771201133728027,-0.12333414438025458,0.0,,0.5018402649981597,0.5018402649981597,0.49815973500184024,0.0050054817,2.0021927,0.99984807,0.0,0.0
7,Basket,25,65,5434,50,0.0,0.0,0.0,0.0,0.0,0.0,2.6028430461883523,-0.32397156953811646,0.0,0.0,0.0,,0.00010901689529418945,-0.0003403416222230801,0.005128343211488806,0.004713335049085992,0.8269664609045978,0.8093564329808476,0.8429961789970167,0.01687788963317871,0.021981389294823517,-0.024425506591796875,-0.019529287820217123,76,-0.129160076379776,-0.12333414438025458,0.0,,0.5018402649981597,0.5018402649981597,0.49815973500184024,0.00500588,2.002352,0.99956673,0.0,0.0
7,Basket,25,70,5434,50,0.0,0.0,0.0,0.0,0.0,0.0,1.9685792922973677,-0.28031420707702637,0.0,0.0,0.0,,0.00010269880294799805,-0.00036626167932678156,0.005128343211488806,0.004713335049085992,0.8257791762221003,0.8078770646716561,0.8409603090434211,0.01687788963317871,0.021981389294823517,-0.02443605661392212,-0.019529287820217123,76,-0.12700879573822021,-0.12333414438025458,0.0001840264998159735,,0.5018402649981597,0.5018402649981597,0.49815973500184024,0.0050100503,2.0040197,0.997839,0.0,0.0
7,Basket,25,75,5434,50,0.0,0.0,0.0,0.0,0.0,0.0,1.5140950679779053,-0.23485904932022095,0.0,0.0,0.0,,-0.0004849731922149658,-0.0005427399210777184,0.005128343211488806,0.004713335049085992,0.8004236172826102,0.7840803155431117,0.8153104873200221,0.01645076274871826,0.021981389294823517,-0.025059103965759277,-0.019529287820217123,76,-0.11280077695846558,-0.12333414438025458,0.0001840264998159735,,0.4920868605079131,0.4920868605079131,0.5079131394920868,0.005081811,2.0327244,0.96704155,0.0,0.0
7,Basket,25,80,5434,50,0.0,0.0,0.0,0.0,0.0,0.0,1.2112748622894243,-0.1878872513771057,0.0,0.0,0.0,,-0.0010082423686981201,-0.0005133692113450226,0.005128343211488806,0.004713335049085992,0.644762384816274,0.6289573946658786,0.6605422840863059,0.012772202491760254,0.021981389294823517,-0.020383477210998535,-0.019529287820217123,76,-0.09070155024528503,-0.12333414438025458,0.0001840264998159735,,0.4834376150165624,0.4836216415163784,0.5163783584836217,0.004261331,1.7045325,0.79528254,0.0,0.0
7,Basket,25,85,5434,50,0.0,0.0,0.0,0.0,0.0,0.0,0.9263241291046165,-0.14073675870895386,0.0,0.0,0.0,,-0.0007448196411132812,-0.0003749975879094949,0.005128343211488806,0.004713335049085992,0.48368468854964514,0.46970284539894525,0.49738691411625124,0.00956273078918457,0.021981389294823517,-0.015251845121383667,-0.019529287820217123,76,-0.06845328211784363,-0.12333414438025458,0.0001840264998159735,,0.48380566801619435,0.4839896945160103,0.5160103054839897,0.0031911628,1.2764652,0.5965891,0.0,0.0
7,Basket,25,88,5434,50,0.0,0.0,0.0,0.0,0.0,0.0,0.741064071655273,-0.11258935928344727,0.0,0.0,0.0,,-0.0005469620227813721,-0.0002895018876278975,0.005128343211488806,0.004713335049085992,0.3870094207163956,0.37445543493834227,0.4000725917513176,0.007614731788635254,0.021981389294823517,-0.012201458215713501,-0.019529287820217123,76,-0.05476263165473938,-0.12333414438025458,0.0001840264998159735,,0.4839896945160103,0.4841737210158263,0.5158262789841738,0.0025433898,1.0173558,0.47689366,0.0,0.0
7,Basket,25,90,5434,50,0.0,0.0,0.0,0.0,0.0,0.0,0.6099379062652566,-0.09390062093734741,0.0,0.0,0.0,,-0.00042122602462768555,-0.00022454857606856227,0.005128343211488806,0.004713335049085992,0.32297693655755555,0.31272708752618367,0.3338375542959142,0.00633925199508667,0.021981389294823517,-0.010174393653869629,-0.019529287820217123,76,-0.04574468731880188,-0.12333414438025458,0.0005520794994479205,,0.4852778800147221,0.4852778800147221,0.5147221199852778,0.0021102792,0.8441117,0.39696133,0.0,0.0
7,Basket,25,92,5434,50,0.0,0.0,0.0,0.0,0.0,0.0,0.4879491329193075,-0.07512050867080688,0.0,0.0,0.0,,-0.0003044605255126953,-0.000172516540170023,0.005128343211488806,0.004713335049085992,0.2584983424755609,0.250107854855495,0.2690913780812241,0.005071401596069336,0.021981389294823517,-0.008150041103363037,-0.019529287820217123,76,-0.03659573197364807,-0.12333414438025458,0.001104158998895841,,0.4869341185130659,0.4869341185130659,0.5130658814869341,0.0016783682,0.67134726,0.31704617,0.0,0.0
7,Basket,25,94,5434,50,0.0,0.0,0.0,0.0,0.0,0.0,0.3659603595733696,-0.05634039640426636,0.0,0.0,0.0,,-0.00020164251327514648,-0.00012035167168991769,0.005128343211488806,0.004713335049085992,0.19396942932246977,0.1878507818353657,0.200695072037546,0.0038270950317382812,0.021981389294823517,-0.006091207265853882,-0.019529287820217123,76,-0.027427971363067627,-0.12333414438025458,0.0023923444976076554,,0.4882223040117777,0.4882223040117777,0.5117776959882223,0.0012476329,0.49905318,0.23728547,0.0,0.0
7,Basket,25,95,5434,50,0.0,0.0,0.0,0.0,0.0,0.0,0.30496597290039507,-0.046950340270996094,0.0,0.0,0.0,,-0.00014218688011169434,-9.859909149579893e-05,0.005128343211488806,0.004713335049085992,0.16158612034324413,0.15630321869752448,0.16706679350603013,0.003230750560760498,0.021981389294823517,-0.005052715539932251,-0.019529287820217123,76,-0.022757232189178467,-0.12333414438025458,0.003312476996687523,,0.4898785425101215,0.4898785425101215,0.5101214574898786,0.0010338451,0.413538,0.19750099,0.0001840264998159735,0.0
7,Basket,25,96,5434,50,0.0,0.0,0.0,0.0,0.0,0.0,0.24397754669189808,-0.037560224533081055,0.0,0.0,0.0,,-8.997321128845215e-05,-7.546305612557769e-05,0.005128343211488806,0.004713335049085992,0.12945166245711495,0.12527213656387354,0.13430269948778153,0.0026233792304992676,0.021981389294823517,-0.004036754369735718,-0.019529287820217123,76,-0.018391728401184082,-0.12333414438025458,0.005520794994479205,,0.49135075450864923,0.4915347810084652,0.5084652189915347,0.00082116405,0.3284656,0.15785962,0.0001840264998159735,0.0
7,Basket,25,98,5434,50,0.0,0.0,0.0,0.0,0.0,0.0,0.12198877334594904,-0.018780112266540527,0.0,0.0,0.0,,-9.953975677490234e-06,-3.086012384669501e-05,0.005128343211488806,0.004713335049085992,0.06546856590839555,0.06368377697223959,0.06764904182533611,0.0013370513916015625,0.021981389294823517,-0.002006322145462036,-0.019529287820217123,76,-0.009386688470840454,-0.12333414438025458,0.5029444239970555,,0.49687154950312845,0.4972396025027604,0.5027603974972396,0.00040339993,0.16135997,0.07916963,0.002944423997055576,0.0
14,All equity (ex-basket),6,50,40356,99,7.43383883437407e-05,0.0,0.00016917364312702017,0.0001486767766874814,2.474997518608982e-05,0.00030376102304079697,-10.837802290916443,-0.6083780229091644,0.0001486767766874814,2.3893964687453607e-05,0.0003047180303042876,0.5,0.005031764507293701,0.005801371004166955,0.00623889729243865,0.007026337976782817,0.9728398348057431,0.9711141613523802,0.9746970518686857,0.030013978481292725,0.0312511250761891,-0.03033679723739624,-0.02917215842537324,1633,-0.13460636138916016,-0.13341630940548688,0.00022301516503122213,-1.3651534914970398,0.548171275646744,0.548171275646744,0.451828724353256,0.001203927,2.006545,0.9997934,2.4779462781246902e-05,2.4779462781246902e-05
14,All equity (ex-basket),6,55,40356,99,9.911785112498761e-05,2.3477913030162487e-05,0.00020036116872085882,0.0001486767766874814,2.342152151684792e-05,0.000311981370259089,-15.837802290916446,-0.6083780229091644,0.0001486767766874814,2.49727629027372e-05,0.00031545274223035316,0.5,0.005027651786804199,0.005792783632164066,0.00623889729243865,0.007026337976782817,0.9727404695839071,0.9709856075654854,0.9744424823636406,0.030012905597686768,0.0312511250761891,-0.03033679723739624,-0.02917215842537324,1633,-0.134660005569458,-0.13341630940548688,0.0002973535533749628,-3.528508841991429,0.5481464961839627,0.5481464961839627,0.4518535038160373,0.001204046,2.0067432,0.9996247,2.4779462781246902e-05,2.4779462781246902e-05
14,All equity (ex-basket),6,60,40356,99,0.0001486767766874814,2.2513991341013625e-05,0.00030390239700227046,0.000247794627812469,6.917785052642092e-05,0.0004682291339086148,-20.83780229091644,-0.6083780229091644,0.000247794627812469,6.999827551549566e-05,0.00047513144811028336,0.7000000476837158,0.005027651786804199,0.005762545707435175,0.00623889729243865,0.007026337976782817,0.972474649167156,0.9706950315167391,0.9742229713448298,0.03001159429550171,0.0312511250761891,-0.030341774225234985,-0.02917215842537324,1633,-0.13494759798049927,-0.13341630940548688,0.00044603033006244426,-2.1438366174697854,0.5481464961839627,0.5481464961839627,0.4518535038160373,0.0012045323,2.0075538,0.99918664,2.4779462781246902e-05,2.4779462781246902e-05
14,All equity (ex-basket),6,65,40356,99,0.0003221330161562097,7.314764878361861e-05,0.0006240750138652545,0.00042125086728119735,0.00012154328402134003,0.0008041848157864255,-25.837802290916446,-0.6083780229091644,0.00042125086728119735,0.00012329639075506256,0.000759305561699771,0.6000000238418579,0.005016148090362549,0.00568187930593052,0.00623889729243865,0.007026337976782817,0.971340337410273,0.9692252836240227,0.9732018934726154,0.029997825622558594,0.0312511250761891,-0.030368775129318237,-0.02917215842537324,1633,-0.13759684562683105,-0.13341630940548688,0.0006442660323124195,-2.935250997543337,0.5480473783328378,0.5480473783328378,0.45195262166716227,0.0012060761,2.010127,0.9978198,2.4779462781246902e-05,2.4779462781246902e-05
14,All equity (ex-basket),6,70,40356,99,0.00034691247893745664,8.328157757179298e-05,0.0006545364834227268,0.0006442660323124195,0.00024844617305100016,0.0011584246549596622,-30.83780229091644,-0.6083780229091644,0.0006442660323124195,0.00026803153512362717,0.0011194041756636415,0.550000011920929,0.0049135684967041016,0.0055306285120519496,0.00623889729243865,0.007026337976782817,0.9673366951960658,0.9640612065538261,0.9694974715678342,0.029909193515777588,0.0312511250761891,-0.03077566623687744,-0.02917215842537324,1633,-0.13590335845947266,-0.13341630940548688,0.001015957974031123,-2.4125528335571245,0.5468827435821192,0.5468827435821192,0.45311725641788086,0.0012130877,2.021813,0.9923555,4.9558925562493803e-05,2.4779462781246902e-05
14,All equity (ex-basket),6,75,40356,99,0.0005203687184061849,0.00024033030739770858,0.0008627868265767803,0.0007929428089999009,0.0003576277871532845,0.0013572999417275128,-35.83780229091644,-0.6083780229091644,0.0007929428089999009,0.00033489155479198154,0.0013397026541725995,0.4000000059604645,0.0035188794136047363,0.005178354618505392,0.00623889729243865,0.007026337976782817,0.9332037656411498,0.9275079475977013,0.9382032288751632,0.02868860960006714,0.0312511250761891,-0.03224220871925354,-0.02917215842537324,1633,-0.12176012992858887,-0.13341630940548688,0.0013133115274060858,-2.3312121629714966,0.5327584497968084,0.5327832292595897,0.46721677074041035,0.0012606089,2.1010146,0.9539643,0.0001238973139062345,7.43383883437407e-05
14,All equity (ex-basket),6,80,40356,99,0.0005451481811874319,0.0002450743999167823,0.0009551428391922228,0.0008425017345623947,0.000369053092226221,0.0013828250910310044,-28.67024421691895,-0.48670244216918945,0.0008425017345623947,0.00035157945532637353,0.0014299019539530157,0.4000000059604645,0.0016996264457702637,0.004261755121511633,0.00623889729243865,0.007026337976782817,0.7664136856830941,0.7578050882268884,0.7732059617486754,0.022071540355682373,0.0312511250761891,-0.026643186807632446,-0.02917215842537324,1633,-0.09854161739349365,-0.13341630940548688,0.0016106650807810486,-1.8492776155471846,0.5205173951828724,0.5205421746456537,0.47945782535434633,0.0011076048,1.8460081,0.79579383,0.0001238973139062345,7.43383883437407e-05
14,All equity (ex-basket),6,85,40356,99,0.000495589255624938,0.0002281062592613249,0.0008272527083409265,0.0008177222717811478,0.0003581473755757246,0.0013519612025008909,-21.502683162689205,-0.3650268316268921,0.0008177222717811478,0.0004046763191782983,0.0013567309077914,0.4000000059604645,0.0012341737747192383,0.0031964616049315556,0.00623889729243865,0.007026337976782817,0.5748593340498922,0.5671423259424213,0.5814311749831419,0.016428351402282715,0.0312511250761891,-0.019954681396484375,-0.02917215842537324,1633,-0.07389706373214722,-0.13341630940548688,0.002131033799187234,-1.392993927001951,0.519774011299435,0.51987312915056,0.48012687084944,0.0008397253,1.3995423,0.6001984,0.0001238973139062345,9.911785112498761e-05
14,All equity (ex-basket),6,88,40356,99,0.00047080979284369113,0.00022589277899135268,0.0008011856521337905,0.0008177222717811478,0.000376118718117949,0.0013588016903644349,-17.20214533805847,-0.2920214533805847,0.0008177222717811478,0.0003652581202788029,0.00134829815819969,0.4000000059604645,0.00100630521774292,0.0025587262070111637,0.00623889729243865,0.007026337976782817,0.45951165907885594,0.4522889922106862,0.46544372332413597,0.013129651546478271,0.0312511250761891,-0.01595953106880188,-0.02917215842537324,1633,-0.05910944938659668,-0.13341630940548688,0.002502725740905937,-1.1143987178802495,0.5201457032411537,0.5202200416294974,0.4797799583705025,0.00066908746,1.1151457,0.48035666,0.0001486767766874814,9.911785112498761e-05
14,All equity (ex-basket),6,90,40356,99,0.00039647140449995043,0.00018891500968463857,0.0006453973557836011,0.0008425017345623947,0.00035694866576541735,0.001429579530438905,-14.335122108459474,-0.24335122108459473,0.0008425017345623947,0.00035634333483483663,0.00140736154669428,0.4000000059604645,0.0008425116539001465,0.0021345284619290242,0.00623889729243865,0.007026337976782817,0.3826030696123746,0.3764151426477655,0.38798680527050583,0.01092517375946045,0.0312511250761891,-0.01329544186592102,-0.02917215842537324,1633,-0.049257874488830566,-0.13341630940548688,0.003072653384874616,-0.9246373176574729,0.5206412924967787,0.5206908514223412,0.47930914857765883,0.0005541652,0.9236088,0.4001114,0.000247794627812469,9.911785112498761e-05
14,All equity (ex-basket),6,92,40356,99,0.00039647140449995043,0.00018054970639889878,0.0006294804196123523,0.0008177222717811478,0.0003438332621194033,0.0013860338555901856,-11.468098878860477,-0.19468098878860474,0.0008177222717811478,0.0003640701012388892,0.001430787865580178,0.4000000059604645,0.0006936192512512207,0.0017056982901136753,0.00623889729243865,0.007026337976782817,0.3056009771840838,0.3004509256356451,0.310627022887138,0.008709251880645752,0.0312511250761891,-0.010601580142974854,-0.02917215842537324,1633,-0.039417803287506104,-0.13341630940548688,0.0043859649122807015,-0.7429285049438517,0.5212855585290911,0.5213351174546536,0.4786648825453464,0.00043911106,0.7318519,0.31969514,0.0003221330161562097,9.911785112498761e-05
14,All equity (ex-basket),6,94,40356,99,0.00027257409059371594,0.00011390908756181454,0.0004560677337926216,0.0008425017345623947,0.00037817065891451675,0.0014762367825031644,-8.601069688796992,-0.14601069688796997,0.0008425017345623947,0.0004000121198122825,0.0014233793702280349,0.4000000059604645,0.0005513429641723633,0.0012833712441040488,0.00623889729243865,0.007026337976782817,0.2287497961434199,0.22477360354453294,0.23309625670008627,0.00650709867477417,0.0312511250761891,-0.007906436920166016,-0.02917215842537324,1633,-0.0294913649559021,-0.13341630940548688,0.007458618297155318,-0.5547823905944771,0.5221528397264348,0.522177619189216,0.47782238081078404,0.00032428652,0.5404775,0.23917626,0.00047080979284369113,9.911785112498761e-05
14,All equity (ex-basket),6,95,40356,99,0.000247794627812469,9.875546747836503e-05,0.0004114412889795916,0.0008177222717811478,0.0003336447050640814,0.001442175639506648,-7.167561054229732,-0.12167561054229736,0.0008177222717811478,0.00034126549400576814,0.001376038716579259,0.4000000059604645,0.00047963857650756836,0.0010680526639723024,0.00623889729243865,0.007026337976782817,0.19023302270875866,0.18658817000653655,0.19387516757995338,0.005429446697235107,0.0312511250761891,-0.006586730480194092,-0.02917215842537324,1633,-0.024484753608703613,-0.13341630940548688,0.011324214491029834,-0.6228041648864702,0.5231935771632471,0.5232431360888096,0.47675686391119043,0.00026722657,0.4453776,0.19892438,0.0006938249578749133,9.911785112498761e-05
14,All equity (ex-basket),6,96,40356,99,0.00022301516503122213,8.376213913557322e-05,0.0003849073849667002,0.0008920606601248885,0.00042425296491866566,0.0015146301449353596,-5.7340464591979945,-0.09734046459197998,0.0008920606601248885,0.0004046014919296407,0.001494513999703771,0.44999998807907104,0.00041687488555908203,0.0008565262085572144,0.00623889729243865,0.007026337976782817,0.15195882309876427,0.14913374541201074,0.15518319643444212,0.004354715347290039,0.0312511250761891,-0.005257457494735718,-0.02917215842537324,1633,-0.019574880599975586,-0.13341630940548688,0.019501437208841312,-0.4265985488891566,0.5249529190207156,0.5251015957974031,0.4748984042025969,0.00021067822,0.35113034,0.15876359,0.0011894142134998512,0.0001238973139062345
14,All equity (ex-basket),6,98,40356,99,0.0001486767766874814,4.8063976884299714e-05,0.0002590620442919525,0.001015957974031123,0.0004647354774521603,0.0017233196181247043,-2.8670232295989972,-0.04867023229598999,0.001015957974031123,0.0004596398526315435,0.0016828669374728115,0.5,0.0002874135971069336,0.00043515087101549067,0.00623889729243865,0.007026337976782817,0.0760820487011011,0.07434360209208901,0.07829101109398429,0.0022696852684020996,0.0312511250761891,-0.0026209354400634766,-0.02917215842537324,1633,-0.009872674942016602,-0.13341630940548688,0.4663494895430667,-0.1778225898742658,0.5335018336802458,0.5337991872336207,0.4662008127663792,0.00010080947,0.16801576,0.07907732,0.013157894736842105,0.00022301516503122213
14,All equity (ex-basket),25,50,40356,99,7.43383883437407e-05,0.0,0.00016309850704460376,0.0001486767766874814,2.4680846818751075e-05,0.0003136569272499768,-10.986566543579102,-0.609865665435791,0.0001486767766874814,2.507038681667241e-05,0.00031450924108878547,0.5,0.0012139678001403809,0.0019802318959586365,0.00623889729243865,0.007026337976782817,0.8871794105669113,0.8792703246108299,0.8945512501136837,0.0261002779006958,0.0312511250761891,-0.03402024507522583,-0.02917215842537324,1633,-0.13789373636245728,-0.13341630940548688,0.000247794627812469,-1.4745980501174927,0.5122658340767172,0.5122906135394985,0.48770938646050155,0.005011582,2.0046327,0.99979055,2.4779462781246902e-05,2.4779462781246902e-05
14,All equity (ex-basket),25,55,40356,99,9.911785112498761e-05,2.338146396882324e-05,0.00019651759195244496,0.0001486767766874814,2.3079719046187887e-05,0.0003233247722293058,-15.986566543579105,-0.609865665435791,0.0001486767766874814,2.4498099055519726e-05,0.00030604721047093023,0.5,0.0012099146842956543,0.001970999946453867,0.00623889729243865,0.007026337976782817,0.8870697385319329,0.8788972868024448,0.8941612336235959,0.0261002779006958,0.0312511250761891,-0.03402024507522583,-0.02917215842537324,1633,-0.13794714212417603,-0.13341630940548688,0.0003221330161562097,-3.663599789142613,0.512241054613936,0.5122658340767172,0.4877341659232828,0.005012089,2.0048354,0.99961835,2.4779462781246902e-05,2.4779462781246902e-05
14,All equity (ex-basket),25,60,40356,99,0.00017345623946872832,4.398860978422474e-05,0.0003341668738785183,0.000247794627812469,7.384906181270219e-05,0.00046929525116993186,-20.986566543579098,-0.609865665435791,0.000247794627812469,7.008118397073277e-05,0.00047061078680356636,0.7000000476837158,0.0012099146842956543,0.0019378416747554866,0.00623889729243865,0.007026337976782817,0.8867774912570212,0.879053567827028,0.8942498804735708,0.026098966598510742,0.0312511250761891,-0.03402519226074219,-0.02917215842537324,1633,-0.13823366165161133,-0.13341630940548688,0.00047080979284369113,-2.295652627944944,0.512241054613936,0.5122658340767172,0.4877341659232828,0.005014154,2.0056612,0.99916583,2.4779462781246902e-05,2.4779462781246902e-05
14,All equity (ex-basket),25,65,40356,99,0.00034691247893745664,9.269056484852624e-05,0.0006568794062346711,0.00047080979284369113,0.00013980659462635173,0.0008844611562045463,-25.986566543579105,-0.609865665435791,0.00047080979284369113,0.00015608156714701422,0.0008436974502807619,0.6000000238418579,0.0011973977088928223,0.00185048320592011,0.00623889729243865,0.007026337976782817,0.8855896702106631,0.8780017524824641,0.892865617786618,0.026085257530212402,0.0312511250761891,-0.03405207395553589,-0.02917215842537324,1633,-0.14101511240005493,-0.13341630940548688,0.0006690454950936663,-2.3221814632415794,0.5120923778372485,0.5121171573000297,0.4878828426999703,0.005020738,2.0082955,0.99774635,2.4779462781246902e-05,2.4779462781246902e-05
14,All equity (ex-basket),25,70,40356,99,0.00039647140449995043,0.000125426436089295,0.0007337746656077974,0.0006442660323124195,0.00026125700169904486,0.0011547366841250248,-30.986566543579098,-0.609865665435791,0.0006442660323124195,0.00022102671474095024,0.0011290049802123697,0.550000011920929,0.0010852217674255371,0.0016727220455001988,0.00623889729243865,0.007026337976782817,0.8812358560447099,0.8741723491436743,0.887058659399278,0.02598392963409424,0.0312511250761891,-0.03449395298957825,-0.02917215842537324,1633,-0.13902950286865234,-0.13341630940548688,0.001065516899593617,-2.5036674737930253,0.5107295073842799,0.5107542868470611,0.48924571315293885,0.0050510964,2.0204384,0.9919968,4.9558925562493803e-05,2.4779462781246902e-05
14,All equity (ex-basket),25,75,40356,99,0.0005699276439686787,0.0002673814689889844,0.0009035193090345711,0.0008177222717811478,0.00036030391532615745,0.0013085144349679076,-35.9865665435791,-0.609865665435791,0.0008177222717811478,0.00038848524389592553,0.0013539858492300435,0.4000000059604645,-0.0006247162818908691,0.0011476866671251864,0.00623889729243865,0.007026337976782817,0.8410878547353785,0.8338616938340525,0.8472690808784765,0.024538159370422363,0.0312511250761891,-0.03605014085769653,-0.02917215842537324,1633,-0.12481814622879028,-0.13341630940548688,0.0013876499157498266,-2.4471700191497803,0.49415204678362573,0.49417682624640696,0.505823173753593,0.005259413,2.1037652,0.95075274,0.0001238973139062345,7.43383883437407e-05
14,All equity (ex-basket),25,80,40356,99,0.0005451481811874319,0.00024385012615204968,0.0008940508471459467,0.0008672811973436416,0.00045615131060231965,0.0014048274408821665,-28.789250850677494,-0.4878925085067749,0.0008672811973436416,0.00041742618912933745,0.0014033361780141978,0.4000000059604645,-0.0017009973526000977,0.0007299468481029057,0.00623889729243865,0.007026337976782817,0.6807142930253294,0.6709492506823957,0.6890644916888777,0.01826101541519165,0.0312511250761891,-0.029727697372436523,-0.02917215842537324,1633,-0.10097652673721313,-0.13341630940548688,0.0017097829319060362,-1.9488918781280562,0.4795073842799088,0.4795569432054713,0.5204430567945287,0.0045959326,1.8383731,0.79053855,0.0001238973139062345,9.911785112498761e-05
14,All equity (ex-basket),25,85,40356,99,0.000495589255624938,0.0002261480742117898,0.000835180906254468,0.0008920606601248885,0.0004232609992828472,0.0014947635490679687,-21.591941118240353,-0.36591941118240356,0.0008920606601248885,0.00044957445712305295,0.0014682050357673717,0.4000000059604645,-0.0013051033020019531,0.0005226659150316902,0.00623889729243865,0.007026337976782817,0.5092914513256285,0.501668124536938,0.5168081874942528,0.01362067461013794,0.0312511250761891,-0.022259116172790527,-0.02917215842537324,1633,-0.07561743259429932,-0.13341630940548688,0.0021805927247497275,-1.4363533258438088,0.4792843691148776,0.47930914857765883,0.5206908514223412,0.0034810014,1.3924006,0.5958111,0.0001238973139062345,9.911785112498761e-05
14,All equity (ex-basket),25,88,40356,99,0.00047080979284369113,0.00021383992257787343,0.0008016511943965493,0.0008672811973436416,0.0003811288590449917,0.0014131455036118371,-17.27355170249939,-0.2927355170249939,0.0008672811973436416,0.00041583324351694977,0.0014384683915685459,0.4000000059604645,-0.0010040998458862305,0.0004291026035613779,0.00623889729243865,0.007026337976782817,0.40723899403610114,0.3998192521835149,0.41493194898885094,0.010913729667663574,0.0312511250761891,-0.017788290977478027,-0.02917215842537324,1633,-0.060395121574401855,-0.13341630940548688,0.0026266230548121715,-1.169336318969727,0.4796560610565963,0.47968084051937754,0.5203191594806225,0.0027735105,1.1094042,0.4767443,0.00017345623946872832,9.911785112498761e-05
14,All equity (ex-basket),25,90,40356,99,0.00039647140449995043,0.00017796481303541367,0.0006408482553520899,0.0008672811973436416,0.0004214967631362666,0.0014762108952619303,-14.394625425338747,-0.24394625425338745,0.0008672811973436416,0.0003990693751083667,0.0013804198316701177,0.4000000059604645,-0.0008099973201751709,0.00036938513739634367,0.00623889729243865,0.007026337976782817,0.3392307079405127,0.3322071721675106,0.3459581415163226,0.009092152118682861,0.0312511250761891,-0.014787137508392334,-0.02917215842537324,1633,-0.05035644769668579,-0.13341630940548688,0.003295668549905838,-0.9744489192962669,0.4796312815938151,0.4796560610565963,0.5203439389434037,0.0022972315,0.91889256,0.39707947,0.000247794627812469,9.911785112498761e-05
14,All equity (ex-basket),25,92,40356,99,0.00039647140449995043,0.0001831694776209601,0.0006503990232842779,0.0008672811973436416,0.00038154710747622875,0.00140009445814599,-11.515699148178104,-0.195156991481781,0.0008672811973436416,0.0004019156408736299,0.001458279406065813,0.4000000059604645,-0.000606536865234375,0.00030887865112751606,0.00623889729243865,0.007026337976782817,0.2712937656236457,0.26617501182760195,0.2767082874457334,0.0072653889656066895,0.0312511250761891,-0.011796712875366211,-0.02917215842537324,1633,-0.040241897106170654,-0.13341630940548688,0.004608980077311924,-0.7795555591583292,0.4806967984934087,0.4807215779561899,0.5192784220438101,0.001820416,0.72816646,0.31728402,0.00034691247893745664,9.911785112498761e-05
14,All equity (ex-basket),25,94,40356,99,0.00027257409059371594,0.00011381652709282247,0.000455730730695452,0.0008920606601248885,0.0004079311867780857,0.0014947772451027617,-8.63677287101745,-0.14636772871017456,0.0008920606601248885,0.0004140963505161208,0.001491021293213647,0.4000000059604645,-0.0004165768623352051,0.00024971650540976404,0.00623889729243865,0.007026337976782817,0.20344830749595513,0.19928285095686873,0.2085204673157492,0.005446314811706543,0.0312511250761891,-0.008797556161880493,-0.02917215842537324,1633,-0.030104219913482666,-0.13341630940548688,0.007929428089999009,-0.5780639648437447,0.48297650906928336,0.48307562692040834,0.5169243730795916,0.0013447519,0.53790075,0.23742387,0.00047080979284369113,9.911785112498761e-05
14,All equity (ex-basket),25,95,40356,99,0.000247794627812469,8.7664413960404e-05,0.0004306928974720572,0.0008672811973436416,0.0003799744453750444,0.0014382326544272884,-7.197315692901607,-0.12197315692901611,0.0008672811973436416,0.0003936684315084299,0.0014109487550436194,0.4000000059604645,-0.0003082454204559326,0.00021775095358111363,0.00623889729243865,0.007026337976782817,0.16945981584341682,0.16552628706920092,0.1734635350234974,0.00456547737121582,0.0312511250761891,-0.007314085960388184,-0.02917215842537324,1633,-0.02503824234008789,-0.13341630940548688,0.01191892159777976,-0.4860711097717241,0.48488452770343937,0.4850579839429081,0.5149420160570919,0.0011082895,0.4433157,0.19752711,0.0007186044206561602,9.911785112498761e-05
14,All equity (ex-basket),25,96,40356,99,0.00022301516503122213,9.260418342754623e-05,0.0003889828311805707,0.0009663990484686292,0.00044570915654761436,0.0015965701307429588,-5.7578525543212855,-0.09757852554321289,0.0009663990484686292,0.0004735171127957129,0.0015784432326149862,0.4000000059604645,-0.00021824240684509277,0.00018571310697219597,0.00623889729243865,0.007026337976782817,0.13564966069319265,0.13261278352361205,0.1392319768893284,0.003678619861602783,0.0312511250761891,-0.005842000246047974,-0.02917215842537324,1633,-0.020016133785247803,-0.13341630940548688,0.02111210228962236,-0.3809711933135951,0.48654475170978295,0.48664386956090794,0.5133561304390921,0.0008741592,0.34966367,0.1577261,0.0012389731390623452,0.0001238973139062345
14,All equity (ex-basket),25,98,40356,99,0.0001238973139062345,2.7089537578045007e-05,0.00024103860211338395,0.0010407374368123698,0.0004974477847295624,0.001675616154110246,-2.8789262771606428,-0.048789262771606445,0.0010407374368123698,0.0004843149697825711,0.001696408548787585,0.550000011920929,-2.0325183868408203e-05,0.00011476800946038947,0.00623889729243865,0.007026337976782817,0.0685454261296682,0.06690830350688333,0.07094061909101279,0.001949012279510498,0.0312511250761891,-0.0029170215129852295,-0.02917215842537324,1633,-0.010105669498443604,-0.13341630940548688,0.5025027257409059,-0.1876335144042951,0.49737337694518785,0.4975716126474378,0.5024283873525622,0.000418897,0.1675588,0.07871009,0.014173852710873229,0.00022301516503122213
14,Index/ETF,6,50,15262,99,0.0,0.0,0.0,0.0,0.0,0.0,8.983409404754639,-0.4101659059524536,0.0,0.0,0.0,,0.0050623416900634766,0.002942809039589431,0.0062695315880352265,0.004148720653692759,0.9585818297373436,0.9551273500049694,0.9614078536688911,0.021633803844451904,0.022860904374350843,-0.022995442152023315,-0.02182196749363946,272,-0.12645578384399414,-0.12540659163494577,0.0,,0.566177434150177,0.566177434150177,0.4338225658498231,0.001202127,2.0035448,0.9999935,0.0,0.0
14,Index/ETF,6,55,15262,99,0.0,0.0,0.0,0.0,0.0,0.0,2.610279321670528,-0.4238972067832947,0.0,0.0,0.0,,0.0050623416900634766,0.0029395682020341095,0.0062695315880352265,0.004148720653692759,0.9585818297373436,0.9553923164769965,0.9617167735640766,0.021633803844451904,0.022860904374350843,-0.022995442152023315,-0.02182196749363946,272,-0.12645578384399414,-0.12540659163494577,0.0,,0.566177434150177,0.566177434150177,0.4338225658498231,0.0012021317,2.0035527,0.9999808,0.0,0.0
14,Index/ETF,6,60,15262,99,6.552221202987813e-05,0.0,0.00021270502077815564,6.552221202987813e-05,0.0,0.00021354517869761342,-2.959499359130857,-0.4295949935913086,6.552221202987813e-05,0.0,0.00021517316050157683,0.8999999761581421,0.0050623416900634766,0.002919022759827604,0.0062695315880352265,0.004148720653692759,0.9585270290639281,0.9553631249144043,0.9616379103109337,0.021633803844451904,0.022860904374350843,-0.022995442152023315,-0.02182196749363946,272,-0.1273326575756073,-0.12540659163494577,6.552221202987813e-05,-2.959499359130857,0.566177434150177,0.566177434150177,0.4338225658498231,0.0012023252,2.0038753,0.9999092,0.0,0.0
14,Index/ETF,6,65,15262,99,6.552221202987813e-05,0.0,0.00021546962360165234,6.552221202987813e-05,0.0,0.0002197615713534833,-6.901856660842897,-0.41901856660842896,6.552221202987813e-05,0.0,0.00022274550119656135,0.8999999761581421,0.0050539374351501465,0.0028630156587951382,0.0062695315880352265,0.004148720653692759,0.9582181434518164,0.9550950466368011,0.9614981688890593,0.021630406379699707,0.022860904374350843,-0.022999554872512817,-0.02182196749363946,272,-0.13080453872680664,-0.12540659163494577,6.552221202987813e-05,-6.901856660842897,0.566111911938147,0.566111911938147,0.433888088061853,0.0012031003,2.0051672,0.9994761,0.0,0.0
14,Index/ETF,6,70,15262,99,6.552221202987813e-05,0.0,0.00021914622295519674,6.552221202987813e-05,0.0,0.0002312904184421137,-5.2397859096527055,-0.3523978590965271,6.552221202987813e-05,0.0,0.00023255499890036845,0.8999999761581421,0.005033910274505615,0.002764400754276726,0.0062695315880352265,0.004148720653692759,0.9563677980774882,0.9531104255798544,0.959175088960887,0.02160060405731201,0.022860904374350843,-0.023109227418899536,-0.02182196749363946,272,-0.129734605550766,-0.12540659163494577,6.552221202987813e-05,-5.2397859096527055,0.5655222120298782,0.5655222120298782,0.4344777879701219,0.0012066752,2.0111253,0.99707365,0.0,0.0
14,Index/ETF,6,75,15262,99,6.552221202987813e-05,0.0,0.00021113713387369045,6.552221202987813e-05,0.0,0.00022074390719069761,-4.0033042430877686,-0.2900330424308777,6.552221202987813e-05,0.0,0.00022185649341551478,0.8999999761581421,0.004188358783721924,0.0025575885983910632,0.0062695315880352265,0.004148720653692759,0.9291769636047925,0.9237634698612754,0.9334963189977824,0.02078455686569214,0.022860904374350843,-0.023931682109832764,-0.02182196749363946,272,-0.11576539278030396,-0.12540659163494577,6.552221202987813e-05,-4.0033042430877686,0.5554317913772769,0.5554973135893068,0.44450268641069324,0.0012428793,2.0714655,0.96711534,0.0,0.0
14,Index/ETF,6,80,15262,99,6.552221202987813e-05,0.0,0.00023493099799345852,6.552221202987813e-05,0.0,0.00021945261010711072,-3.2026398181915328,-0.23202639818191528,6.552221202987813e-05,0.0,0.00022074325661890185,0.8999999761581421,0.0027816295623779297,0.002032753938835643,0.0062695315880352265,0.004148720653692759,0.7534275202196863,0.7451707931358259,0.7603360811006035,0.016288697719573975,0.022860904374350843,-0.01956912875175476,-0.02182196749363946,272,-0.09377747774124146,-0.12540659163494577,0.00013104442405975625,-3.2026398181915328,0.5460621150570043,0.5461276372690342,0.4538723627309658,0.001064365,1.7739418,0.7981733,0.0,0.0
14,Index/ETF,6,85,15262,99,6.552221202987813e-05,0.0,0.00021532166109249445,6.552221202987813e-05,0.0,0.00022510370860346311,-2.4019813537597634,-0.17401981353759766,6.552221202987813e-05,0.0,0.00022656570785300873,0.8999999761581421,0.00209122896194458,0.0014987900831677189,0.0062695315880352265,0.004148720653692759,0.5629865667992584,0.5558407811998467,0.5687926180845002,0.01216059923171997,0.022860904374350843,-0.01464107632637024,-0.02182196749363946,272,-0.07019314169883728,-0.12540659163494577,0.0003276110601493906,-2.4019813537597634,0.5455379373607653,0.545668981784825,0.45433101821517496,0.0007960486,1.3267478,0.5988191,0.0,0.0
14,Index/ETF,6,88,15262,99,6.552221202987813e-05,0.0,0.0002294283575063423,6.552221202987813e-05,0.0,0.00022511985705692966,-1.921582698822022,-0.13921582698822021,6.552221202987813e-05,0.0,0.00021969308856597443,0.8999999761581421,0.0016894340515136719,0.0011946590703462588,0.0062695315880352265,0.004148720653692759,0.4495761134315226,0.44431953288428616,0.4546804607028279,0.0097464919090271,0.022860904374350843,-0.011716246604919434,-0.02182196749363946,272,-0.05627429485321045,-0.12540659163494577,0.00039313327217926875,-1.921582698822022,0.5465862927532433,0.5466518149652733,0.4533481850347268,0.0006323414,1.0539024,0.4784882,0.0,0.0
14,Index/ETF,6,90,15262,99,6.552221202987813e-05,0.0,0.00021373243048201517,6.552221202987813e-05,0.0,0.0002312734584933874,-1.6013228893280052,-0.11601322889328003,6.552221202987813e-05,0.0,0.0002151769459994426,0.8999999761581421,0.001401662826538086,0.0009976748346329485,0.0062695315880352265,0.004148720653692759,0.3743073706655531,0.36983825797623326,0.3786536288098657,0.008106589317321777,0.022860904374350843,-0.00975644588470459,-0.02182196749363946,272,-0.0468047559261322,-0.12540659163494577,0.00039313327217926875,-1.6013228893280052,0.5471759926615123,0.5472415148735421,0.4527584851264579,0.00052327814,0.8721302,0.39822558,0.0,0.0
14,Index/ETF,6,92,15262,99,6.552221202987813e-05,0.0,0.0002255092579399836,6.552221202987813e-05,0.0,0.00022211787450196208,-1.2811524868011515,-0.09281152486801147,6.552221202987813e-05,0.0,0.00022115480529297685,0.8999999761581421,0.0011444687843322754,0.000796907469229935,0.0062695315880352265,0.004148720653692759,0.29885436748496924,0.2950410707527598,0.30193391251814916,0.006475627422332764,0.022860904374350843,-0.00781095027923584,-0.02182196749363946,272,-0.03728240728378296,-0.12540659163494577,0.0007862665443585375,-1.2811524868011515,0.5480933036299306,0.5481588258419604,0.4518411741580396,0.0004146299,0.6910499,0.31794804,0.0,0.0
14,Index/ETF,6,94,15262,99,0.0,0.0,0.0,6.552221202987813e-05,0.0,0.00021132194160512023,-0.9592416286468453,-0.0695924162864685,6.552221202987813e-05,0.0,0.00022092615227676819,0.8999999761581421,0.000883638858795166,0.0005962596802267206,0.0062695315880352265,0.004148720653692759,0.22356148134042436,0.2205113446288423,0.2257567850675189,0.0048667192459106445,0.022860904374350843,-0.0058062076568603516,-0.02182196749363946,272,-0.028043121099472046,-0.12540659163494577,0.001507010876687197,-0.9592416286468453,0.5486830035381994,0.5486830035381994,0.45131699646180057,0.0003064883,0.5108139,0.23769303,0.0,0.0
14,Index/ETF,6,95,15262,99,0.0,0.0,0.0,6.552221202987813e-05,0.0,0.00020665001567269815,-0.7692587375640825,-0.05769258737564087,6.552221202987813e-05,0.0,0.00022743512861340273,0.8999999761581421,0.0007811188697814941,0.0004976231005819484,0.0062695315880352265,0.004148720653692759,0.18616813038869082,0.18376269767768713,0.1880815334052445,0.0040721893310546875,0.022860904374350843,-0.004833579063415527,-0.02182196749363946,272,-0.023199230432510376,-0.12540659163494577,0.0033416328135237846,-0.7692587375640825,0.550583147687066,0.550583147687066,0.4494168523129341,0.00025290318,0.42150527,0.19768354,0.0,0.0
14,Index/ETF,6,96,15262,99,0.0,0.0,0.0,6.552221202987813e-05,0.0,0.00022064977634534834,-0.6154081821441615,-0.04615408182144165,6.552221202987813e-05,0.0,0.00022886874009304476,0.8999999761581421,0.0006530880928039551,0.0003996785510931364,0.0062695315880352265,0.004148720653692759,0.14892003128365422,0.14701174200544473,0.15028954893203184,0.0032808780670166016,0.022860904374350843,-0.0038538575172424316,-0.02182196749363946,272,-0.018441081047058105,-0.12540659163494577,0.007404009959376228,-0.6154081821441615,0.5526143362599921,0.5526798584720221,0.447320141527978,0.00020000951,0.33334914,0.15786453,6.552221202987813e-05,0.0
14,Index/ETF,6,98,15262,99,0.0,0.0,0.0,6.552221202987813e-05,0.0,0.00021421541305646273,-0.2862195968627912,-0.02286219596862793,6.552221202987813e-05,0.0,0.0002204954922378118,0.8999999761581421,0.0003673434257507324,0.00020572152210865963,0.0062695315880352265,0.004148720653692759,0.0749688335931763,0.0741914686123255,0.07559930437616395,0.0016867518424987793,0.022860904374350843,-0.0019360780715942383,-0.02182196749363946,272,-0.009435147047042847,-0.12540659163494577,0.4404403092648408,-0.2862195968627912,0.5594941685231294,0.5596252129471891,0.4403747870528109,9.72865e-05,0.16214418,0.07900988,0.004062377145852444,0.0
14,Index/ETF,25,50,15262,99,0.0,0.0,0.0,0.0,0.0,0.0,8.733296394348145,-0.41266703605651855,0.0,0.0,0.0,,0.0012444853782653809,-0.0008670534582691695,0.0062695315880352265,0.004148720653692759,0.8275883273488631,0.8134346882836865,0.839840377824057,0.01775294542312622,0.022860904374350843,-0.0267067551612854,-0.02182196749363946,272,-0.1297740936279297,-0.12540659163494577,0.0,,0.5170357751277683,0.5171012973397981,0.4828987026602018,0.0050040926,2.001637,0.9999934,0.0,0.0
14,Index/ETF,25,55,15262,99,0.0,0.0,0.0,0.0,0.0,0.0,2.3627769947051958,-0.426372230052948,0.0,0.0,0.0,,0.0012444853782653809,-0.0008706344625237822,0.0062695315880352265,0.004148720653692759,0.8275883273488631,0.8136348208463561,0.8397706055256863,0.01775294542312622,0.022860904374350843,-0.0267067551612854,-0.02182196749363946,272,-0.1297740936279297,-0.12540659163494577,0.0,,0.5170357751277683,0.5171012973397981,0.4828987026602018,0.005004126,2.0016506,0.99998116,0.0,0.0
14,Index/ETF,25,60,15262,99,6.552221202987813e-05,0.0,0.00021940446168771332,6.552221202987813e-05,0.0,0.000217409628867896,-3.1761801242828347,-0.43176180124282837,6.552221202987813e-05,0.0,0.0002192722857302636,0.8999999761581421,0.0012444853782653809,-0.0008922402167629561,0.0062695315880352265,0.004148720653692759,0.8275292886351308,0.8133918597351659,0.8391685790968119,0.01775294542312622,0.022860904374350843,-0.0267067551612854,-0.02182196749363946,272,-0.13106754422187805,-0.12540659163494577,6.552221202987813e-05,-3.1761801242828347,0.5170357751277683,0.5171012973397981,0.4828987026602018,0.0050049433,2.0019772,0.99990493,0.0,0.0
14,Index/ETF,25,65,15262,99,6.552221202987813e-05,0.0,0.00021602289374202035,6.552221202987813e-05,0.0,0.00022568184657080796,-6.958218812942507,-0.41958218812942505,6.552221202987813e-05,0.0,0.00022787715274835878,0.8999999761581421,0.0012360811233520508,-0.0009520295179932197,0.0062695315880352265,0.004148720653692759,0.8271952250733068,0.81347262374853,0.8393115362275614,0.017749547958374023,0.022860904374350843,-0.02671799063682556,-0.02182196749363946,272,-0.13410630822181702,-0.12540659163494577,6.552221202987813e-05,-6.958218812942507,0.5169702529157384,0.5170357751277683,0.4829642248722317,0.005008228,2.0032914,0.99944955,0.0,0.0
14,Index/ETF,25,70,15262,99,6.552221202987813e-05,0.0,0.00023790235874464284,6.552221202987813e-05,0.0,0.00023060990394590156,-5.308808088302608,-0.3530880808830261,6.552221202987813e-05,0.0,0.00021717973999631942,0.8999999761581421,0.0012139678001403809,-0.0010638766145974871,0.0062695315880352265,0.004148720653692759,0.8251648379151875,0.8126864726425634,0.8373405842241185,0.017716705799102783,0.022860904374350843,-0.026834070682525635,-0.02182196749363946,272,-0.13287553191184998,-0.12540659163494577,6.552221202987813e-05,-5.308808088302608,0.51611846415935,0.5161839863713799,0.4838160136286201,0.0050237584,2.0095034,0.99689907,0.0,0.0
14,Index/ETF,25,75,15262,99,6.552221202987813e-05,0.0,0.0002454273264133523,6.552221202987813e-05,0.0,0.00021071904922619118,-4.080438613891602,-0.290804386138916,6.552221202987813e-05,0.0,0.00021224369764917647,0.8999999761581421,0.0001423358917236328,-0.0014020817501019126,0.0062695315880352265,0.004148720653692759,0.7913491443187648,0.779603456397035,0.8018807848423115,0.01671677827835083,0.022860904374350843,-0.027772217988967896,-0.02182196749363946,272,-0.11871853470802307,-0.12540659163494577,6.552221202987813e-05,-4.080438613891602,0.5017690997248067,0.5018346219368366,0.4981653780631634,0.0051853037,2.0741215,0.9639598,0.0,0.0
14,Index/ETF,25,80,15262,99,6.552221202987813e-05,0.0,0.000222768829642703,6.552221202987813e-05,0.0,0.0002282337319573459,-3.264354467391972,-0.23264354467391968,6.552221202987813e-05,0.0,0.00021561819839543503,0.8999999761581421,-0.0005371272563934326,-0.0013459880501051403,0.0062695315880352265,0.004148720653692759,0.6307460902766822,0.6181782807198462,0.6422262250814879,0.012796163558959961,0.022860904374350843,-0.02262207865715027,-0.02182196749363946,272,-0.09620150923728943,-0.12540659163494577,0.00013104442405975625,-3.264354467391972,0.49167867907220547,0.49167867907220547,0.5083213209277945,0.0044160457,1.7664181,0.79295903,0.0,0.0
14,Index/ETF,25,85,15262,99,6.552221202987813e-05,0.0,0.0002191625950658794,6.552221202987813e-05,0.0,0.0002175711247568929,-2.4482643604278542,-0.17448264360427856,6.552221202987813e-05,0.0,0.00021679585662419921,0.8999999761581421,-0.0003757476806640625,-0.0010234189055378698,0.0062695315880352265,0.004148720653692759,0.4712157935187383,0.4619122086781647,0.4800181322146681,0.009625792503356934,0.022860904374350843,-0.01691228151321411,-0.02182196749363946,272,-0.07200789451599121,-0.12540659163494577,0.0003276110601493906,-2.4482643604278542,0.4925304678285939,0.4925304678285939,0.5074695321714061,0.0033014347,1.3205738,0.594659,0.0,0.0
14,Index/ETF,25,88,15262,99,6.552221202987813e-05,0.0,0.0002133713082118722,6.552221202987813e-05,0.0,0.0002211999082538746,-1.9586091041564946,-0.13958609104156494,6.552221202987813e-05,0.0,0.00022258154792173412,0.8999999761581421,-0.00024834275245666504,-0.0008072170146154304,0.0062695315880352265,0.004148720653692759,0.376810055346175,0.3693513161593565,0.383654265559129,0.0076850056648254395,0.022860904374350843,-0.01351502537727356,-0.02182196749363946,272,-0.057697832584381104,-0.12540659163494577,0.00039313327217926875,-1.9586091041564946,0.4922683789804744,0.4922683789804744,0.5077316210195256,0.002622807,1.0491228,0.47512805,0.0,0.0
14,Index/ETF,25,90,15262,99,6.552221202987813e-05,0.0,0.00022505725571791377,6.552221202987813e-05,0.0,0.00021212061952440549,-1.6321742534637473,-0.11632174253463745,6.552221202987813e-05,0.0,0.0002201763908026348,0.8999999761581421,-0.00019723176956176758,-0.0006606560900988983,0.0062695315880352265,0.004148720653692759,0.31403939277877513,0.30837870903702674,0.3203147931850265,0.006398141384124756,0.022860904374350843,-0.011242926120758057,-0.02182196749363946,272,-0.04813295602798462,-0.12540659163494577,0.00039313327217926875,-1.6321742534637473,0.49318568994889267,0.49325121216092255,0.5067487878390774,0.0021705772,0.868231,0.39541197,0.0,0.0
14,Index/ETF,25,92,15262,99,6.552221202987813e-05,0.0,0.000214584696711562,6.552221202987813e-05,0.0,0.00023236152872497195,-1.3059062957763712,-0.09305906295776367,6.552221202987813e-05,0.0,0.00021556486101625781,0.8999999761581421,-0.00012072920799255371,-0.0005166628283889465,0.0062695315880352265,0.004148720653692759,0.2511658393583527,0.24635759232744475,0.2557768460677538,0.005144894123077393,0.022860904374350843,-0.008975088596343994,-0.02182196749363946,272,-0.038209110498428345,-0.12540659163494577,0.0008517887563884157,-1.3059062957763712,0.49508583409775914,0.495151356309789,0.504848643690211,0.0017201036,0.68804145,0.31576252,0.0,0.0
14,Index/ETF,25,94,15262,99,0.0,0.0,0.0,6.552221202987813e-05,0.0,0.00022806789620458012,-0.9774210453033394,-0.06977421045303345,6.552221202987813e-05,0.0,0.00022263709784901614,0.8999999761581421,-6.896257400512695e-05,-0.00037520618914245636,0.0062695315880352265,0.004148720653692759,0.18843922550778663,0.18461178217082072,0.19186840912191133,0.003876984119415283,0.022860904374350843,-0.006694287061691284,-0.02182196749363946,272,-0.028658032417297363,-0.12540659163494577,0.0017690997248067095,-0.9774210453033394,0.4969859782466256,0.49711702267068536,0.5028829773293146,0.0012719105,0.50876415,0.2361594,0.0,0.0
14,Index/ETF,25,95,15262,99,0.0,0.0,0.0,6.552221202987813e-05,0.0,0.00022882037106865675,-0.7864129543304399,-0.05786412954330444,6.552221202987813e-05,0.0,0.0002238122935179565,0.8999999761581421,-5.036592483520508e-06,-0.0003028305286724404,0.0062695315880352265,0.004148720653692759,0.15736112472550148,0.15451382299160066,0.16009854691018108,0.0032587647438049316,0.022860904374350843,-0.005547523498535156,-0.02182196749363946,272,-0.023788243532180786,-0.12540659163494577,0.003538199449613419,-0.7864129543304399,0.49960686672782073,0.49980343336391037,0.5001965666360896,0.0010497681,0.4199072,0.19648623,0.0,0.0
14,Index/ETF,25,96,15262,99,0.0,0.0,0.0,6.552221202987813e-05,0.0,0.0002175121970477032,-0.6291291713714564,-0.0462912917137146,6.552221202987813e-05,0.0,0.00021765562514057941,0.8999999761581421,1.9371509552001953e-05,-0.00023520696195983087,0.0062695315880352265,0.004148720653692759,0.1261879418002226,0.12403074690663558,0.1280874290540283,0.002640843391418457,0.022860904374350843,-0.004438549280166626,-0.02182196749363946,272,-0.018834620714187622,-0.12540659163494577,0.007993709867645131,-0.6291291713714564,0.5019001441488664,0.5020311885729262,0.4979688114270738,0.0008307424,0.332297,0.15699728,6.552221202987813e-05,0.0
14,Index/ETF,25,98,15262,99,0.0,0.0,0.0,6.552221202987813e-05,0.0,0.00021821872174358165,-0.292752265930174,-0.022927522659301758,6.552221202987813e-05,0.0,0.0002102681622463141,0.8999999761581421,5.793571472167969e-05,-0.00010252961198869,0.0062695315880352265,0.004148720653692759,0.06419094276858323,0.06318904796422234,0.06512362212933513,0.0013726353645324707,0.022860904374350843,-0.002234339714050293,-0.02182196749363946,272,-0.00960683822631836,-0.12540659163494577,0.4901061459834884,-0.292752265930174,0.5098283318044817,0.5099593762285415,0.4900406237714585,0.000404701,0.1618804,0.078743204,0.004455510418031713,0.0
14,Single stock,6,50,25094,65,0.00011955049015700964,0.0,0.0002669061241669653,0.0002391009803140193,3.951211146821466e-05,0.0005053430562250023,-10.837802290916443,-0.6083780229091644,0.0002391009803140193,4.0322469676200694e-05,0.00048050788326416057,0.5,0.004980921745300293,0.007539928934484247,0.006187937621216721,0.00877648524644889,0.9776661145183358,0.9761708667005564,0.9790850267858898,0.03880321979522705,0.0400635296116898,-0.035705119371414185,-0.034546933476616304,1361,-0.13619983196258545,-0.1351351351351351,0.0003586514704710289,-1.3651534914970398,0.5372200526022156,0.5372200526022156,0.46277994739778433,0.0012050217,2.0083697,0.9996717,3.985016338566988e-05,3.985016338566988e-05
14,Single stock,6,55,25094,65,0.00015940065354267953,3.808062240180535e-05,0.0003210201508484539,0.0002391009803140193,3.77205183321331e-05,0.0004967241174529229,-15.837802290916446,-0.6083780229091644,0.0002391009803140193,3.897899236387582e-05,0.0004910517960617132,0.5,0.004979193210601807,0.007528089836621043,0.006187937621216721,0.00877648524644889,0.9775331145522292,0.9761147847665443,0.9788265290050561,0.03880321979522705,0.0400635296116898,-0.035705119371414185,-0.034546933476616304,1361,-0.13634932041168213,-0.1351351351351351,0.0004782019606280386,-3.528508841991429,0.53718020243883,0.53718020243883,0.46281979756117,0.0012052101,2.0086837,0.9994082,3.985016338566988e-05,3.985016338566988e-05
14,Single stock,6,60,25094,65,0.0001992508169283494,3.8375305121762814e-05,0.00039820175087361507,0.0003586514704710289,0.00011103212123715876,0.0007288479775548992,-20.83780229091644,-0.6083780229091644,0.0003586514704710289,8.362737065959073e-05,0.0006927862927338939,0.6000000238418579,0.004979193210601807,0.007491957009993028,0.006187937621216721,0.00877648524644889,0.9771958647664092,0.9756701494800101,0.9785503613414726,0.03880321979522705,0.0400635296116898,-0.03570902347564697,-0.034546933476616304,1361,-0.1370946764945984,-0.1351351351351351,0.000677452777556388,-1.3281738758087136,0.53718020243883,0.53718020243883,0.46281979756117,0.0012058746,2.009791,0.9987472,3.985016338566988e-05,3.985016338566988e-05
14,Single stock,6,65,25094,65,0.0004782019606280386,0.00011382524147180094,0.00098804214250722,0.0006376026141707181,0.0001584439447362053,0.00118345975141581,-25.837802290916446,-0.6083780229091644,0.0006376026141707181,0.0001835239702669497,0.0011830002369172866,0.550000011920929,0.004960000514984131,0.007396292989782445,0.006187937621216721,0.00877648524644889,0.975782149443765,0.9733815717467944,0.9772853646977194,0.03876739740371704,0.0400635296116898,-0.03579750657081604,-0.034546933476616304,1361,-0.13893628120422363,-0.1351351351351351,0.000996254084641747,-2.5092148780822776,0.537060651948673,0.537060651948673,0.462939348051327,0.0012078859,2.0131433,0.99681246,3.985016338566988e-05,3.985016338566988e-05
14,Single stock,6,70,25094,65,0.0005180521240137084,0.0001525583584109412,0.0009930731117679444,0.000996254084641747,0.0003898152964747848,0.0017810330530165159,-30.83780229091644,-0.6083780229091644,0.000996254084641747,0.000368216859376477,0.0016941452452030237,0.5,0.004763007164001465,0.007213029406256359,0.006187937621216721,0.00877648524644889,0.971049624556025,0.9673374330551943,0.9736038139920576,0.038657546043395996,0.0400635296116898,-0.03645738959312439,-0.034546933476616304,1361,-0.1364312767982483,-0.1351351351351351,0.0015940065354267952,-1.9719791412353471,0.5355463457400176,0.5355463457400176,0.4644536542599825,0.0012169877,2.0283127,0.98948604,7.970032677133976e-05,3.985016338566988e-05
14,Single stock,6,75,25094,65,0.0007970032677133976,0.0003727014987477612,0.0013130427724787515,0.0012353550649557663,0.0005173074552691128,0.0020141254627583038,-35.83780229091644,-0.6083780229091644,0.0012353550649557663,0.00046916521368490713,0.0020300631699244156,0.4000000059604645,0.0027538537979125977,0.006772286673936367,0.006187937621216721,0.00877648524644889,0.9345668225962752,0.9277355684958047,0.9402355913654352,0.03679704666137695,0.0400635296116898,-0.03798562288284302,-0.034546933476616304,1361,-0.12296968698501587,-0.1351351351351351,0.002072208496054834,-2.326846122741699,0.5189686777715788,0.5189686777715788,0.48103132222842115,0.0012713919,2.1189861,0.9459659,0.0001992508169283494,0.00011955049015700964
14,Single stock,6,80,25094,65,0.0008368534310990675,0.00039382652586747257,0.0013944414526304721,0.0013150553917271061,0.0006545989535032261,0.002195118907613662,-28.67024421691895,-0.48670244216918945,0.0013150553917271061,0.0005841404058605631,0.0021749101716493175,0.4000000059604645,0.0005267858505249023,0.0056174184693238965,0.006187937621216721,0.00877648524644889,0.7708094525957687,0.7628447598677291,0.7780286312273518,0.02822136878967285,0.0400635296116898,-0.031579673290252686,-0.034546933476616304,1361,-0.09931081533432007,-0.1351351351351351,0.0025105602932972027,-1.8412280082702681,0.5049812704232087,0.5049812704232087,0.49501872957679127,0.0011339029,1.8898381,0.7943465,0.0001992508169283494,0.00011955049015700964
14,Single stock,6,85,25094,65,0.0007571531043277278,0.0003374246979911625,0.0012470961171667438,0.0012752052283414362,0.0005648586665942924,0.0021321117544558605,-21.502683162689205,-0.3650268316268921,0.0012752052283414362,0.0005928996560652588,0.002096608063779661,0.4000000059604645,0.0003148317337036133,0.004228973869423453,0.006187937621216721,0.00877648524644889,0.5788782199626956,0.5699636257709523,0.5850723761315431,0.020937025547027588,0.0400635296116898,-0.023712962865829468,-0.034546933476616304,1361,-0.07451516389846802,-0.1351351351351351,0.0032278632342392605,-1.3869559764862038,0.504104566828724,0.5041842671554954,0.49581573284450464,0.00086628925,1.4438154,0.60103726,0.0001992508169283494,0.00015940065354267953
14,Single stock,6,88,25094,65,0.0007173029409420578,0.0003207321259024911,0.0011927813244464178,0.0012752052283414362,0.0005685326220879939,0.0021122621454776123,-17.20214533805847,-0.2920214533805847,0.0012752052283414362,0.0005594970968562771,0.0020929953396749894,0.4000000059604645,0.00024580955505371094,0.003388342555133415,0.006187937621216721,0.00877648524644889,0.46287480295215566,0.455223651084056,0.46965114680954007,0.016694962978363037,0.0400635296116898,-0.0189095139503479,-0.034546933476616304,1361,-0.05958467721939087,-0.1351351351351351,0.003785765521638639,-1.109567761421204,0.5040647166653384,0.5041444169921097,0.49585558300789034,0.0006914362,1.1523936,0.48149303,0.0002391009803140193,0.00015940065354267953
14,Single stock,6,90,25094,65,0.0005977524507850482,0.00030062274007696185,0.0009806219856154253,0.0013150553917271061,0.0005526465000351761,0.0022974686664505306,-14.335122108459474,-0.24335122108459473,0.0013150553917271061,0.000521977791905903,0.0022075797529107904,0.4000000059604645,0.0002186894416809082,0.00282595510016098,0.006187937621216721,0.00877648524644889,0.38541113170358243,0.37832746294160835,0.39177984232956975,0.013859808444976807,0.0400635296116898,-0.0157606303691864,-0.034546933476616304,1361,-0.049569785594940186,-0.1351351351351351,0.004702319279509046,-0.9206140041351341,0.5045030684625808,0.5045429186259663,0.49545708137403366,0.0005729506,0.9549176,0.4012583,0.0003985016338566988,0.00015940065354267953
14,Single stock,6,92,25094,65,0.0005977524507850482,0.00027270488378206866,0.000973656302123804,0.0012752052283414362,0.0005015240557979752,0.0021739502779755783,-11.468098878860477,-0.19468098878860474,0.0012752052283414362,0.0005735677107519152,0.0021212065197519807,0.4000000059604645,0.00018990039825439453,0.002258418681774138,0.006187937621216721,0.00877648524644889,0.3078846785408595,0.3018328570780246,0.3138280610210031,0.011067688465118408,0.0400635296116898,-0.012566626071929932,-0.034546933476616304,1361,-0.039713919162750244,-0.1351351351351351,0.00657527695863553,-0.7397098541259806,0.5049812704232087,0.5050211205865944,0.49497887941340557,0.0004540004,0.75666726,0.32075772,0.0005180521240137084,0.00015940065354267953
14,Single stock,6,94,25094,65,0.0004383517972423687,0.00018482068585954535,0.0007146286992673655,0.0013150553917271061,0.0005674604656070821,0.002214780458271531,-8.601069688796992,-0.14601069688796997,0.0013150553917271061,0.0005821382785217927,0.0022198708085927527,0.4000000059604645,0.0001850128173828125,0.0017012678204926589,0.006187937621216721,0.00877648524644889,0.23050602068928852,0.22581359840359125,0.23566561799902636,0.008310675621032715,0.0400635296116898,-0.009385555982589722,-0.034546933476616304,1361,-0.029757261276245117,-0.1351351351351351,0.011078345421216227,-0.5523684024810738,0.5060173746712362,0.5060572248346218,0.49394277516537816,0.00033511128,0.5585188,0.24007837,0.0007571531043277278,0.00015940065354267953
14,Single stock,6,95,25094,65,0.0003985016338566988,0.00015375335919242623,0.0006927111746591379,0.0012752052283414362,0.0004797175882682648,0.002254455486357348,-7.167561054229732,-0.12167561054229736,0.0012752052283414362,0.000534738343665951,0.002222045795462271,0.4000000059604645,0.0001710057258605957,0.0014149840418500254,0.006187937621216721,0.00877648524644889,0.19160897307797958,0.18750461781547834,0.19634625338948203,0.0068852901458740234,0.0400635296116898,-0.0077972412109375,-0.034546933476616304,1361,-0.024660050868988037,-0.1351351351351351,0.01617916633458197,-0.5430710315704301,0.5065354267952499,0.5066151271220212,0.4933848728779788,0.00027593793,0.45989656,0.19967905,0.0011158045747987567,0.00015940065354267953
14,Single stock,6,96,25094,65,0.0003586514704710289,0.00015556407495671978,0.0006246144972263313,0.0013947557184984458,0.0006501395112682922,0.002244148765570939,-5.7340464591979945,-0.09734046459197998,0.0013947557184984458,0.0006322246738928505,0.002279715574593823,0.4000000059604645,0.00018602609634399414,0.0011343778443353588,0.006187937621216721,0.00877648524644889,0.15298744240544157,0.14971137211591318,0.15710673813322118,0.005520462989807129,0.0400635296116898,-0.0062178075313568115,-0.034546933476616304,1361,-0.01971989870071411,-0.1351351351351351,0.0268590101219415,-0.37638163566589,0.5081294333306766,0.508328684147605,0.491671315852395,0.00021716685,0.3619447,0.1593104,0.0018729576791264844,0.0001992508169283494
14,Single stock,6,98,25094,65,0.0002391009803140193,7.824971066287419e-05,0.00043606845117383317,0.0015940065354267952,0.0007622106284377175,0.0026552062523067447,-2.8670232295989972,-0.04867023229598999,0.0015940065354267952,0.000764133795376829,0.002682669905012638,0.5,0.00019693374633789062,0.000574688239430891,0.006187937621216721,0.00877648524644889,0.07645886772068727,0.07443000873277705,0.07904310550583396,0.0028537511825561523,0.0400635296116898,-0.003102898597717285,-0.034546933476616304,1361,-0.009949922561645508,-0.1351351351351351,0.4821072766398342,-0.1773338317871076,0.5176934725432374,0.5180919741770941,0.48190802582290587,0.00010295211,0.17158683,0.07911833,0.018689726627879176,0.0003586514704710289
14,Single stock,25,50,25094,65,0.00011955049015700964,0.0,0.0002606604354791129,0.0002391009803140193,3.784990840218908e-05,0.0005004810768548792,-10.986566543579102,-0.609865665435791,0.0002391009803140193,3.9404152910024416e-05,0.0005073347678177671,0.5,0.0011632442474365234,0.0037119314686144414,0.006187937621216721,0.00877648524644889,0.9073507623518908,0.9011429299965522,0.9134611356621188,0.034857094287872314,0.0400635296116898,-0.03936818242073059,-0.034546933476616304,1361,-0.1394810676574707,-0.1351351351351351,0.0003985016338566988,-1.4745980501174927,0.5093647883956324,0.5093647883956324,0.49063521160436757,0.0050161364,2.0064545,0.99966705,3.985016338566988e-05,3.985016338566988e-05
14,Single stock,25,55,25094,65,0.00015940065354267953,3.7273063475973434e-05,0.00032430220168103645,0.0002391009803140193,3.901438049008276e-05,0.0004950030553926275,-15.986566543579105,-0.609865665435791,0.0002391009803140193,3.6992697577080844e-05,0.0005073754836892965,0.5,0.0011615753173828125,0.003699262652671165,0.006187937621216721,0.00877648524644889,0.9072039667561538,0.9005092154948933,0.9132693969028963,0.034857094287872314,0.0400635296116898,-0.03936818242073059,-0.034546933476616304,1361,-0.13963007926940918,-0.1351351351351351,0.0005180521240137084,-3.663599789142613,0.5093249382322468,0.5093249382322468,0.4906750617677533,0.0050169313,2.0067725,0.99939775,3.985016338566988e-05,3.985016338566988e-05
14,Single stock,25,60,25094,65,0.0002391009803140193,4.213996462401231e-05,0.00046926860482752986,0.0003586514704710289,9.130066530790309e-05,0.0006842493731530598,-20.986566543579098,-0.609865665435791,0.0003586514704710289,8.48682438653388e-05,0.0007059537333910336,0.6000000238418579,0.0011615753173828125,0.0036590782184852417,0.006187937621216721,0.00877648524644889,0.9068327792829308,0.9003745459678787,0.9126654259966592,0.034857094287872314,0.0400635296116898,-0.03937205672264099,-0.034546933476616304,1361,-0.14037257432937622,-0.1351351351351351,0.0007173029409420578,-1.4151251316070534,0.5093249382322468,0.5093249382322468,0.4906750617677533,0.0050197556,2.007902,0.99871624,3.985016338566988e-05,3.985016338566988e-05
14,Single stock,25,65,25094,65,0.0005180521240137084,0.0001564742703160412,0.0009482760631608218,0.0007173029409420578,0.00021308277651553958,0.0012955572442239827,-25.986566543579105,-0.609865665435791,0.0007173029409420578,0.00024085096868002543,0.0013446278795950831,0.550000011920929,0.0011377930641174316,0.0035549523695594352,0.006187937621216721,0.00877648524644889,0.9053559646215954,0.8996053928115869,0.9110560987671955,0.03482145071029663,0.0400635296116898,-0.03947129845619202,-0.034546933476616304,1361,-0.14247286319732666,-0.1351351351351351,0.001036104248027417,-2.198781967163088,0.5091256874153184,0.5091256874153184,0.4908743125846816,0.0050283475,2.011339,0.99671036,3.985016338566988e-05,3.985016338566988e-05
14,Single stock,25,70,25094,65,0.0005977524507850482,0.00019512087782893006,0.0011160184764777148,0.000996254084641747,0.0003929701379314251,0.0018068410161885128,-30.986566543579098,-0.609865665435791,0.000996254084641747,0.0003844745649031211,0.0017762369189391225,0.5,0.0009230375289916992,0.003337102724164855,0.006187937621216721,0.00877648524644889,0.9002156793765672,0.8947036243888785,0.9048717500392113,0.03468900918960571,0.0400635296116898,-0.040246784687042236,-0.034546933476616304,1361,-0.1398991346359253,-0.1351351351351351,0.001673706862198135,-2.0536315441131547,0.5074519805531202,0.5074519805531202,0.49254801944687976,0.0050677224,2.027089,0.98901534,7.970032677133976e-05,3.985016338566988e-05
14,Single stock,25,75,25094,65,0.0008767035944847374,0.00043082687850308824,0.0014169075603261212,0.0012752052283414362,0.0006371775628412576,0.0021025607089521993,-35.9865665435791,-0.609865665435791,0.0012752052283414362,0.000635142455641443,0.0020438005033753966,0.4000000059604645,-0.0014241933822631836,0.002698438463718794,0.006187937621216721,0.00877648524644889,0.8579242163345393,0.8518174573509746,0.8634392903770944,0.032468557357788086,0.0400635296116898,-0.041836321353912354,-0.034546933476616304,1361,-0.12604105472564697,-0.1351351351351351,0.0021917589862118433,-2.3994505405426025,0.4895194070295688,0.4895194070295688,0.5104805929704311,0.0053044856,2.1217945,0.94272035,0.0001992508169283494,0.00011955049015700964
14,Single stock,25,80,25094,65,0.0008368534310990675,0.00039562665654598907,0.0013377352632730315,0.001354905555112776,0.0007032195407730684,0.002168427792933202,-28.789250850677494,-0.4878925085067749,0.001354905555112776,0.0006204318331302229,0.0021775996007039437,0.4000000059604645,-0.002962082624435425,0.0019925163235333353,0.006187937621216721,0.00877648524644889,0.6976283368935717,0.6893045648502631,0.7059423197592285,0.02429431676864624,0.0400635296116898,-0.03468784689903259,-0.034546933476616304,1361,-0.10167783498764038,-0.1351351351351351,0.002669960946839882,-1.9151377677917525,0.47210488563003106,0.4721845859568024,0.5278154140431975,0.0047053387,1.8821356,0.7890664,0.0001992508169283494,0.00015940065354267953
14,Single stock,25,85,25094,65,0.0007571531043277278,0.0003636480163267629,0.0012521292885643357,0.0013947557184984458,0.0006805029462607731,0.002296810716164142,-21.591941118240353,-0.36591941118240356,0.0013947557184984458,0.0006903081004425355,0.002252990898660045,0.4000000059604645,-0.00228726863861084,0.00146298417961815,0.006187937621216721,0.00877648524644889,0.5221799146089183,0.5131264433683739,0.5300875652363695,0.01794290542602539,0.0400635296116898,-0.025990933179855347,-0.034546933476616304,1361,-0.07628214359283447,-0.1351351351351351,0.0033075635610106003,-1.4110362529754616,0.47122818203554634,0.47126803219893204,0.528731967801068,0.0035902127,1.436085,0.5965119,0.0001992508169283494,0.00015940065354267953
14,Single stock,25,88,25094,65,0.0007173029409420578,0.00032260512775121564,0.0011995882434668384,0.001354905555112776,0.0006101436605053213,0.002273343185346696,-17.27355170249939,-0.2927355170249939,0.001354905555112776,0.000653022887561419,0.0022135286581830855,0.4000000059604645,-0.0017674267292022705,0.001181023780440889,0.006187937621216721,0.00877648524644889,0.4175390723970224,0.40992319554374795,0.4252824302263545,0.01432943344116211,0.0400635296116898,-0.020748645067214966,-0.034546933476616304,1361,-0.06099963188171387,-0.1351351351351351,0.003985016338566988,-1.1490826606750493,0.47198533513987406,0.47202518530325976,0.5279748146967402,0.0028651676,1.146067,0.47772726,0.0002789511436996892,0.00015940065354267953
14,Single stock,25,90,25094,65,0.0005977524507850482,0.0002763630781976683,0.0009312800166454324,0.001354905555112776,0.0006138335546002687,0.0022587210713683387,-14.394625425338747,-0.24394625425338745,0.001354905555112776,0.0006228358272929409,0.002273429904693989,0.4000000059604645,-0.0014584064483642578,0.0009958492010781951,0.006187937621216721,0.00877648524644889,0.3477578709423055,0.3404893853231641,0.35451981424314,0.011903643608093262,0.0400635296116898,-0.01724836230278015,-0.034546933476616304,1361,-0.05074125528335571,-0.1351351351351351,0.005060970749980075,-0.9575688838958762,0.47138758268908904,0.47138758268908904,0.528612417310911,0.0023742616,0.94970465,0.39809364,0.0003985016338566988,0.00015940065354267953
14,Single stock,25,92,25094,65,0.0005977524507850482,0.0002892379790918957,0.0009701468752146741,0.001354905555112776,0.0006423403177076139,0.002244982876585719,-11.515699148178104,-0.195156991481781,0.001354905555112776,0.0006350650415408911,0.0022752207520715033,0.4000000059604645,-0.0011264979839324951,0.0008109673599973754,0.006187937621216721,0.00877648524644889,0.2781069910170111,0.2719495445424215,0.28539023362721544,0.009539663791656494,0.0400635296116898,-0.013773620128631592,-0.034546933476616304,1361,-0.04058849811553955,-0.1351351351351351,0.006894078265720889,-0.7660551071167032,0.4719454849764884,0.4719454849764884,0.5280545150235116,0.0018814253,0.75257015,0.31820938,0.0005579022873993784,0.00015940065354267953
14,Single stock,25,94,25094,65,0.0004383517972423687,0.00016878495524487122,0.0007261525964116621,0.0013947557184984458,0.000604598018698645,0.002355864876060803,-8.63677287101745,-0.14636772871017456,0.0013947557184984458,0.0006319316720289222,0.002299490474723123,0.4000000059604645,-0.0008044540882110596,0.0006297902347576555,0.006187937621216721,0.00877648524644889,0.20852882384846294,0.20393747769969234,0.2143606974804368,0.007173120975494385,0.0400635296116898,-0.010267138481140137,-0.034546933476616304,1361,-0.030432403087615967,-0.1351351351351351,0.011676097872001275,-0.5714597702026314,0.47445604526978563,0.4745357455965569,0.525464254403443,0.0013890535,0.5556214,0.23819292,0.0007571531043277278,0.00015940065354267953
14,Single stock,25,95,25094,65,0.0003985016338566988,0.00015204673675246622,0.0007059411978281909,0.001354905555112776,0.0006083330324286242,0.002226018122766902,-7.197315692901607,-0.12197315692901611,0.001354905555112776,0.0006465089502810146,0.0022379280335587254,0.4000000059604645,-0.0006430447101593018,0.0005343650677978085,0.006187937621216721,0.00877648524644889,0.1735551761137494,0.1691436157643388,0.17854024869869237,0.005961239337921143,0.0400635296116898,-0.008514195680618286,-0.034546933476616304,1361,-0.025228917598724365,-0.1351351351351351,0.01701601976568104,-0.48114478588103804,0.4759305013150554,0.4760899019685981,0.523910098031402,0.0011438817,0.45755264,0.19816016,0.0011556547381844267,0.00015940065354267953
14,Single stock,25,96,25094,65,0.0003586514704710289,0.0001555052087174474,0.0005999173015495124,0.0015143062086554555,0.0007388375013823461,0.0024517989609083,-5.7578525543212855,-0.09757852554321289,0.0015143062086554555,0.0007328825901607224,0.0024509856621757675,0.4000000059604645,-0.0004547536373138428,0.0004417138279429696,0.006187937621216721,0.00877648524644889,0.1388524160380205,0.13512666076626278,0.14290655356731205,0.004816949367523193,0.0400635296116898,-0.0067809224128723145,-0.034546933476616304,1361,-0.02018338441848755,-0.1351351351351351,0.02909061927153901,-0.3752640485763514,0.47720570654339683,0.4772854068701682,0.5227145931298318,0.00090056506,0.360226,0.15816936,0.0019526580058978242,0.0001992508169283494
14,Single stock,25,98,25094,65,0.0001992508169283494,3.982825672545127e-05,0.0003808705871077557,0.001633856698812465,0.000744500951141998,0.002634080059319066,-2.8789262771606428,-0.048789262771606445,0.001633856698812465,0.0007353630816982143,0.0026957284111311162,0.5,-0.0001131892204284668,0.00024692694380947097,0.006187937621216721,0.00877648524644889,0.07001940194911903,0.0680361087671562,0.0727313236965651,0.002530992031097412,0.0400635296116898,-0.003383338451385498,-0.034546933476616304,1361,-0.01019662618637085,-0.1351351351351351,0.5100422411731889,-0.1847784519195539,0.4897983581732685,0.49003745915358254,0.5099625408464175,0.0004275309,0.17101237,0.07868994,0.020084482346377622,0.0003586514704710289
14,Basket,6,50,2717,50,0.0,0.0,0.0,0.0,0.0,0.0,11.889207363128662,-0.3811079263687134,0.0,0.0,0.0,,0.008624672889709473,0.008233867412899889,0.009836131184793429,0.009470205339861216,0.9707775572170869,0.9673068775594634,0.9737504889596469,0.03040909767150879,0.03164668601025511,-0.028087884187698364,-0.026920528007143285,80,-0.13697531819343567,-0.13593875800773703,0.0,,0.583732057416268,0.583732057416268,0.41626794258373206,0.0012053828,2.0089712,0.9999342,0.0,0.0
14,Basket,6,55,2717,50,0.0,0.0,0.0,0.0,0.0,0.0,7.869775295257564,-0.3713022470474243,0.0,0.0,0.0,,0.008624672889709473,0.008219797908711354,0.009836131184793429,0.009470205339861216,0.9707775572170869,0.9672887150476033,0.9735431018616753,0.03040909767150879,0.03164668601025511,-0.028087884187698364,-0.026920528007143285,80,-0.13697531819343567,-0.13593875800773703,0.0,,0.583732057416268,0.583732057416268,0.41626794258373206,0.0012053935,2.0089893,0.9997957,0.0,0.0
14,Basket,6,60,2717,50,0.0,0.0,0.0,0.0,0.0,0.0,5.687888860702516,-0.34312111139297485,0.0,0.0,0.0,,0.008624672889709473,0.008184806208949253,0.009836131184793429,0.009470205339861216,0.9707775572170869,0.9673911979764112,0.9736013761242786,0.03040909767150879,0.03164668601025511,-0.028087884187698364,-0.026920528007143285,80,-0.13841304183006287,-0.13593875800773703,0.0,,0.583732057416268,0.583732057416268,0.41626794258373206,0.0012055932,2.009322,0.9994828,0.0,0.0
14,Basket,6,65,2717,50,0.0,0.0,0.0,0.0,0.0,0.0,4.261163473129271,-0.3073883652687073,0.0,0.0,0.0,,0.00861656665802002,0.008146368957066035,0.009836131184793429,0.009470205339861216,0.9705933104086676,0.9671632640162491,0.9736564285488624,0.03040909767150879,0.03164668601025511,-0.02846306562423706,-0.026920528007143285,80,-0.13841304183006287,-0.13593875800773703,0.0,,0.583732057416268,0.583732057416268,0.41626794258373206,0.001206316,2.010527,0.9987075,0.0,0.0
14,Basket,6,70,2717,50,0.0,0.0,0.0,0.0,0.0,0.0,2.849047183990483,-0.2715095281600952,0.0,0.0,0.0,,0.008435726165771484,0.008070601274478423,0.009836131184793429,0.009470205339861216,0.9683454412675528,0.9642421368158762,0.9720146921611866,0.030379056930541992,0.03164668601025511,-0.02890878915786743,-0.026920528007143285,80,-0.13478311896324158,-0.13593875800773703,0.0,,0.582995951417004,0.582995951417004,0.41700404858299595,0.001211173,2.0186217,0.9951103,0.0,0.0
14,Basket,6,75,2717,50,0.0,0.0,0.0,0.0,0.0,0.0,2.2144436836242676,-0.22785556316375732,0.0,0.0,0.0,,0.006901144981384277,0.007776602713290409,0.009836131184793429,0.009470205339861216,0.9401233397634492,0.933480158314893,0.9461612136006362,0.029057025909423828,0.03164668601025511,-0.030193209648132324,-0.026920528007143285,80,-0.11827173829078674,-0.13593875800773703,0.0,,0.5675377254324623,0.5675377254324623,0.4324622745675377,0.0012564881,2.0941467,0.96108866,0.0,0.0
14,Basket,6,80,2717,50,0.0,0.0,0.0,0.0,0.0,0.0,1.6229522228240922,-0.18377047777175903,0.0,0.0,0.0,,0.0045816898345947266,0.006526689977824886,0.009836131184793429,0.009470205339861216,0.7766347063462103,0.7656551936389338,0.7887009581468352,0.02311408519744873,0.03164668601025511,-0.02493879199028015,-0.026920528007143285,80,-0.09483286738395691,-0.13593875800773703,0.000368052999631947,,0.5568641884431358,0.5568641884431358,0.4431358115568642,0.001104411,1.8406851,0.80293226,0.0,0.0
14,Basket,6,85,2717,50,0.0,0.0,0.0,0.0,0.0,0.0,1.2172126770019553,-0.13782787322998047,0.0,0.0,0.0,,0.003351569175720215,0.004933908751750633,0.009836131184793429,0.009470205339861216,0.5840997378168702,0.5720743499861786,0.599275245085578,0.017356157302856445,0.03164668601025511,-0.018729478120803833,-0.026920528007143285,80,-0.07094159722328186,-0.13593875800773703,0.001472211998527788,,0.5546558704453441,0.5546558704453441,0.44534412955465585,0.000832266,1.3871101,0.6045444,0.0,0.0
14,Basket,6,88,2717,50,0.0,0.0,0.0,0.0,0.0,0.0,0.9884233474731441,-0.11011576652526855,0.0,0.0,0.0,,0.0026268959045410156,0.003958265023236772,0.009836131184793429,0.009470205339861216,0.4672305570559312,0.4537154139462313,0.4842390422594064,0.013790488243103027,0.03164668601025511,-0.014922142028808594,-0.026920528007143285,80,-0.056623369455337524,-0.13593875800773703,0.001840264998159735,,0.5568641884431358,0.5568641884431358,0.4431358115568642,0.0006620554,1.1034257,0.4836808,0.0,0.0
14,Basket,6,90,2717,50,0.0,0.0,0.0,0.0,0.0,0.0,0.8165872097015359,-0.09183412790298462,0.0,0.0,0.0,,0.002189040184020996,0.00333437129421887,0.009836131184793429,0.009470205339861216,0.3904040863010786,0.3773157750025787,0.40723146362740825,0.011524677276611328,0.03164668601025511,-0.01243707537651062,-0.026920528007143285,80,-0.04718616604804993,-0.13593875800773703,0.001840264998159735,,0.5568641884431358,0.5568641884431358,0.4431358115568642,0.0005479111,0.9131853,0.40277898,0.0,0.0
14,Basket,6,92,2717,50,0.0,0.0,0.0,0.0,0.0,0.0,0.6503419876098593,-0.07349658012390137,0.0,0.0,0.0,,0.001728653907775879,0.0027043473251084434,0.009836131184793429,0.009470205339861216,0.31331961867728225,0.3009343420655436,0.3306180529323121,0.009148359298706055,0.03164668601025511,-0.00993281602859497,-0.026920528007143285,80,-0.03780609369277954,-0.13593875800773703,0.00368052999631947,,0.5590725064409275,0.5590725064409275,0.4409274935590725,0.00043332743,0.7222124,0.32162508,0.0,0.0
14,Basket,6,94,2717,50,0.0,0.0,0.0,0.0,0.0,0.0,0.4877564907074028,-0.055122435092926025,0.0,0.0,0.0,,0.001294851303100586,0.002054800542347739,0.009836131184793429,0.009470205339861216,0.23543983046301717,0.22515053845615668,0.25079504556175575,0.006812334060668945,0.03164668601025511,-0.007453233003616333,-0.026920528007143285,80,-0.028398752212524414,-0.13593875800773703,0.005520794994479205,,0.5587044534412956,0.5587044534412956,0.44129554655870445,0.0003202623,0.5337705,0.24049401,0.0,0.0
14,Basket,6,95,2717,50,0.0,0.0,0.0,0.0,0.0,0.0,0.40098905563354936,-0.04599010944366455,0.0,0.0,0.0,,0.0011278390884399414,0.0017326855027680016,0.009836131184793429,0.009470205339861216,0.19644134242413083,0.1873209336497546,0.2108784721415884,0.005673766136169434,0.03164668601025511,-0.006148725748062134,-0.026920528007143285,80,-0.023745685815811157,-0.13593875800773703,0.005520794994479205,,0.5594405594405595,0.5594405594405595,0.4405594405594406,0.00026374237,0.4395706,0.19992444,0.0,0.0
14,Basket,6,96,2717,50,0.0,0.0,0.0,0.0,0.0,0.0,0.320790052413944,-0.036792099475860596,0.0,0.0,0.0,,0.0009703636169433594,0.0014032020391591296,0.009836131184793429,0.009470205339861216,0.1576099888080875,0.14939144623942133,0.17099108861196868,0.004497528076171875,0.03164668601025511,-0.004918873310089111,-0.026920528007143285,80,-0.0190143883228302,-0.13593875800773703,0.012513801987486198,,0.5616488774383511,0.5616488774383511,0.4383511225616489,0.00020797094,0.34661824,0.15946352,0.000368052999631947,0.0
14,Basket,6,98,2717,50,0.0,0.0,0.0,0.0,0.0,0.0,0.17569851875305353,-0.018243014812469482,0.0,0.0,0.0,,0.0005562305450439453,0.0006838416544268751,0.009836131184793429,0.009470205339861216,0.07858236399621965,0.07461573789641648,0.08540002141982525,0.002352118492126465,0.03164668601025511,-0.0025197863578796387,-0.026920528007143285,80,-0.009817510843276978,-0.13593875800773703,0.4291497975708502,,0.5708502024291497,0.5708502024291497,0.4291497975708502,9.97394e-05,0.16623235,0.07937357,0.006256900993743099,0.0
14,Basket,25,50,2717,50,0.0,0.0,0.0,0.0,0.0,0.0,11.536699533462524,-0.38463300466537476,0.0,0.0,0.0,,0.004793286323547363,0.004401791499386739,0.009836131184793429,0.009470205339861216,0.8783554787880207,0.8656489987947807,0.8908043753336559,0.026494860649108887,0.03164668601025511,-0.03177982568740845,-0.026920528007143285,80,-0.14025366306304932,-0.13593875800773703,0.0,,0.5498711814501288,0.5506072874493927,0.4493927125506073,0.0050176103,2.007044,0.99993026,0.0,0.0
14,Basket,25,55,2717,50,0.0,0.0,0.0,0.0,0.0,0.0,7.659621238708492,-0.37340378761291504,0.0,0.0,0.0,,0.004793286323547363,0.004389373155740591,0.009836131184793429,0.009470205339861216,0.8783554787880207,0.865663524804566,0.8911831345339428,0.026494860649108887,0.03164668601025511,-0.03177982568740845,-0.026920528007143285,80,-0.14025366306304932,-0.13593875800773703,0.0,,0.5498711814501288,0.5506072874493927,0.4493927125506073,0.005017685,2.0070739,0.99979126,0.0,0.0
14,Basket,25,60,2717,50,0.0,0.0,0.0,0.0,0.0,0.0,5.498930215835573,-0.3450106978416443,0.0,0.0,0.0,,0.004793286323547363,0.0043526487531230255,0.009836131184793429,0.009470205339861216,0.8783554787880207,0.8637507946812074,0.8901781122731884,0.026494860649108887,0.03164668601025511,-0.03177982568740845,-0.026920528007143285,80,-0.14168596267700195,-0.13593875800773703,0.0,,0.5498711814501288,0.5506072874493927,0.4493927125506073,0.0050184987,2.0073996,0.9994708,0.0,0.0
14,Basket,25,65,2717,50,0.0,0.0,0.0,0.0,0.0,0.0,4.105130434036253,-0.30894869565963745,0.0,0.0,0.0,,0.00478518009185791,0.0043123511650301665,0.009836131184793429,0.009470205339861216,0.8781406837785619,0.8643179485243005,0.8916682756525574,0.026494860649108887,0.03164668601025511,-0.03215360641479492,-0.026920528007143285,80,-0.14168596267700195,-0.13593875800773703,0.0,,0.5495031284504969,0.5502392344497608,0.44976076555023925,0.0050216075,2.0086427,0.99866563,0.0,0.0
14,Basket,25,70,2717,50,0.0,0.0,0.0,0.0,0.0,0.0,2.6877987384796187,-0.27312201261520386,0.0,0.0,0.0,,0.004596829414367676,0.004217840706464074,0.009836131184793429,0.009470205339861216,0.8756497012226453,0.8615168592989861,0.8886942978776463,0.02646493911743164,0.03164668601025511,-0.03265124559402466,-0.026920528007143285,80,-0.13772213459014893,-0.13593875800773703,0.0,,0.5491350754508649,0.5498711814501288,0.4501288185498712,0.005043116,2.0172465,0.9948805,0.0,0.0
14,Basket,25,75,2717,50,0.0,0.0,0.0,0.0,0.0,0.0,2.054184675216675,-0.22945815324783325,0.0,0.0,0.0,,0.002857804298400879,0.0037554274774185647,0.009836131184793429,0.009470205339861216,0.8416362974167814,0.8270588359729779,0.8555398721040759,0.024988889694213867,0.03164668601025511,-0.03403016924858093,-0.026920528007143285,80,-0.12092918157577515,-0.13593875800773703,0.0,,0.5288921604711079,0.5292602134707398,0.47073978652926024,0.0052428846,2.0971537,0.9580377,0.0,0.0
14,Basket,25,80,2717,50,0.0,0.0,0.0,0.0,0.0,0.0,1.49977326393127,-0.18500226736068726,0.0,0.0,0.0,,0.0011605024337768555,0.002999045588226936,0.009836131184793429,0.009470205339861216,0.6854774164347562,0.6674347904777738,0.7043628543030311,0.019426941871643066,0.03164668601025511,-0.02797996997833252,-0.026920528007143285,80,-0.09713217616081238,-0.13593875800773703,0.000736105999263894,,0.5119617224880383,0.5123297754876702,0.4876702245123298,0.0045813965,1.8325585,0.7976425,0.0,0.0
14,Basket,25,85,2717,50,0.0,0.0,0.0,0.0,0.0,0.0,1.1248314380645774,-0.13875168561935425,0.0,0.0,0.0,,0.0008703470230102539,0.0022785059441351304,0.009836131184793429,0.009470205339861216,0.5150073644261143,0.49888408180495647,0.5350623117691744,0.01461029052734375,0.03164668601025511,-0.020937204360961914,-0.026920528007143285,80,-0.07253044843673706,-0.13593875800773703,0.001472211998527788,,0.5123297754876702,0.5126978284873022,0.48730217151269783,0.003449382,1.3797529,0.600177,0.0,0.0
14,Basket,25,88,2717,50,0.0,0.0,0.0,0.0,0.0,0.0,0.9175653457641597,-0.1108243465423584,0.0,0.0,0.0,,0.0006704330444335938,0.0018420615615676245,0.009836131184793429,0.009470205339861216,0.41208982865640514,0.395753177360775,0.430992899175735,0.011598587036132812,0.03164668601025511,-0.016689598560333252,-0.026920528007143285,80,-0.05802434682846069,-0.13593875800773703,0.001840264998159735,,0.513801987486198,0.513801987486198,0.486198012513802,0.0027448083,1.0979233,0.48010078,0.0,0.0
14,Basket,25,90,2717,50,0.0,0.0,0.0,0.0,0.0,0.0,0.7646358013153054,-0.09235364198684692,0.0,0.0,0.0,,0.0005877017974853516,0.0015863946662652917,0.009836131184793429,0.009470205339861216,0.34489254566401295,0.3301324609631951,0.3649509950604797,0.009665489196777344,0.03164668601025511,-0.013916194438934326,-0.026920528007143285,80,-0.048353612422943115,-0.13593875800773703,0.002576370997423629,,0.5152741994847257,0.5152741994847257,0.4847258005152742,0.0022704431,0.90817726,0.39974985,0.0,0.0
14,Basket,25,92,2717,50,0.0,0.0,0.0,0.0,0.0,0.0,0.6017105579376181,-0.07398289442062378,0.0,0.0,0.0,,0.00040137767791748047,0.0013152858681831458,0.009836131184793429,0.009470205339861216,0.2771204956676357,0.2630331522001926,0.2953036119576196,0.007725358009338379,0.03164668601025511,-0.011133462190628052,-0.026920528007143285,80,-0.03864997625350952,-0.13593875800773703,0.00368052999631947,,0.5145380934854619,0.5145380934854619,0.4854619065145381,0.0017975008,0.7190004,0.31923681,0.0,0.0
14,Basket,25,94,2717,50,0.0,0.0,0.0,0.0,0.0,0.0,0.45128440856934127,-0.05548715591430664,0.0,0.0,0.0,,0.0003305673599243164,0.001034312753673858,0.009836131184793429,0.009470205339861216,0.2089867062611512,0.1972539846479687,0.22785113014137293,0.005780696868896484,0.03164668601025511,-0.008336842060089111,-0.026920528007143285,80,-0.02894347906112671,-0.13593875800773703,0.005520794994479205,,0.5193227824806772,0.5196908354803091,0.48030916451969086,0.0013272103,0.5308841,0.23874387,0.0,0.0
14,Basket,25,95,2717,50,0.0,0.0,0.0,0.0,0.0,0.0,0.3710436820983931,-0.04628956317901611,0.0,0.0,0.0,,0.00027549266815185547,0.0008861420564367177,0.009836131184793429,0.009470205339861216,0.1745560748385558,0.16405851014683148,0.1911269328417729,0.004760026931762695,0.03164668601025511,-0.006881356239318848,-0.026920528007143285,80,-0.024287879467010498,-0.13593875800773703,0.006256900993743099,,0.5196908354803091,0.520794994479205,0.479205005520795,0.0010946883,0.43787533,0.19853342,0.0,0.0
14,Basket,25,96,2717,50,0.0,0.0,0.0,0.0,0.0,0.0,0.3099896907806432,-0.036900103092193604,0.0,0.0,0.0,,0.00032579898834228516,0.000737737393967141,0.009836131184793429,0.009470205339861216,0.14047580136113572,0.13124568907778883,0.15490157649112696,0.0038537979125976562,0.03164668601025511,-0.005508124828338623,-0.026920528007143285,80,-0.019457459449768066,-0.13593875800773703,0.013249907986750091,,0.5215311004784688,0.5222672064777328,0.4777327935222672,0.0008627023,0.3450809,0.15842368,0.000368052999631947,0.0
14,Basket,25,98,2717,50,0.0,0.0,0.0,0.0,0.0,0.0,0.16213846206665217,-0.018378615379333496,0.0,0.0,0.0,,0.00026106834411621094,0.0003665275199912601,0.009836131184793429,0.009470205339861216,0.07065973135616688,0.06645109260760891,0.07745405267912435,0.0020319223403930664,0.03164668601025511,-0.002791464328765869,-0.026920528007143285,80,-0.010038793087005615,-0.13593875800773703,0.46632315053367684,,0.5329407434670592,0.5336768494663231,0.46632315053367684,0.00041434367,0.16573748,0.079033874,0.006256900993743099,0.0
30,All equity (ex-basket),6,50,19209,99,0.00015617679212868969,0.0,0.0003653689828964822,0.00036441251496694256,4.824100059715161e-05,0.0008198644957432701,-22.910022735595703,-0.729100227355957,0.00036441251496694256,4.519081442797667e-05,0.000757829575251686,0.380952388048172,0.011845111846923828,0.01348239431662229,0.013060460244274985,0.014811140239096767,0.980973827443219,0.9795292522074789,0.9823393145449741,0.04671370983123779,0.04797405319974235,-0.04370850324630737,-0.042553191489361875,1512,-0.14614561200141907,-0.1449435078101931,0.0006247071685147587,-0.9399980306625366,0.5757717736477693,0.5758758915091884,0.4241241084908116,0.001209152,2.0152533,0.9993352,5.2058930709563226e-05,0.0
30,All equity (ex-basket),6,55,19209,99,0.0002082357228382529,4.871079854426832e-05,0.000431993095685685,0.00046853037638606906,0.00010199829445545758,0.0009323274684575658,-20.253075957298282,-0.6525307595729828,0.00046853037638606906,9.669547621954391e-05,0.0009672820130124282,0.380952388048172,0.011844158172607422,0.013410309531611861,0.013060460244274985,0.014811140239096767,0.9807180826447552,0.9791028917534749,0.9821514616431425,0.04671370983123779,0.04797405319974235,-0.04370850324630737,-0.042553191489361875,1512,-0.14676952362060547,-0.1449435078101931,0.0007808839606434484,-0.7460463047027632,0.5757197147170597,0.5758238325784788,0.42417616742152114,0.0012103958,2.0173264,0.99869764,5.2058930709563226e-05,0.0
30,All equity (ex-basket),6,60,19209,99,0.00031235358425737937,9.539085329373955e-05,0.0006252537704206515,0.0006767660992243219,0.00020567086455133634,0.0012796487530443085,-14.630061984062193,-0.546300619840622,0.0006767660992243219,0.00018227450742312965,0.0012616255830124497,0.5714285969734192,0.011840105056762695,0.01331458618648471,0.013060460244274985,0.014811140239096767,0.9802777757871424,0.9787530789172397,0.9818072429570758,0.04669368267059326,0.04797405319974235,-0.0437350869178772,-0.042553191489361875,1512,-0.1475759744644165,-0.1449435078101931,0.0013535321984486438,-0.7768249511718728,0.5756676557863502,0.5757717736477693,0.42422822635223073,0.0012130985,2.021831,0.9971884,5.2058930709563226e-05,0.0
30,All equity (ex-basket),6,65,19209,99,0.0005726482378051955,0.00015349575703756265,0.0011191758028909907,0.0008850018220625749,0.0002783870938873745,0.0016609474309020671,-19.076144099235538,-0.5407614409923553,0.0008850018220625749,0.00029632159605649143,0.0016310256344424666,0.5714285969734192,0.011675238609313965,0.013153752350560195,0.013060460244274985,0.014811140239096767,0.9776031795399088,0.9751136792560833,0.9798198208632986,0.046650052070617676,0.04797405319974235,-0.04408550262451172,-0.042553191489361875,1512,-0.15150368213653564,-0.1449435078101931,0.0018741215055442762,-3.2045030593872093,0.5749908896871259,0.5750950075485449,0.424904992451455,0.00122032,2.033867,0.99353045,0.00010411786141912645,5.2058930709563226e-05
30,All equity (ex-basket),6,70,19209,99,0.0007808839606434484,0.00025785094527392636,0.0014209457721227295,0.0012494143370295175,0.00044310630363164356,0.002233714583581227,-24.48423326015472,-0.5448423326015472,0.0012494143370295175,0.0004120350570942139,0.002216322634736266,0.380952388048172,0.011219501495361328,0.012799397499584024,0.013060460244274985,0.014811140239096767,0.9681273219214,0.962047704727126,0.9728186696373167,0.04642367362976074,0.04797405319974235,-0.045671939849853516,-0.042553191489361875,1512,-0.14826956391334534,-0.1449435078101931,0.002759123327606851,-1.7071050405502275,0.5711905877453277,0.5712947056067469,0.42870529439325317,0.0012458139,2.0763566,0.9825996,0.00010411786141912645,0.00010411786141912645
30,All equity (ex-basket),6,75,19209,99,0.0009891196834817012,0.00038870128780344707,0.0017051789034315088,0.0015097089905773335,0.0005797995762560875,0.002580577584786615,-18.81118416786194,-0.4381118416786194,0.0015097089905773335,0.0006220061686973225,0.002587646470992351,0.380952388048172,0.008538603782653809,0.012088691389562561,0.013060460244274985,0.014811140239096767,0.9228770884922094,0.912698790053796,0.9320064072680608,0.043660640716552734,0.04797405319974235,-0.04779183864593506,-0.042553191489361875,1512,-0.1321238875389099,-0.1449435078101931,0.0035400072882502995,-1.970130205154419,0.5508355458378885,0.5509396636993076,0.44906033630069236,0.0013461448,2.2435744,0.936542,0.00015617679212868969,0.00010411786141912645
30,All equity (ex-basket),6,80,19209,99,0.0009891196834817012,0.00041812578337934353,0.0017664915624268417,0.0016658857827060232,0.0007651931971482057,0.002887420279841696,-15.048943758010868,-0.35048943758010864,0.0016658857827060232,0.0006994346592940838,0.0027897135915264373,0.4285714328289032,0.004220724105834961,0.010291829155239733,0.013060460244274985,0.014811140239096767,0.7691539621253402,0.7557923818382525,0.7802576613695793,0.03322482109069824,0.04797405319974235,-0.039791226387023926,-0.042553191489361875,1512,-0.10708937048912048,-0.1449435078101931,0.004320891248893748,-2.0473855733871504,0.5323546254359935,0.5323546254359935,0.46764537456400646,0.0012548296,2.0913825,0.79203737,0.00015617679212868969,0.00010411786141912645
30,All equity (ex-basket),6,85,19209,99,0.0010411786141912645,0.00043050787367140427,0.0017614609029627023,0.0017179447134155865,0.0007746477382473743,0.0029446530082392628,-11.286709308624266,-0.2628670930862427,0.0017179447134155865,0.0007859490963458741,0.0027717570090434393,0.380952388048172,0.002908468246459961,0.007810823126383864,0.013060460244274985,0.014811140239096767,0.5799461895783533,0.5678696162427563,0.5906742797059968,0.024579167366027832,0.04797405319974235,-0.029991567134857178,-0.042553191489361875,1512,-0.08032256364822388,-0.1449435078101931,0.005934718100890208,-1.5125191211700417,0.5303243271383206,0.5303243271383206,0.46967567286167944,0.00097650423,1.627507,0.60237193,0.0002082357228382529,0.00010411786141912645
30,All equity (ex-basket),6,88,19209,99,0.0009370607527721381,0.00041773854280412887,0.0015890489474857227,0.0016658857827060232,0.0008145594320820466,0.002709144230846099,-9.029365062713623,-0.21029365062713623,0.0016658857827060232,0.0007672526915412336,0.002728927403167874,0.4285714328289032,0.0023266077041625977,0.006246614927205186,0.013060460244274985,0.014811140239096767,0.46346685502164087,0.4534690747482972,0.4729521008492785,0.01960134506225586,0.04797405319974235,-0.02398216724395752,-0.042553191489361875,1512,-0.06412509083747864,-0.1449435078101931,0.007808839606434484,-1.375318050384522,0.5302202092769015,0.5302202092769015,0.46977979072309856,0.0007810143,1.3016906,0.4834189,0.00031235358425737937,0.00010411786141912645
30,All equity (ex-basket),6,90,19209,99,0.0008850018220625749,0.00038798930660073817,0.0014570379405603807,0.0017179447134155865,0.0008235640333638843,0.002855424126936269,-7.524474859237673,-0.1752447485923767,0.0017179447134155865,0.0007734260499386426,0.0028204430887986253,0.4761904776096344,0.0019439458847045898,0.0052081779622170235,0.013060460244274985,0.014811140239096767,0.3858558571208911,0.37682658754608217,0.3934608121408258,0.016335725784301758,0.04797405319974235,-0.01998162269592285,-0.042553191489361875,1512,-0.05339744687080383,-0.1449435078101931,0.00999531469623614,-1.0050439834594749,0.5303243271383206,0.5303763860690301,0.46962361393096985,0.00064581004,1.07635,0.40319526,0.00046853037638606906,0.00010411786141912645
30,All equity (ex-basket),6,92,19209,99,0.0008329428913530116,0.0003780662215489517,0.0013542870729245364,0.0017179447134155865,0.000828124831169317,0.002813780097988639,-6.028221368789676,-0.14028221368789673,0.0017179447134155865,0.0008379650805109328,0.0028218995990345577,0.4285714328289032,0.0016006231307983398,0.004157962981029492,0.013060460244274985,0.014811140239096767,0.30800820961928843,0.30026528671111435,0.3140621637057362,0.01305079460144043,0.04797405319974235,-0.0159531831741333,-0.042553191489361875,1512,-0.04258355498313904,-0.1449435078101931,0.013691498776615128,-0.8040351867675821,0.5307928575147066,0.5308449164454162,0.4691550835545838,0.00050946296,0.84910494,0.32248768,0.0005726482378051955,0.00010411786141912645
30,All equity (ex-basket),6,94,19209,99,0.0005726482378051955,0.00022802692991451224,0.0009576262023197313,0.0017179447134155865,0.0008426310619358391,0.0028550414803069813,-4.521167516708369,-0.10521167516708374,0.0017179447134155865,0.0008425003465615573,0.0027891877432696835,0.4285714328289032,0.0012247562408447266,0.0030972073114025668,0.013060460244274985,0.014811140239096767,0.2299091632625422,0.22466248151170368,0.23480279467428902,0.009731292724609375,0.04797405319974235,-0.011852860450744629,-0.042553191489361875,1512,-0.03184571862220764,-0.1449435078101931,0.020875631214534854,-0.6030263900756783,0.5315216825446405,0.5316258004060597,0.46837419959394033,0.00037280726,0.62134546,0.24139345,0.0010932375449008277,0.00010411786141912645
30,All equity (ex-basket),6,95,19209,99,0.00046853037638606906,0.00016803746827097685,0.0008359111401184975,0.00161382685199646,0.0007000143062874001,0.002701688131745819,-3.76764059066772,-0.08767640590667725,0.00161382685199646,0.0007139140672895389,0.002650097567486702,0.4285714328289032,0.0010371208190917969,0.002560726563247489,0.013060460244274985,0.014811140239096767,0.1906878800541869,0.18618013967363312,0.19466650101543784,0.00802457332611084,0.04797405319974235,-0.009870588779449463,-0.042553191489361875,1512,-0.026529401540756226,-0.1449435078101931,0.029257119058774532,-0.6475460529327348,0.5313134468218023,0.5315216825446405,0.46847831745535945,0.00030514438,0.50857395,0.20074889,0.0016658857827060232,0.00010411786141912645
30,All equity (ex-basket),6,96,19209,99,0.00036441251496694256,0.00010082585884159551,0.0006912600010658251,0.0017700036441251497,0.000783513403423909,0.002993313810114738,-3.014107704162594,-0.07014107704162598,0.0017700036441251497,0.0007610970492189961,0.003012736820005762,0.4047619104385376,0.0008459091186523438,0.0020369191979982136,0.013060460244274985,0.014811140239096767,0.15178717984360138,0.14841347653753556,0.15485283005514786,0.00643002986907959,0.04797405319974235,-0.007848560810089111,-0.042553191489361875,1512,-0.021194547414779663,-0.1449435078101931,0.04752980373783122,-0.4403105974197352,0.5334478629808944,0.5334999219116039,0.46650007808839605,0.00023829471,0.39715782,0.16011465,0.002759123327606851,0.00010411786141912645
30,All equity (ex-basket),6,98,19209,99,5.2058930709563226e-05,0.0,0.00017573814747441543,0.0021344161590920925,0.001022215978222802,0.0036343171138470977,-1.1673312187194806,-0.031673312187194824,0.0021344161590920925,0.0008747832031645405,0.0035525949448671455,0.5714285969734192,0.0005811452865600586,0.0009993407831664163,0.013060460244274985,0.014811140239096767,0.07480047059616353,0.07320666681848251,0.07630295282645952,0.003304004669189453,0.04797405319974235,-0.003858625888824463,-0.042553191489361875,1512,-0.010596424341201782,-0.1449435078101931,0.454942995470873,-0.1483719348907453,0.5448487688062887,0.5451090634598366,0.45489093654016344,0.000109640496,0.18273416,0.0792188,0.031391535217866626,0.00015617679212868969
30,All equity (ex-basket),25,50,19209,99,0.00015617679212868969,0.0,0.00034367536750404515,0.0004164714456765058,6.008739864587199e-05,0.0008697460087438509,-23.012927174568176,-0.7301292717456818,0.0004164714456765058,0.00010380055886568482,0.0008141940725852156,0.380952388048172,0.008001446723937988,0.009628591879917598,0.013060460244274985,0.014811140239096767,0.9231699505741243,0.9180238414305383,0.9279694277086339,0.042737603187561035,0.04797405319974235,-0.047341108322143555,-0.042553191489361875,1512,-0.1493891179561615,-0.1449435078101931,0.0006247071685147587,-0.702919065952301,0.5528137852048519,0.5528137852048519,0.4471862147951481,0.0050333384,2.0133352,0.99932265,5.2058930709563226e-05,0.0
30,All equity (ex-basket),25,55,19209,99,0.0002082357228382529,4.420588240533645e-05,0.0004149212606971224,0.00046853037638606906,0.00010288014338990225,0.0009215743081003476,-20.13144671916962,-0.6513144671916962,0.00046853037638606906,5.7052764425517855e-05,0.0009683102997674045,0.380952388048172,0.008000493049621582,0.009552510513334162,0.013060460244274985,0.014811140239096767,0.9229036286967681,0.9178760587690282,0.9277403044944872,0.042737603187561035,0.04797405319974235,-0.047341108322143555,-0.042553191489361875,1512,-0.15001064538955688,-0.1449435078101931,0.0007808839606434484,-0.8419740200042769,0.5527617262741423,0.5527617262741423,0.44723827372585767,0.0050385506,2.0154202,0.9986664,5.2058930709563226e-05,0.0
30,All equity (ex-basket),25,60,19209,99,0.00036441251496694256,0.0001076538379775001,0.0006762517559063605,0.0006247071685147587,0.00018537041525857324,0.0012217362985985124,-14.802408814430235,-0.5480240881443024,0.0006247071685147587,0.00015857402324154804,0.0012169506303750287,0.523809552192688,0.007996439933776855,0.009447334369259465,0.013060460244274985,0.014811140239096767,0.9224282150657392,0.9178066804281719,0.9269270126057575,0.042717576026916504,0.04797405319974235,-0.047367632389068604,-0.042553191489361875,1512,-0.15081405639648438,-0.1449435078101931,0.0013535321984486438,-1.3787603378295876,0.5526576084127232,0.5526576084127232,0.4473423915872768,0.005049941,2.0199764,0.9971106,5.2058930709563226e-05,0.0
30,All equity (ex-basket),25,65,19209,99,0.0006247071685147587,0.0002063514256622536,0.0011712425364676952,0.0008850018220625749,0.00030442369028101535,0.0015082599219251429,-19.01697158813477,-0.5401697158813477,0.0008850018220625749,0.00035662546723217993,0.0015524629118397815,0.4761904776096344,0.007831692695617676,0.009261470281250541,0.013060460244274985,0.014811140239096767,0.9195925897544667,0.9149493935168183,0.9240733148015648,0.04267120361328125,0.04797405319974235,-0.04776555299758911,-0.042553191489361875,1512,-0.15491637587547302,-0.1449435078101931,0.0018741215055442762,-3.29578757286072,0.5517726065906606,0.5517726065906606,0.44822739340933937,0.0050806524,2.0322611,0.9933281,0.00010411786141912645,5.2058930709563226e-05
30,All equity (ex-basket),25,70,19209,99,0.0008329428913530116,0.00028659016724881417,0.0015198662202193288,0.0012494143370295175,0.0005017295508323406,0.002208203503804003,-24.29262518882751,-0.5429262518882751,0.0012494143370295175,0.0004826835040835915,0.002339571359731332,0.380952388048172,0.007333040237426758,0.008812984749244262,0.013060460244274985,0.014811140239096767,0.909153387664775,0.9031583064358539,0.9149671764717716,0.042407989501953125,0.04797405319974235,-0.049688637256622314,-0.042553191489361875,1512,-0.15138137340545654,-0.1449435078101931,0.002811182258316414,-1.9148600101470903,0.5478161278567338,0.5478161278567338,0.45218387214326616,0.0051898574,2.075943,0.9818721,0.00010411786141912645,0.00010411786141912645
30,All equity (ex-basket),25,75,19209,99,0.0009891196834817012,0.00038118830719828376,0.0018065505381512387,0.0015097089905773335,0.000644178835127979,0.002633343992001635,-18.592733144760132,-0.4359273314476013,0.0015097089905773335,0.0006074657695825219,0.0026772330713837893,0.380952388048172,0.004073143005371094,0.007746033783575603,0.013060460244274985,0.014811140239096767,0.8564987844719111,0.8454467372723536,0.8653393357422571,0.03915119171142578,0.04797405319974235,-0.05206018686294556,-0.042553191489361875,1512,-0.13516440987586975,-0.1449435078101931,0.003696184080378989,-2.1513402462005615,0.5234525482846583,0.5234525482846583,0.47654745171534174,0.0056223804,2.2489524,0.93303084,0.00015617679212868969,0.00010411786141912645
30,All equity (ex-basket),25,80,19209,99,0.0009891196834817012,0.000376615791161264,0.0017625660172193418,0.0017179447134155865,0.000855928320681983,0.002853928565562946,-14.8741888999939,-0.34874188899993896,0.0017179447134155865,0.0008128561514272383,0.0029204423308846032,0.380952388048172,0.00022840499877929688,0.006239465150078988,0.013060460244274985,0.014811140239096767,0.7021184883874001,0.6878915027768077,0.7135700605307875,0.0288163423538208,0.04797405319974235,-0.04311680793762207,-0.042553191489361875,1512,-0.10960087180137634,-0.1449435078101931,0.004581185902441564,-1.9488918781280562,0.5017439741787704,0.50179603310948,0.49820396689052004,0.0052059577,2.0823832,0.78631395,0.00015617679212868969,0.00010411786141912645
30,All equity (ex-basket),25,85,19209,99,0.0010411786141912645,0.0004251824952864403,0.0018156732629120273,0.0017700036441251497,0.0008014836554630217,0.0028560788326324866,-11.155638694763182,-0.26155638694763184,0.0017700036441251497,0.0008062708807250487,0.0028499140879092804,0.380952388048172,5.340576171875e-05,0.004653865877484424,0.013060460244274985,0.014811140239096767,0.526392441725172,0.5131873065470909,0.5368436368351178,0.02133166790008545,0.04797405319974235,-0.032419443130493164,-0.042553191489361875,1512,-0.08204832673072815,-0.1449435078101931,0.006195012754438024,-1.5152877569198586,0.5003383830496122,0.5004425009110313,0.49955749908896874,0.004042075,1.6168302,0.59733707,0.0002082357228382529,0.00010411786141912645
30,All equity (ex-basket),25,88,19209,99,0.0009370607527721381,0.00043514263018060997,0.0015535410912981956,0.0017179447134155865,0.0007968539398706132,0.0027513615278175973,-8.924514532089233,-0.20924514532089233,0.0017179447134155865,0.000846403219058493,0.0027549261239193023,0.4285714328289032,4.267692565917969e-05,0.0037250748293311316,0.013060460244274985,0.014811140239096767,0.4204091559541884,0.40893022889660724,0.43072737884984147,0.017005443572998047,0.04797405319974235,-0.025878489017486572,-0.042553191489361875,1512,-0.06558939814567566,-0.1449435078101931,0.008277369982820552,-1.2508754730224614,0.5003383830496122,0.5003383830496122,0.49966161695038785,0.0032310386,1.2924154,0.479199,0.00031235358425737937,0.00010411786141912645
30,All equity (ex-basket),25,90,19209,99,0.0008850018220625749,0.00038237316764892294,0.0014479085376897407,0.0017700036441251497,0.0008253348642160747,0.00297407916333233,-7.539733648300173,-0.1753973364830017,0.0017700036441251497,0.0008380815328672521,0.002847690031293108,0.4047619104385376,9.167194366455078e-05,0.003119989125730717,0.013060460244274985,0.014811140239096767,0.3500918076776543,0.3407426341964163,0.35869682936913144,0.01417088508605957,0.04797405319974235,-0.02155280113220215,-0.042553191489361875,1512,-0.054571568965911865,-0.1449435078101931,0.010620021864750898,-1.0084205865860008,0.5011192670102557,0.5011192670102557,0.4988807329897444,0.00267166,1.068664,0.3996333,0.00046853037638606906,0.00010411786141912645
30,All equity (ex-basket),25,92,19209,99,0.0008329428913530116,0.0003786188552129953,0.001366678825832331,0.0017700036441251497,0.0008661239015289397,0.002920949189791638,-6.031785726547245,-0.1403178572654724,0.0017700036441251497,0.0008269007034670876,0.002956196491202872,0.4047619104385376,0.00012958049774169922,0.0025114460579526935,0.013060460244274985,0.014811140239096767,0.2798021665065987,0.27205048720219427,0.28634559192931175,0.011355757713317871,0.04797405319974235,-0.017193138599395752,-0.042553191489361875,1512,-0.043514132499694824,-0.1449435078101931,0.01483679525222552,-0.8067352771759073,0.5024727992087042,0.5025248581394138,0.49747514186058617,0.0021076845,0.8430738,0.3196494,0.0005726482378051955,0.00010411786141912645
30,All equity (ex-basket),25,94,19209,99,0.0005726482378051955,0.00020888584769662973,0.0009679697615957612,0.0017700036441251497,0.0008358048388484139,0.0028973700098740753,-4.469847917556757,-0.10469847917556763,0.0017700036441251497,0.0008057023510812405,0.0028871361573618204,0.4047619104385376,0.00019276142120361328,0.001890145796479374,0.013060460244274985,0.014811140239096767,0.20918021732825823,0.20332612801533057,0.21409438677553222,0.008455514907836914,0.04797405319974235,-0.012754261493682861,-0.042553191489361875,1512,-0.032484859228134155,-0.1449435078101931,0.02212504555156437,-0.6006153821945137,0.5046592742985059,0.5046592742985059,0.49534072570149407,0.0015426876,0.617075,0.23928745,0.001145296475610391,0.00010411786141912645
30,All equity (ex-basket),25,95,19209,99,0.0005205893070956322,0.00019210626666506058,0.0008974355470144837,0.0017179447134155865,0.0008693166749776323,0.002888632203405823,-3.7248682975769,-0.08724868297576904,0.0017179447134155865,0.0007575532167938098,0.002868768013251708,0.4285714328289032,0.00013339519500732422,0.0015743979838508948,0.013060460244274985,0.014811140239096767,0.17373353435508354,0.1694581932923671,0.1776121334499996,0.007027864456176758,0.04797405319974235,-0.010619521141052246,-0.042553191489361875,1512,-0.027024179697036743,-0.1449435078101931,0.030714769118642304,-0.5137991905212358,0.5041386849914102,0.504294861783539,0.49570513821646106,0.0012629116,0.5051646,0.19903532,0.0018741215055442762,0.00010411786141912645
30,All equity (ex-basket),25,96,19209,99,0.00036441251496694256,9.837282187864544e-05,0.0007144552236488712,0.001822062574834713,0.0008173892457469074,0.002973049664682922,-2.97989463806152,-0.06979894638061523,0.001822062574834713,0.0007769419827093817,0.00291709713711125,0.380952388048172,0.00016796588897705078,0.0012710638275635012,0.013060460244274985,0.014811140239096767,0.1386507003158499,0.13498566283105679,0.14161577032533498,0.005645751953125,0.04797405319974235,-0.00843048095703125,-0.042553191489361875,1512,-0.021667420864105225,-0.1449435078101931,0.05034098599614764,-0.3953061103820765,0.5064813368733406,0.5065333958040502,0.49346660419594984,0.0009863122,0.39452487,0.15881293,0.002759123327606851,0.00010411786141912645
30,All equity (ex-basket),25,98,19209,99,5.2058930709563226e-05,0.0,0.00016436186572418022,0.0022385340205112185,0.0009736625210662927,0.003793666630520091,-1.3234238624572736,-0.033234238624572754,0.0022385340205112185,0.0010189081098903473,0.00364867158363712,0.523809552192688,0.0002614259719848633,0.0006482315849144533,0.013060460244274985,0.014811140239096767,0.06896156238422196,0.06722957455882964,0.07054807973546631,0.002964019775390625,0.04797405319974235,-0.004135310649871826,-0.042553191489361875,1512,-0.010808855295181274,-0.1449435078101931,0.47998334114217295,-0.1307349205017072,0.5199125409964079,0.5201207767192462,0.47987922328075383,0.00045454473,0.18181792,0.0787316,0.03258889062418658,0.00015617679212868969
30,Index/ETF,6,50,7264,99,0.0,0.0,0.0,0.0,0.0,0.0,4.0345072746276855,-0.45965492725372314,0.0,0.0,0.0,,0.010941624641418457,0.0075786902860529096,0.012155858077283477,0.008794614582382128,0.9723444603939507,0.9702056316660332,0.974297245710596,0.03415226936340332,0.03539431890933442,-0.033593595027923584,-0.03243285939815943,300,-0.13769909739494324,-0.13666341349411804,0.0,,0.5904460352422908,0.5907213656387665,0.40927863436123346,0.0012050007,2.0083346,0.99994427,0.0,0.0
30,Index/ETF,6,55,7264,99,0.0,0.0,0.0,0.0,0.0,0.0,1.0458600521087602,-0.43954139947891235,0.0,0.0,0.0,,0.010941624641418457,0.00753309441492421,0.012155858077283477,0.008794614582382128,0.9723444603939507,0.9700439777273416,0.9741888868795658,0.03415226936340332,0.03539431890933442,-0.033593595027923584,-0.03243285939815943,300,-0.13820543885231018,-0.13666341349411804,0.00013766519823788548,,0.5904460352422908,0.5907213656387665,0.40927863436123346,0.0012055383,2.0092306,0.99981415,0.0,0.0
30,Index/ETF,6,60,7264,99,0.00013766519823788548,0.0,0.0004309692170252713,0.00013766519823788548,0.0,0.00046632047184625336,-3.2731032371520974,-0.432731032371521,0.00013766519823788548,0.0,0.0004765085035671813,0.4761904776096344,0.010941624641418457,0.007451378432664577,0.012155858077283477,0.008794614582382128,0.9723444603939507,0.9701883223758857,0.9743735060737861,0.03415226936340332,0.03539431890933442,-0.033593595027923584,-0.03243285939815943,300,-0.13885891437530518,-0.13666341349411804,0.00013766519823788548,-3.2731032371520974,0.5904460352422908,0.5907213656387665,0.40927863436123346,0.0012069233,2.0115387,0.9993157,0.0,0.0
30,Index/ETF,6,65,7264,99,0.00013766519823788548,0.0,0.0004662856211741546,0.00013766519823788548,0.0,0.00046982857287250794,-6.74512028694153,-0.4174512028694153,0.00013766519823788548,0.0,0.0004767533247037536,0.4761904776096344,0.010897517204284668,0.00734557729165197,0.012155858077283477,0.008794614582382128,0.971848262872014,0.9699864395352339,0.9737147997613516,0.03415226936340332,0.03539431890933442,-0.03372138738632202,-0.03243285939815943,300,-0.14123985171318054,-0.13666341349411804,0.00013766519823788548,-6.74512028694153,0.5903083700440529,0.5905837004405287,0.40941629955947134,0.0012105341,2.0175567,0.99787575,0.0,0.0
30,Index/ETF,6,70,7264,99,0.00013766519823788548,0.0,0.00045036273658066516,0.00013766519823788548,0.0,0.0004742167349587265,-5.083049535751338,-0.3508304953575134,0.00013766519823788548,0.0,0.0005012982987543169,0.4761904776096344,0.010757148265838623,0.007125578369403726,0.012155858077283477,0.008794614582382128,0.9679815678309788,0.9659890627554368,0.9699869988360414,0.03404438495635986,0.03539431890933442,-0.034191250801086426,-0.03243285939815943,300,-0.13954424858093262,-0.13666341349411804,0.00013766519823788548,-5.083049535751338,0.5879680616740088,0.5882433920704846,0.4117566079295154,0.001225892,2.0431535,0.99226344,0.0,0.0
30,Index/ETF,6,75,7264,99,0.00013766519823788548,0.0,0.0004535594781242289,0.00013766519823788548,0.0,0.00047623219405634184,-3.915262222290039,-0.2891526222229004,0.00013766519823788548,0.0,0.0004706092758913117,0.4761904776096344,0.009092628955841064,0.006757769700845432,0.012155858077283477,0.008794614582382128,0.9321770605474036,0.9260200797891837,0.9379995364946723,0.03272044658660889,0.03539431890933442,-0.03610563278198242,-0.03243285939815943,300,-0.12415066361427307,-0.13666341349411804,0.00013766519823788548,-3.915262222290039,0.5714482378854625,0.5715859030837004,0.42841409691629956,0.0013054817,2.175803,0.95506656,0.0,0.0
30,Index/ETF,6,80,7264,99,0.00013766519823788548,0.0,0.0004947963906230685,0.00013766519823788548,0.0,0.00046192667421115683,-3.132210969924931,-0.23132210969924927,0.00013766519823788548,0.0,0.0004646088456540174,0.4761904776096344,0.005824744701385498,0.0056582280323894014,0.012155858077283477,0.008794614582382128,0.7669439839524979,0.7557285356757547,0.7764192665382996,0.02581644058227539,0.03539431890933442,-0.029601573944091797,-0.03243285939815943,300,-0.09975618124008179,-0.13666341349411804,0.00027533039647577095,-3.132210969924931,0.5569933920704846,0.5569933920704846,0.4430066079295154,0.0011796117,1.9660195,0.79897267,0.0,0.0
30,Index/ETF,6,85,7264,99,0.00013766519823788548,0.0,0.00048071590506464757,0.00013766519823788548,0.0,0.000494838236792456,-2.3491597175598122,-0.17349159717559814,0.00013766519823788548,0.0,0.0004737938949378211,0.4761904776096344,0.004335939884185791,0.00420143095866699,0.012155858077283477,0.008794614582382128,0.5734623637674241,0.5645713871060202,0.5822048516467849,0.01929771900177002,0.03539431890933442,-0.022246956825256348,-0.03243285939815943,300,-0.0746370255947113,-0.13666341349411804,0.0008259911894273128,-2.3491597175598122,0.5568557268722467,0.5568557268722467,0.4431442731277533,0.0008886745,1.4811243,0.60145146,0.0,0.0
30,Index/ETF,6,88,7264,99,0.00013766519823788548,0.0,0.0004271536963781975,0.00013766519823788548,0.0,0.000464901847869602,-1.877707719802857,-0.13877707719802856,0.00013766519823788548,0.0,0.0004840986637639073,0.4761904776096344,0.003487825393676758,0.00335004248775312,0.012155858077283477,0.008794614582382128,0.45774027705102605,0.45014086962961947,0.4648539285686529,0.015380144119262695,0.03539431890933442,-0.017791330814361572,-0.03243285939815943,300,-0.059808194637298584,-0.13666341349411804,0.0015143171806167401,-1.877707719802857,0.5569933920704846,0.5569933920704846,0.4430066079295154,0.0007032639,1.1721065,0.48100692,0.0,0.0
30,Index/ETF,6,90,7264,99,0.00013766519823788548,0.0,0.0004540619954707437,0.00013766519823788548,0.0,0.0004555760292762768,-1.564755439758303,-0.11564755439758301,0.00013766519823788548,0.0,0.0004425989169229396,0.4761904776096344,0.0028817057609558105,0.0027943130845146558,0.012155858077283477,0.008794614582382128,0.3810297468591284,0.374440663397629,0.38704163441903094,0.012782573699951172,0.03539431890933442,-0.01476961374282837,-0.03243285939815943,300,-0.049714624881744385,-0.13666341349411804,0.0026156387665198237,-1.564755439758303,0.5569933920704846,0.5571310572687225,0.4428689427312775,0.00057871814,0.9645302,0.4004106,0.0,0.0
30,Index/ETF,6,92,7264,99,0.00013766519823788548,0.0,0.0004695976128870978,0.00013766519823788548,0.0,0.0005009300733023232,-1.2518985271453897,-0.09251898527145386,0.00013766519823788548,0.0,0.0004907376222579664,0.4761904776096344,0.002326786518096924,0.0022280327893695116,0.012155858077283477,0.008794614582382128,0.3040217438127232,0.2988435972160416,0.30910989823462964,0.010232090950012207,0.03539431890933442,-0.011774718761444092,-0.03243285939815943,300,-0.03968432545661926,-0.13666341349411804,0.004680616740088106,-1.2518985271453897,0.5583700440528634,0.5583700440528634,0.44162995594713655,0.00045558624,0.7593104,0.31972212,0.0,0.0
30,Index/ETF,6,94,7264,99,0.0,0.0,0.0,0.00013766519823788548,0.0,0.0004678418763529772,-0.936770677566523,-0.06936770677566528,0.00013766519823788548,0.0,0.0005086244977696809,0.4761904776096344,0.0018023848533630371,0.001671417751698242,0.012155858077283477,0.008794614582382128,0.2274204177224221,0.2232188897006622,0.23118957966742734,0.007616758346557617,0.03539431890933442,-0.008769094944000244,-0.03243285939815943,300,-0.029799342155456543,-0.13666341349411804,0.0075715859030837,-0.936770677566523,0.5583700440528634,0.5585077092511013,0.4414922907488987,0.00033327652,0.5554609,0.23890957,0.0,0.0
30,Index/ETF,6,95,7264,99,0.0,0.0,0.0,0.00013766519823788548,0.0,0.00045032417421603634,-0.7806432247161821,-0.057806432247161865,0.00013766519823788548,0.0,0.0004637170927815371,0.4761904776096344,0.0015221834182739258,0.0013884545472093615,0.012155858077283477,0.008794614582382128,0.1891053004595052,0.18580466320663236,0.19216665021747734,0.006345391273498535,0.03539431890933442,-0.007290184497833252,-0.03243285939815943,300,-0.024787545204162598,-0.13666341349411804,0.011426211453744494,-0.7806432247161821,0.558920704845815,0.5591960352422908,0.4408039647577093,0.0002731298,0.4552163,0.19851719,0.0,0.0
30,Index/ETF,6,96,7264,99,0.0,0.0,0.0,0.00013766519823788548,0.0,0.00045737135724665563,-0.600840806961056,-0.046008408069610596,0.00013766519823788548,0.0,0.0004476509993446218,0.4761904776096344,0.0012015700340270996,0.001110081302436963,0.012155858077283477,0.008794614582382128,0.15077889662682165,0.1482376494857602,0.1532544433887899,0.005066275596618652,0.03539431890933442,-0.005811452865600586,-0.03243285939815943,300,-0.01988363265991211,-0.13666341349411804,0.021062775330396476,-0.600840806961056,0.5629129955947136,0.5630506607929515,0.4369493392070485,0.00021391772,0.35652953,0.15823595,0.00027533039647577095,0.0
30,Index/ETF,6,98,7264,99,0.0,0.0,0.0,0.00013766519823788548,0.0,0.00048261359207254226,-0.31027603149413885,-0.023102760314941406,0.00013766519823788548,0.0,0.0004929731970431399,0.4761904776096344,0.000741422176361084,0.000563500974212449,0.012155858077283477,0.008794614582382128,0.07546210887583572,0.07439952125653226,0.07650621162127329,0.002614617347717285,0.03539431890933442,-0.002900421619415283,-0.03243285939815943,300,-0.010111182928085327,-0.13666341349411804,0.4259361233480176,-0.31027603149413885,0.5737885462555066,0.5742015418502202,0.42579845814977973,0.00010042306,0.16737178,0.07851371,0.012527533039647577,0.0
30,Index/ETF,25,50,7264,99,0.0,0.0,0.0,0.0,0.0,0.0,3.8754820823669434,-0.46124517917633057,0.0,0.0,0.0,,0.00710141658782959,0.003750164160250567,0.012155858077283477,0.008794614582382128,0.8848780544922673,0.8754134461599636,0.8930508589459534,0.030223846435546875,0.03539431890933442,-0.03726464509963989,-0.03243285939815943,300,-0.14097470045089722,-0.13666341349411804,0.0,,0.5608480176211453,0.5608480176211453,0.4391519823788546,0.0050160564,2.0064228,0.9999416,0.0,0.0
30,Index/ETF,25,55,7264,99,0.0,0.0,0.0,0.0,0.0,0.0,0.9730648994445756,-0.4402693510055542,0.0,0.0,0.0,,0.00710141658782959,0.0037022745359836695,0.012155858077283477,0.008794614582382128,0.8848780544922673,0.8759951422507802,0.8928428605984752,0.030223846435546875,0.03539431890933442,-0.03726464509963989,-0.03243285939815943,300,-0.14147910475730896,-0.13666341349411804,0.00013766519823788548,,0.5608480176211453,0.5608480176211453,0.4391519823788546,0.005018324,2.0073297,0.9998066,0.0,0.0
30,Index/ETF,25,60,7264,99,0.00013766519823788548,0.0,0.000508545205708161,0.00013766519823788548,0.0,0.0004522059239043386,-3.4885859489440896,-0.4348858594894409,0.00013766519823788548,0.0,0.000447702731470561,0.4761904776096344,0.00710141658782959,0.003615612615441436,0.012155858077283477,0.008794614582382128,0.8848780544922673,0.8749356967047113,0.8931982354896426,0.030223846435546875,0.03539431890933442,-0.03726464509963989,-0.03243285939815943,300,-0.14240458607673645,-0.13666341349411804,0.00013766519823788548,-3.4885859489440896,0.5608480176211453,0.5608480176211453,0.4391519823788546,0.005024175,2.00967,0.9992903,0.0,0.0
30,Index/ETF,25,65,7264,99,0.00013766519823788548,0.0,0.000454699480335428,0.00013766519823788548,0.0,0.0004468002093392108,-6.802072525024416,-0.41802072525024414,0.00013766519823788548,0.0,0.0004638524495634135,0.4761904776096344,0.00706106424331665,0.003497026901741385,0.012155858077283477,0.008794614582382128,0.8843118657232336,0.8766027373989825,0.8923320972921027,0.030223846435546875,0.03539431890933442,-0.03739196062088013,-0.03243285939815943,300,-0.14502355456352234,-0.13666341349411804,0.00013766519823788548,-6.802072525024416,0.5602973568281938,0.5602973568281938,0.4397026431718062,0.0050394973,2.0157988,0.9977875,0.0,0.0
30,Index/ETF,25,70,7264,99,0.00013766519823788548,0.0,0.0004848213612349313,0.00013766519823788548,0.0,0.0004378991132303399,-5.152667760848995,-0.35152667760849,0.00013766519823788548,0.0,0.0004867255051618058,0.4761904776096344,0.0068926215171813965,0.003222968388299585,0.012155858077283477,0.008794614582382128,0.8799442244853356,0.8713263233104034,0.8874705168752112,0.03011643886566162,0.03539431890933442,-0.037930309772491455,-0.03243285939815943,300,-0.14325198531150818,-0.13666341349411804,0.00013766519823788548,-5.152667760848995,0.5580947136563876,0.5580947136563876,0.4419052863436123,0.005105328,2.0421312,0.9918381,0.0,0.0
30,Index/ETF,25,75,7264,99,0.00013766519823788548,0.0,0.0004430186094756828,0.00013766519823788548,0.0,0.00045220936743058847,-3.9907097816467285,-0.2899070978164673,0.00013766519823788548,0.0,0.0004727573859458117,0.4761904776096344,0.004678964614868164,0.002574141920925762,0.012155858077283477,0.008794614582382128,0.8358613386562513,0.8269389055380193,0.8443967872206731,0.028440475463867188,0.03539431890933442,-0.04000371694564819,-0.03243285939815943,300,-0.127530038356781,-0.13666341349411804,0.00013766519823788548,-3.9907097816467285,0.5352422907488987,0.5352422907488987,0.4647577092511013,0.0054528513,2.181141,0.95170337,0.0,0.0
30,Index/ETF,25,80,7264,99,0.00013766519823788548,0.0,0.00046719640630586885,0.00013766519823788548,0.0,0.00043924991883237066,-3.1925666332244917,-0.23192566633224487,0.00013766519823788548,0.0,0.0004544683014090031,0.4761904776096344,0.0020561814308166504,0.0018911680313327764,0.012155858077283477,0.008794614582382128,0.6745716038726007,0.6612546539791773,0.6859038914397347,0.021809697151184082,0.03539431890933442,-0.032862186431884766,-0.03243285939815943,300,-0.10221147537231445,-0.13666341349411804,0.00027533039647577095,-3.1925666332244917,0.5198237885462555,0.5198237885462555,0.4801762114537445,0.0048910845,1.9564339,0.7933038,0.0,0.0
30,Index/ETF,25,85,7264,99,0.00013766519823788548,0.0,0.000458571667971643,0.00013766519823788548,0.0,0.0004940701832723923,-2.394423484802244,-0.17394423484802246,0.00013766519823788548,0.0,0.00047864428907562717,0.4761904776096344,0.0016466379165649414,0.0013605336769430647,0.012155858077283477,0.008794614582382128,0.5031051899009549,0.492811788130287,0.5124923694213044,0.01629817485809326,0.03539431890933442,-0.024623990058898926,-0.03243285939815943,300,-0.07668811082839966,-0.13666341349411804,0.0009636563876651982,-2.394423484802244,0.5202367841409692,0.5202367841409692,0.4797632158590308,0.0036804061,1.4721626,0.59678304,0.0,0.0
30,Index/ETF,25,88,7264,99,0.00013766519823788548,0.0,0.00048671925531013034,0.00013766519823788548,0.0,0.00047842319351343993,-1.9155387878417973,-0.13915538787841797,0.00013766519823788548,0.0,0.0004557400828580083,0.4761904776096344,0.0013153553009033203,0.001107315750308499,0.012155858077283477,0.008794614582382128,0.4021289350702964,0.39435370700678984,0.41001057601403146,0.01305532455444336,0.03539431890933442,-0.019623279571533203,-0.03243285939815943,300,-0.06149524450302124,-0.13666341349411804,0.001789647577092511,-1.9155387878417973,0.5206497797356828,0.5206497797356828,0.4793502202643172,0.0029120666,1.1648265,0.47716397,0.0,0.0
30,Index/ETF,25,90,7264,99,0.00013766519823788548,0.0,0.0004958197109308634,0.00013766519823788548,0.0,0.0004826429775076464,-1.594444513320925,-0.11594444513320923,0.00013766519823788548,0.0,0.00047007625992032576,0.4761904776096344,0.0011392831802368164,0.0009447701997431365,0.012155858077283477,0.008794614582382128,0.3351065148444036,0.32783741524756604,0.34218536671769556,0.01086878776550293,0.03539431890933442,-0.016294360160827637,-0.03243285939815943,300,-0.05097132921218872,-0.13666341349411804,0.0028909691629955946,-1.594444513320925,0.5229900881057269,0.5229900881057269,0.4770099118942731,0.002397108,0.9588432,0.39721465,0.0,0.0
30,Index/ETF,25,92,7264,99,0.00013766519823788548,0.0,0.0004353004397703092,0.00013766519823788548,0.0,0.0004939861980569661,-1.2757165431976358,-0.09275716543197632,0.00013766519823788548,0.0,0.00045481802599013627,0.4761904776096344,0.0009332895278930664,0.0007756531878583757,0.012155858077283477,0.008794614582382128,0.26805324395558067,0.26178735542148907,0.27403165246817274,0.008725404739379883,0.03539431890933442,-0.012980937957763672,-0.03243285939815943,300,-0.04065868258476257,-0.13666341349411804,0.0052312775330396475,-1.2757165431976358,0.5243667400881057,0.5243667400881057,0.47563325991189426,0.0018874691,0.75498766,0.31723455,0.0,0.0
30,Index/ETF,25,94,7264,99,0.0,0.0,0.0,0.00013766519823788548,0.0,0.0004667324185980874,-0.9543123245239205,-0.06954312324523926,0.00013766519823788548,0.0,0.0004448030638937457,0.4761904776096344,0.0007712244987487793,0.0006074463037798583,0.012155858077283477,0.008794614582382128,0.20109525318501748,0.19714514997685373,0.2051869897579896,0.006526589393615723,0.03539431890933442,-0.009647607803344727,-0.03243285939815943,300,-0.030530303716659546,-0.13666341349411804,0.007846916299559472,-0.9543123245239205,0.5261563876651982,0.5261563876651982,0.47384361233480177,0.0013809556,0.5523823,0.23707724,0.0,0.0
30,Index/ETF,25,95,7264,99,0.0,0.0,0.0,0.00013766519823788548,0.0,0.00045882891099271577,-0.7952582836151079,-0.05795258283615112,0.00013766519823788548,0.0,0.000449024213012442,0.4761904776096344,0.0007169246673583984,0.0005130584839944797,0.012155858077283477,0.008794614582382128,0.16745005039749464,0.16381206684767924,0.17082088178563598,0.0054558515548706055,0.03539431890933442,-0.008027911186218262,-0.03243285939815943,300,-0.025363653898239136,-0.13666341349411804,0.011701541850220265,-0.7952582836151079,0.5262940528634361,0.5265693832599119,0.47343061674008813,0.0011322928,0.45291713,0.19702862,0.0,0.0
30,Index/ETF,25,96,7264,99,0.0,0.0,0.0,0.00013766519823788548,0.0,0.0005040822892490896,-0.613965749740597,-0.046139657497406006,0.00013766519823788548,0.0,0.00046777260261256443,0.4761904776096344,0.000582277774810791,0.0004297507606807784,0.012155858077283477,0.008794614582382128,0.13393356379428323,0.13136401274077047,0.13655530697870025,0.004371523857116699,0.03539431890933442,-0.0064032673835754395,-0.03243285939815943,300,-0.020316332578659058,-0.13666341349411804,0.023127753303964757,-0.613965749740597,0.5293226872246696,0.5293226872246696,0.47067731277533037,0.0008868268,0.3547307,0.15714401,0.0004129955947136564,0.0
30,Index/ETF,25,98,7264,99,0.0,0.0,0.0,0.00013766519823788548,0.0,0.0004664251664824601,-0.31570601463317693,-0.023157060146331787,0.00013766519823788548,0.0,0.0004735713461516736,0.4761904776096344,0.0004304647445678711,0.00024253161960498878,0.012155858077283477,0.008794614582382128,0.06776222894446778,0.06663652566128496,0.06883540804278913,0.002295851707458496,0.03539431890933442,-0.0031819939613342285,-0.03243285939815943,300,-0.01020023226737976,-0.13666341349411804,0.45594713656387664,-0.31570601463317693,0.5440528634361234,0.5441905286343612,0.45580947136563876,0.00041718624,0.1668745,0.078163154,0.012940528634361233,0.0
30,Single stock,6,50,11945,65,0.0002511511092507325,0.0,0.000551101000684337,0.0005860192549183759,8.426643767841448e-05,0.0012619037508624564,-22.910022735595703,-0.729100227355957,0.0005860192549183759,8.109906186004355e-05,0.0012668873149098518,0.380952388048172,0.012769579887390137,0.01707255807368014,0.013986013986013734,0.018469913145783678,0.9838647403191163,0.9820642457850534,0.9852985271618495,0.05959707498550415,0.06087779403309057,-0.05199971795082092,-0.050844660024679245,1212,-0.14893865585327148,-0.1478031235520219,0.00100460443700293,-0.9399980306625366,0.5668480535789033,0.5668480535789033,0.43315194642109667,0.0012116765,2.0194607,0.99896497,8.371703641691084e-05,0.0
30,Single stock,6,55,11945,65,0.00033486814566764336,7.936201327692817e-05,0.0006687886784332899,0.0007534533277521976,9.266697413595632e-05,0.0015741583391640918,-20.253075957298282,-0.6525307595729828,0.0007534533277521976,0.0001601146421837715,0.0014959451440369083,0.380952388048172,0.012765765190124512,0.016984364835723968,0.013986013986013734,0.018469913145783678,0.983523318792962,0.9815648592395951,0.9850752663072024,0.05959707498550415,0.06087779403309057,-0.05199971795082092,-0.050844660024679245,1212,-0.1492791771888733,-0.1478031235520219,0.0011720385098367518,-0.7460463047027632,0.5667643365424864,0.5667643365424864,0.43323566345751363,0.0012133496,2.0222497,0.9980187,8.371703641691084e-05,0.0
30,Single stock,6,60,11945,65,0.0004185851820845542,9.017014730050571e-05,0.0008004269151474173,0.00100460443700293,0.0003446918269326594,0.0018939429812175855,-14.630061984062193,-0.546300619840622,0.00100460443700293,0.000262862232262449,0.0018529650719516246,0.5952380895614624,0.012765765190124512,0.016880123325350296,0.013986013986013734,0.018469913145783678,0.9829355053155991,0.9811498578262673,0.9845740295923261,0.05959707498550415,0.06087779403309057,-0.052108585834503174,-0.050844660024679245,1212,-0.15082350373268127,-0.1478031235520219,0.002092925910422771,-0.622398257255552,0.5666806195060695,0.5666806195060695,0.43331938049393054,0.001216854,2.0280898,0.99589473,8.371703641691084e-05,0.0
30,Single stock,6,65,11945,65,0.0008371703641691084,0.0002556882948696522,0.0014964519240158556,0.0013394725826705734,0.00041763088877635215,0.002340793536231348,-19.076144099235538,-0.5407614409923553,0.0013394725826705734,0.0005231081356317424,0.0024765320109102033,0.5952380895614624,0.012582778930664062,0.016685822976588605,0.013986013986013734,0.018469913145783678,0.9795311265839907,0.9763657757785213,0.982090914357968,0.05948376655578613,0.06087779403309057,-0.05255335569381714,-0.050844660024679245,1212,-0.15567776560783386,-0.1478031235520219,0.0029300962745918793,-2.638002634048464,0.5656760150690665,0.5656760150690665,0.43432398493093344,0.0012262712,2.0437853,0.99088806,0.00016743407283382168,8.371703641691084e-05
30,Single stock,6,70,11945,65,0.0011720385098367518,0.00048547764706020674,0.0020029601432133967,0.0019254918375889492,0.0007296841010240627,0.003459325022532435,-24.48423326015472,-0.5448423326015472,0.0019254918375889492,0.0007207828026127165,0.0033111319958558797,0.380952388048172,0.01164698600769043,0.016249763523998397,0.013986013986013734,0.018469913145783678,0.9681761508070307,0.960767608067953,0.9744013887627349,0.05893886089324951,0.06087779403309057,-0.054787129163742065,-0.050844660024679245,1212,-0.15135923027992249,-0.1478031235520219,0.004353285893679364,-1.310188770294185,0.5609878610297195,0.5609878610297195,0.43901213897028046,0.0012579289,2.0965483,0.9767227,0.00016743407283382168,0.00016743407283382168
30,Single stock,6,75,11945,65,0.0015069066555043953,0.0006269651209006328,0.002547878255520077,0.0023440770196735037,0.0009330029155219396,0.0040307015455785505,-18.81118416786194,-0.4381118416786194,0.0023440770196735037,0.0009580222237487436,0.004167964880073475,0.380952388048172,0.008091568946838379,0.015330534432412392,0.013986013986013734,0.018469913145783678,0.9197615171175828,0.9075936432006844,0.9298789293825276,0.05517888069152832,0.06087779403309057,-0.05717924237251282,-0.050844660024679245,1212,-0.13463658094406128,-0.1478031235520219,0.005609041439933026,-1.921844482421875,0.5383005441607367,0.5383842611971537,0.4616157388028464,0.0013708728,2.284788,0.9252768,0.0002511511092507325,0.00016743407283382168
30,Single stock,6,80,11945,65,0.0015069066555043953,0.0005853739687416518,0.0025560961094103175,0.002595228128924236,0.0011582433634452255,0.004480300197984116,-15.048943758010868,-0.35048943758010864,0.002595228128924236,0.001231871869412302,0.00428231816614496,0.380952388048172,0.0025348663330078125,0.013109617230282413,0.013986013986013734,0.018469913145783678,0.7698943239987945,0.7547389402522424,0.7817566606587305,0.041936278343200684,0.06087779403309057,-0.04756632447242737,-0.050844660024679245,1212,-0.1091393232345581,-0.1478031235520219,0.006781079949769778,-1.8573272228241011,0.517371285056509,0.517371285056509,0.482628714943491,0.0013005711,2.1676188,0.78782,0.0002511511092507325,0.00016743407283382168
30,Single stock,6,85,11945,65,0.001590623691921306,0.000672517422709553,0.002637227408115155,0.002678945165341147,0.001225276117996266,0.004513175672386524,-11.286709308624266,-0.2628670930862427,0.002678945165341147,0.0012677271431094095,0.0043342987014866234,0.380952388048172,0.0014195442199707031,0.010005768685722111,0.013986013986013734,0.018469913145783678,0.5821183275132532,0.5679229884526978,0.5941121484446796,0.030400872230529785,0.06087779403309057,-0.03591233491897583,-0.050844660024679245,1212,-0.08181783556938171,-0.1478031235520219,0.009041439933026372,-1.4527565240859963,0.5141900376726664,0.5141900376726664,0.4858099623273336,0.0010299153,1.7165254,0.60293174,0.00033486814566764336,0.00016743407283382168
30,Single stock,6,88,11945,65,0.0014231896190874842,0.0006593239247763048,0.002398880716341541,0.002595228128924236,0.001290544122221493,0.004363355261675716,-9.029365062713623,-0.21029365062713623,0.002595228128924236,0.0011636069440357879,0.0042434715603317215,0.380952388048172,0.001204371452331543,0.008008080159535014,0.013986013986013734,0.018469913145783678,0.46538530835611625,0.45342711291316545,0.4762972098298387,0.024150609970092773,0.06087779403309057,-0.028656214475631714,-0.050844660024679245,1212,-0.06540274620056152,-0.1478031235520219,0.011636668061950607,-1.20604681968689,0.5139388865634157,0.5139388865634157,0.48606111343658437,0.00082829595,1.3804933,0.4848858,0.000502302218501465,0.00016743407283382168
30,Single stock,6,90,11945,65,0.0013394725826705734,0.000613641492929681,0.002125708140311333,0.002678945165341147,0.001333093101926754,0.0043294905551073595,-7.524474859237673,-0.1752447485923767,0.002678945165341147,0.0012446380787665581,0.0042955968274201155,0.4285714328289032,0.000943303108215332,0.006676098805384039,0.013986013986013734,0.018469913145783678,0.3874726459556427,0.37690342009760014,0.39575702103482474,0.020136535167694092,0.06087779403309057,-0.023823469877243042,-0.050844660024679245,1212,-0.05433747172355652,-0.1478031235520219,0.014483047300125576,-0.9668523073196433,0.5141063206362495,0.5141063206362495,0.4858936793637505,0.00068661,1.1443499,0.40488866,0.0007534533277521976,0.00016743407283382168
30,Single stock,6,92,11945,65,0.0012557555462536626,0.0005915227947287898,0.0020498189225336763,0.002678945165341147,0.001327235224314458,0.004284887228950657,-6.028221368789676,-0.14028221368789673,0.002678945165341147,0.0012367581806083043,0.004218853745972705,0.4047619104385376,0.0007832050323486328,0.005331593195530798,0.013986013986013734,0.018469913145783678,0.30934371027231733,0.3009129532035453,0.316289281710988,0.016055405139923096,0.06087779403309057,-0.019077152013778687,-0.050844660024679245,1212,-0.043424397706985474,-0.1478031235520219,0.019171201339472584,-0.7734818458557169,0.5140226035998325,0.5141063206362495,0.4858936793637505,0.0005422265,0.90371084,0.3241695,0.0009208874005860192,0.00016743407283382168
30,Single stock,6,94,11945,65,0.0009208874005860192,0.00036352484405522035,0.0016242930744208425,0.002678945165341147,0.0012381387936412646,0.004449018384195152,-4.521167516708369,-0.10521167516708374,0.002678945165341147,0.00130893218250517,0.004392413064150228,0.4047619104385376,0.0006204843521118164,0.003964259246244946,0.013986013986013734,0.018469913145783678,0.23074291462410648,0.2240267245621124,0.23622064485783822,0.012015819549560547,0.06087779403309057,-0.014289557933807373,-0.050844660024679245,1212,-0.03250032663345337,-0.1478031235520219,0.028966094600251152,-0.5801113843917793,0.5151946421096694,0.5152783591460862,0.4847216408539138,0.00039684668,0.66141117,0.24290398,0.0017580577647551276,0.00016743407283382168
30,Single stock,6,95,11945,65,0.0007534533277521976,0.0002582949941587787,0.0013473574793326695,0.0025115110925073253,0.001079602721395946,0.004161135446750498,-3.76764059066772,-0.08767640590667725,0.0025115110925073253,0.0011148914908946702,0.004183643649599134,0.4047619104385376,0.0005170106887817383,0.003273609269358913,0.013986013986013734,0.018469913145783678,0.19121805795730273,0.18600711068958273,0.1958939226805395,0.01001274585723877,0.06087779403309057,-0.0118580162525177,-0.050844660024679245,1212,-0.02708202600479126,-0.1478031235520219,0.040100460443700296,-0.5711925029754594,0.514524905818334,0.5146923398911678,0.48530766010883214,0.00032461312,0.54102194,0.20210603,0.002678945165341147,0.00016743407283382168
30,Single stock,6,96,11945,65,0.0005860192549183759,9.737377965654381e-05,0.0011468689111906434,0.0027626622017580577,0.0012820893187158908,0.004642502927745953,-3.014107704162594,-0.07014107704162598,0.0027626622017580577,0.0013052773836920105,0.0047728005639579895,0.380952388048172,0.00047767162322998047,0.0026005483711549256,0.013986013986013734,0.018469913145783678,0.15212496347446303,0.14806910897001954,0.15575124121502845,0.00797724723815918,0.06087779403309057,-0.009437084197998047,-0.050844660024679245,1212,-0.021643519401550293,-0.1478031235520219,0.06362494767685224,-0.37638163566589,0.515529510255337,0.515529510255337,0.48447048974466306,0.0002531188,0.4218647,0.16125715,0.0042695688572624525,0.00016743407283382168
30,Single stock,6,98,11945,65,8.371703641691084e-05,0.0,0.00026965264815884355,0.0033486814566764337,0.0014108726432670096,0.005503614523834371,-1.1673312187194806,-0.031673312187194824,0.0033486814566764337,0.0015124919937323947,0.005417845772616205,0.5714285969734192,0.00040853023529052734,0.001264383928603136,0.013986013986013734,0.018469913145783678,0.07457881602857237,0.07251051760130653,0.07637628430299145,0.004038214683532715,0.06087779403309057,-0.004556506872177124,-0.050844660024679245,1212,-0.010810047388076782,-0.1478031235520219,0.4725826705734617,-0.1382480859756452,0.5272498953537045,0.5274173294265383,0.4725826705734617,0.00011524579,0.19207634,0.07964757,0.04286312264545835,0.0002511511092507325
30,Single stock,25,50,11945,65,0.0002511511092507325,0.0,0.0005588086370537058,0.0006697362913352867,9.226292480069995e-05,0.001424152819552274,-23.012927174568176,-0.7301292717456818,0.0006697362913352867,0.00016800581865868383,0.0013299384478094403,0.380952388048172,0.008922457695007324,0.013203384592823525,0.013986013986013734,0.018469913145783678,0.9359980681861746,0.9323576967916497,0.9398318926890514,0.05557197332382202,0.06087779403309057,-0.0556008517742157,-0.050844660024679245,1212,-0.1521715521812439,-0.1478031235520219,0.00100460443700293,-0.702919065952301,0.5479280033486814,0.5479280033486814,0.45207199665131853,0.005043848,2.017539,0.9989462,8.371703641691084e-05,0.0
30,Single stock,25,55,11945,65,0.00033486814566764336,8.257179066379995e-05,0.0006818012608265538,0.0007534533277521976,0.00015629258982741788,0.0015434196044985375,-20.13144671916962,-0.6513144671916962,0.0007534533277521976,0.00016257264904635972,0.001495842154940918,0.380952388048172,0.0089186429977417,0.013110159248325703,0.013986013986013734,0.018469913145783678,0.9356425261678756,0.9317834304586279,0.9392746269580385,0.05557197332382202,0.06087779403309057,-0.0556008517742157,-0.050844660024679245,1212,-0.15251079201698303,-0.1478031235520219,0.0011720385098367518,-0.8419740200042769,0.5478442863122646,0.5478442863122646,0.45215571368773544,0.0050508506,2.0203402,0.99797297,8.371703641691084e-05,0.0
30,Single stock,25,60,11945,65,0.000502302218501465,0.0001672004453376903,0.0008868608652003951,0.0009208874005860192,0.00024846543468968877,0.0017298574118762857,-14.802408814430235,-0.5480240881443024,0.0009208874005860192,0.00024929579385411316,0.0018618251098490456,0.5714285969734192,0.0089186429977417,0.012993724224406738,0.013986013986013734,0.018469913145783678,0.9350078448432289,0.9311400384722346,0.9385344711280585,0.05557197332382202,0.06087779403309057,-0.05570930242538452,-0.050844660024679245,1212,-0.15404927730560303,-0.1478031235520219,0.002092925910422771,-1.0017907619476296,0.5476768522394307,0.5476768522394307,0.45232314776056926,0.00506561,2.026244,0.99578524,8.371703641691084e-05,0.0
30,Single stock,25,65,11945,65,0.0009208874005860192,0.0003330486235613704,0.001699001218051606,0.0013394725826705734,0.0005436451270989643,0.002215089716537383,-19.01697158813477,-0.5401697158813477,0.0013394725826705734,0.0005089671735346513,0.0021989996253733417,0.4761905074119568,0.008736371994018555,0.012766946774239618,0.013986013986013734,0.018469913145783678,0.9314119385885763,0.9268209339771594,0.9354995667399054,0.05545914173126221,0.06087779403309057,-0.056197941303253174,-0.050844660024679245,1212,-0.15947353839874268,-0.1478031235520219,0.0029300962745918793,-2.7722769975662254,0.5465885307660109,0.5465885307660109,0.4534114692339891,0.005105681,2.042272,0.99061644,0.00016743407283382168,8.371703641691084e-05
30,Single stock,25,70,11945,65,0.0012557555462536626,0.00048501114789032415,0.002190288418980597,0.0019254918375889492,0.0007626518697995344,0.003534006431815262,-24.29262518882751,-0.5429262518882751,0.0019254918375889492,0.0007421979738984507,0.0033557181057886306,0.380952388048172,0.007762789726257324,0.012212388587327322,0.013986013986013734,0.018469913145783678,0.9189387109043038,0.9113055931779803,0.9248535651441294,0.05479025840759277,0.06087779403309057,-0.058776259422302246,-0.050844660024679245,1212,-0.15447324514389038,-0.1478031235520219,0.004437002930096275,-1.4677834510803178,0.5415655085809963,0.5415655085809963,0.4584344914190038,0.0052412613,2.0965042,0.9758115,0.00016743407283382168,0.00016743407283382168
30,Single stock,25,75,11945,65,0.0015069066555043953,0.0005861444165193081,0.002615690367314983,0.0023440770196735037,0.0009402792914294683,0.004107811317641931,-18.592733144760132,-0.4359273314476013,0.0023440770196735037,0.0010025670098505724,0.003880982921017639,0.380952388048172,0.0034377574920654297,0.010891167520728258,0.013986013986013734,0.018469913145783678,0.8634125079806572,0.8499376263874895,0.8738928233976462,0.05054295063018799,0.06087779403309057,-0.06136205792427063,-0.050844660024679245,1212,-0.13766741752624512,-0.1478031235520219,0.0058601925491837585,-2.109450101852417,0.5162829635830891,0.5162829635830891,0.48371703641691083,0.0057254746,2.2901897,0.92167574,0.0002511511092507325,0.00016743407283382168
30,Single stock,25,80,11945,65,0.0015069066555043953,0.0005941989126177409,0.0024821845457638153,0.002678945165341147,0.001249733142008586,0.004464029507736493,-14.8741888999939,-0.34874188899993896,0.002678945165341147,0.0012500948820133946,0.004366785287245853,0.380952388048172,-0.001699686050415039,0.008883753996506153,0.013986013986013734,0.018469913145783678,0.7113469338434829,0.6955317340144701,0.7238725394282621,0.037074506282806396,0.06087779403309057,-0.05106481909751892,-0.050844660024679245,1212,-0.1114645004272461,-0.1478031235520219,0.007199665131854332,-1.776133775711064,0.49074926747593134,0.49083298451234825,0.5091670154876518,0.005397438,2.1589754,0.7820633,0.0002511511092507325,0.00016743407283382168
30,Single stock,25,85,11945,65,0.001590623691921306,0.0007053787350686114,0.0026845754397900857,0.0027626622017580577,0.0013443183891599126,0.004466627372288905,-11.155638694763182,-0.26155638694763184,0.0027626622017580577,0.0014798066247224278,0.004550720709083023,0.380952388048172,-0.0015590786933898926,0.006656608874950513,0.013986013986013734,0.018469913145783678,0.5341938732506281,0.5200888451991654,0.547116310560994,0.026791274547576904,0.06087779403309057,-0.038465678691864014,-0.050844660024679245,1212,-0.0836554765701294,-0.1478031235520219,0.009376308078694015,-1.461670398712156,0.48823775638342404,0.48840519045625785,0.5115948095437421,0.0042620134,1.7048054,0.597674,0.00033486814566764336,0.00016743407283382168
30,Single stock,25,88,11945,65,0.0014231896190874842,0.000655971724792407,0.002320362500840208,0.002678945165341147,0.0012969286286614874,0.004190976545668219,-8.924514532089233,-0.20924514532089233,0.002678945165341147,0.0012406111270630148,0.004435530204538173,0.4047619104385376,-0.0011876225471496582,0.005316987926863187,0.013986013986013734,0.018469913145783678,0.4265331886469422,0.4137569590754066,0.43746960560110465,0.021291375160217285,0.06087779403309057,-0.03063330054283142,-0.050844660024679245,1212,-0.06682825088500977,-0.1478031235520219,0.012222687316868984,-1.2101058959960942,0.4879866052741733,0.4879866052741733,0.5120133947258267,0.0034250119,1.3700047,0.4804365,0.000502302218501465,0.00016743407283382168
30,Single stock,25,90,11945,65,0.0013394725826705734,0.0006198756147375243,0.002188492964366069,0.0027626622017580577,0.0014146744974770453,0.004432561465923616,-7.539733648300173,-0.1753973364830017,0.0027626622017580577,0.001422841172816662,0.004449823832985396,0.380952388048172,-0.0010134577751159668,0.004442784460881306,0.013986013986013734,0.018469913145783678,0.3551120108690819,0.3453989936136784,0.3638922359120955,0.017739057540893555,0.06087779403309057,-0.025510847568511963,-0.050844660024679245,1212,-0.05565652251243591,-0.1478031235520219,0.015320217664294684,-0.9744489192962669,0.4878191712013395,0.4878191712013395,0.5121808287986606,0.0028386205,1.1354483,0.4011041,0.0007534533277521976,0.00016743407283382168
30,Single stock,25,92,11945,65,0.0012557555462536626,0.0006038681645788665,0.001997220309431746,0.0027626622017580577,0.0013957002372414645,0.004434720089807359,-6.031785726547245,-0.1403178572654724,0.0027626622017580577,0.0013218376566666143,0.00449292527822512,0.380952388048172,-0.000732123851776123,0.00356701737719632,0.013986013986013734,0.018469913145783678,0.28373815755747644,0.2745611060527983,0.29093028843167623,0.014203846454620361,0.06087779403309057,-0.020310938358306885,-0.050844660024679245,1212,-0.04440876841545105,-0.1478031235520219,0.020678107994976977,-0.7795555591583292,0.48915864378401,0.48924236082042694,0.5107576391795731,0.002241602,0.8966408,0.32111794,0.0009208874005860192,0.00016743407283382168
30,Single stock,25,94,11945,65,0.0009208874005860192,0.0003451043136034041,0.0015985046213328332,0.0027626622017580577,0.0014065880527175552,0.004626517831593629,-4.469847917556757,-0.10469847917556763,0.0027626622017580577,0.001364211770995843,0.00448366545585368,0.380952388048172,-0.0004646182060241699,0.0026701817207128845,0.013986013986013734,0.018469913145783678,0.21188875050449452,0.2052489215114322,0.2174921461289697,0.010614931583404541,0.06087779403309057,-0.01522749662399292,-0.050844660024679245,1212,-0.03317210078239441,-0.1478031235520219,0.030807869401423188,-0.584668159484858,0.4915864378401005,0.4915864378401005,0.5084135621598995,0.0016410403,0.6564161,0.24063154,0.0018417748011720384,0.00016743407283382168
30,Single stock,25,95,11945,65,0.0008371703641691084,0.00032323941640731175,0.001523169726274576,0.002678945165341147,0.0011671092595360168,0.004358841275297268,-3.7248682975769,-0.08724868297576904,0.002678945165341147,0.0012544713835708787,0.004421068232428782,0.4047619104385376,-0.0003820657730102539,0.002219820346928082,0.013986013986013734,0.018469913145783678,0.17583855602988047,0.1703515779542543,0.18036700656542665,0.008877158164978027,0.06087779403309057,-0.012617826461791992,-0.050844660024679245,1212,-0.027554571628570557,-0.1478031235520219,0.04227710339053997,-0.49993515014647993,0.49066555043951443,0.49074926747593134,0.5092507325240686,0.0013423436,0.53693736,0.20025565,0.0030138133110087905,0.00016743407283382168
30,Single stock,25,96,11945,65,0.0005860192549183759,0.0001595679187005191,0.0011614787782938233,0.0028463792381749685,0.0012590826124977083,0.004723003596714473,-2.97989463806152,-0.06979894638061523,0.0028463792381749685,0.0013069404833443024,0.004680581463638005,0.380952388048172,-0.00024086236953735352,0.0017826835946489848,0.013986013986013734,0.018469913145783678,0.14023098200159867,0.13603276381588747,0.14357503799768903,0.00709378719329834,0.06087779403309057,-0.00998339056968689,-0.050844660024679245,1212,-0.022088319063186646,-0.1478031235520219,0.06688991209711176,-0.3613851070404017,0.4925910422771034,0.4926747593135203,0.5073252406864797,0.0010468113,0.41872454,0.15982781,0.004185851820845542,0.00016743407283382168
30,Single stock,25,98,11945,65,8.371703641691084e-05,0.0,0.00026111826499800733,0.0035161155295102553,0.0017069709220530818,0.005551277109260579,-1.3234238624572736,-0.033234238624572754,0.0035161155295102553,0.0017097081663576092,0.00578878162083151,0.547619104385376,8.380413055419922e-05,0.0008949460719808369,0.013986013986013734,0.018469913145783678,0.06936334949835031,0.06725579102107573,0.07109209541810942,0.003670215606689453,0.06087779403309057,-0.004826009273529053,-0.050844660024679245,1212,-0.011007428169250488,-0.1478031235520219,0.4946002511511092,-0.12942361831664861,0.5052323147760569,0.5054834658853077,0.4945165341146923,0.00047726327,0.1909053,0.079077266,0.04453746337379657,0.0002511511092507325
30,Basket,6,50,1293,50,0.0,0.0,0.0,0.0,0.0,0.0,2.478909492492676,-0.47521090507507324,0.0,0.0,0.0,,0.017313122749328613,0.018413793505943753,0.0185350538878446,0.019656282654922416,0.9794150786000609,0.9766568557370698,0.9818996839315021,0.05015397071838379,0.05141528590080302,-0.03981870412826538,-0.038665432086132545,76,-0.1380220353603363,-0.13698672391088784,0.0,,0.6109822119102861,0.6109822119102861,0.3890177880897138,0.0012117472,2.0195787,0.9997952,0.0,0.0
30,Basket,6,55,1293,50,0.0,0.0,0.0,0.0,0.0,0.0,1.5898954868316606,-0.43410104513168335,0.0,0.0,0.0,,0.017247557640075684,0.018321098049573905,0.0185350538878446,0.019656282654922416,0.9777633076875423,0.9734103242770054,0.9813312468540885,0.05015397071838379,0.05141528590080302,-0.03981870412826538,-0.038665432086132545,76,-0.1380220353603363,-0.13698672391088784,0.0007733952049497294,,0.6102088167053364,0.6102088167053364,0.38979118329466356,0.0012128005,2.0213342,0.9995426,0.0,0.0
30,Basket,6,60,1293,50,0.0,0.0,0.0,0.0,0.0,0.0,1.0560476779937766,-0.38943952322006226,0.0,0.0,0.0,,0.017247557640075684,0.018120194117596973,0.0185350538878446,0.019656282654922416,0.976439099020466,0.9703440034929159,0.9809676576601235,0.05015397071838379,0.05141528590080302,-0.03981870412826538,-0.038665432086132545,76,-0.13873577117919922,-0.13698672391088784,0.0007733952049497294,,0.6102088167053364,0.6102088167053364,0.38979118329466356,0.0012147628,2.0246043,0.9987678,0.0,0.0
30,Basket,6,65,1293,50,0.0,0.0,0.0,0.0,0.0,0.0,0.7976686954498269,-0.3420233130455017,0.0,0.0,0.0,,0.017247557640075684,0.017726074976231455,0.0185350538878446,0.019656282654922416,0.9705186993151331,0.9551148273255556,0.9800891043690385,0.05015397071838379,0.05141528590080302,-0.04012030363082886,-0.038665432086132545,76,-0.14074528217315674,-0.13698672391088784,0.0007733952049497294,,0.608662026295437,0.608662026295437,0.391337973704563,0.0012209893,2.0349822,0.9965507,0.0,0.0
30,Basket,6,70,1293,50,0.0,0.0,0.0,0.0,0.0,0.0,0.6164598464965865,-0.2938354015350342,0.0,0.0,0.0,,0.016730666160583496,0.017254142593433944,0.0185350538878446,0.019656282654922416,0.9621103321226843,0.9396343326126135,0.9776862373935179,0.04905354976654053,0.05141528590080302,-0.041778117418289185,-0.038665432086132545,76,-0.13887634873390198,-0.13698672391088784,0.0007733952049497294,,0.6063418406805878,0.6063418406805878,0.3936581593194122,0.0012437841,2.0729735,0.98822373,0.0,0.0
30,Basket,6,75,1293,50,0.0,0.0,0.0,0.0,0.0,0.0,0.48912763595581055,-0.2451087236404419,0.0,0.0,0.0,,0.013592839241027832,0.016546604205542357,0.0185350538878446,0.019656282654922416,0.9252007748592169,0.8945067242196328,0.9457994611445139,0.04620230197906494,0.05141528590080302,-0.04346659779548645,-0.038665432086132545,76,-0.12322872877120972,-0.13698672391088784,0.002320185614849188,,0.5931941221964424,0.5931941221964424,0.4068058778035576,0.0013415305,2.2358842,0.9468178,0.0,0.0
30,Basket,6,80,1293,50,0.0,0.0,0.0,0.0,0.0,0.0,0.38978576660155806,-0.19610214233398438,0.0,0.0,0.0,,0.008436203002929688,0.014347022389222372,0.0185350538878446,0.019656282654922416,0.7784461222826062,0.7487494777235343,0.8006608819539526,0.035834550857543945,0.05141528590080302,-0.03555527329444885,-0.038665432086132545,76,-0.09911194443702698,-0.13698672391088784,0.002320185614849188,,0.5730858468677494,0.5730858468677494,0.42691415313225056,0.0012515472,2.085912,0.8036673,0.0,0.0
30,Basket,6,85,1293,50,0.0,0.0,0.0,0.0,0.0,0.0,0.37825345993042214,-0.1462174654006958,0.0,0.0,0.0,,0.006259441375732422,0.010838068508862158,0.0185350538878446,0.019656282654922416,0.5855068219736457,0.5627488817794396,0.6030922987954422,0.026833415031433105,0.05141528590080302,-0.026864856481552124,-0.038665432086132545,76,-0.07394501566886902,-0.13698672391088784,0.0038669760247486465,,0.5738592420726991,0.5738592420726991,0.42614075792730083,0.00096692785,1.6115466,0.6105554,0.0,0.0
30,Basket,6,88,1293,50,0.0,0.0,0.0,0.0,0.0,0.0,0.32894563674926713,-0.11671054363250732,0.0,0.0,0.0,,0.004934787750244141,0.008635664023084412,0.0185350538878446,0.019656282654922416,0.46697945168765703,0.44616325347546903,0.4834811158835563,0.021180152893066406,0.05141528590080302,-0.021349012851715088,-0.038665432086132545,76,-0.059064388275146484,-0.13698672391088784,0.004640371229698376,,0.5746326372776489,0.5746326372776489,0.4253673627223511,0.0007692344,1.2820574,0.48955184,0.0,0.0
30,Basket,6,90,1293,50,0.0,0.0,0.0,0.0,0.0,0.0,0.2741253376007058,-0.09725874662399292,0.0,0.0,0.0,,0.004236578941345215,0.007186378790994808,0.0185350538878446,0.019656282654922416,0.388661535882276,0.37166234757834454,0.40278753030772,0.018024086952209473,0.05141528590080302,-0.01778566837310791,-0.038665432086132545,76,-0.04965135455131531,-0.13698672391088784,0.006187161639597835,,0.5754060324825986,0.5754060324825986,0.4245939675174014,0.0006343486,1.0572475,0.40801185,0.0,0.0
30,Basket,6,92,1293,50,0.0,0.0,0.0,0.0,0.0,0.0,0.22174882888793546,-0.0777825117111206,0.0,0.0,0.0,,0.003465414047241211,0.005709255562212148,0.0185350538878446,0.019656282654922416,0.309422283109004,0.2961423113197515,0.32047077082634173,0.014108777046203613,0.05141528590080302,-0.013992518186569214,-0.038665432086132545,76,-0.039832860231399536,-0.13698672391088784,0.008507347254447023,,0.5746326372776489,0.5746326372776489,0.4253673627223511,0.00049840414,0.83067346,0.326046,0.0,0.0
30,Basket,6,94,1293,50,0.0,0.0,0.0,0.0,0.0,0.0,0.11803483963013228,-0.05881965160369873,0.0,0.0,0.0,,0.002576589584350586,0.004257355331913593,0.0185350538878446,0.019656282654922416,0.23098026286203002,0.2200322804472085,0.2397949804875158,0.010436415672302246,0.05141528590080302,-0.010495811700820923,-0.038665432086132545,76,-0.029664963483810425,-0.13698672391088784,0.01237432327919567,,0.5792730085073473,0.5792730085073473,0.42072699149265275,0.0003640286,0.6067143,0.24381067,0.0,0.0
30,Basket,6,95,1293,50,0.0,0.0,0.0,0.0,0.0,0.0,0.09835839271545854,-0.04901641607284546,0.0,0.0,0.0,,0.002148747444152832,0.0035536382793919206,0.0185350538878446,0.019656282654922416,0.19204810770973732,0.18329941287528206,0.1989086835215415,0.009079694747924805,0.05141528590080302,-0.008703649044036865,-0.038665432086132545,76,-0.024813830852508545,-0.13698672391088784,0.016241299303944315,,0.5754060324825986,0.5754060324825986,0.4245939675174014,0.00029740977,0.49568298,0.2026644,0.0,0.0
30,Basket,6,96,1293,50,0.0,0.0,0.0,0.0,0.0,0.0,0.07868790626526234,-0.03921312093734741,0.0,0.0,0.0,,0.0017529726028442383,0.002823170819028071,0.0185350538878446,0.019656282654922416,0.15259910032749152,0.14571077407827365,0.15837283612718855,0.0070362091064453125,0.05141528590080302,-0.0069075822830200195,-0.038665432086132545,76,-0.019942253828048706,-0.13698672391088784,0.030162412993039442,,0.5792730085073473,0.5792730085073473,0.42072699149265275,0.00023172601,0.38621,0.16141216,0.0015467904098994587,0.0
30,Basket,6,98,1293,50,0.0,0.0,0.0,0.0015467904098994587,0.0,0.004095088009022435,-0.08342075347900213,-0.02083420753479004,0.0015467904098994587,0.0,0.003952804069079132,0.9523809552192688,0.001012563705444336,0.0013730377535071377,0.0185350538878446,0.019656282654922416,0.07501419412539163,0.07111622585249944,0.0779410844653453,0.003568887710571289,0.05141528590080302,-0.00337904691696167,-0.038665432086132545,76,-0.010140478610992432,-0.13698672391088784,0.41299303944315546,-0.04248130321502508,0.5870069605568445,0.5870069605568445,0.41299303944315546,0.000106697174,0.17782864,0.079606675,0.02165506573859242,0.0
30,Basket,25,50,1293,50,0.0,0.0,0.0,0.0,0.0,0.0,2.3601233959198,-0.476398766040802,0.0,0.0,0.0,,0.013448715209960938,0.014542190860798446,0.0185350538878446,0.019656282654922416,0.9181592577937738,0.9083209178200814,0.925806006306107,0.046164751052856445,0.05141528590080302,-0.04346612095832825,-0.038665432086132545,76,-0.14129638671875,-0.13698672391088784,0.0,,0.5901005413766435,0.5901005413766435,0.4098994586233565,0.005044107,2.0176427,0.9997919,0.0,0.0
30,Basket,25,55,1293,50,0.0,0.0,0.0,0.0,0.0,0.0,1.5044760704040483,-0.4349552392959595,0.0,0.0,0.0,,0.01338338851928711,0.014436540821220003,0.0185350538878446,0.019656282654922416,0.9162706857791499,0.9062868572095844,0.9254819272832312,0.046164751052856445,0.05141528590080302,-0.04346612095832825,-0.038665432086132545,76,-0.14129638671875,-0.13698672391088784,0.0007733952049497294,,0.5893271461716937,0.5893271461716937,0.41067285382830626,0.0050484687,2.0193875,0.9995272,0.0,0.0
30,Basket,25,60,1293,50,0.0,0.0,0.0,0.0,0.0,0.0,0.996896028518679,-0.39003103971481323,0.0,0.0,0.0,,0.01338338851928711,0.014229827810421713,0.0185350538878446,0.019656282654922416,0.9150089331581399,0.9059623758109844,0.924521705283905,0.046164751052856445,0.05141528590080302,-0.04346612095832825,-0.038665432086132545,76,-0.14200741052627563,-0.13698672391088784,0.0007733952049497294,,0.5893271461716937,0.5893271461716937,0.41067285382830626,0.005056728,2.0226912,0.9987238,0.0,0.0
30,Basket,25,65,1293,50,0.0,0.0,0.0,0.0,0.0,0.0,0.7472252845764138,-0.34252774715423584,0.0,0.0,0.0,,0.01338338851928711,0.013796839572068618,0.0185350538878446,0.019656282654922416,0.9084383329154216,0.8913471655102451,0.9217173628955069,0.046164751052856445,0.05141528590080302,-0.04376658797264099,-0.038665432086132545,76,-0.14490649104118347,-0.13698672391088784,0.0007733952049497294,,0.588553750966744,0.588553750966744,0.411446249033256,0.0050835502,2.03342,0.9964055,0.0,0.0
30,Basket,25,70,1293,50,0.0,0.0,0.0,0.0,0.0,0.0,0.5760180950164839,-0.2942398190498352,0.0,0.0,0.0,,0.012150287628173828,0.013254118813900458,0.0185350538878446,0.019656282654922416,0.899764477190428,0.8731615425173157,0.9176339109226355,0.04506850242614746,0.05141528590080302,-0.04560700058937073,-0.038665432086132545,76,-0.14196839928627014,-0.13698672391088784,0.0007733952049497294,,0.5846867749419954,0.5846867749419954,0.41531322505800466,0.005181615,2.0726457,0.98763615,0.0,0.0
30,Basket,25,75,1293,50,0.0,0.0,0.0,0.0,0.0,0.0,0.4565119743347168,-0.24543488025665283,0.0,0.0,0.0,,0.008935332298278809,0.012195577523732314,0.0185350538878446,0.019656282654922416,0.8555534264873471,0.8263708995018507,0.8780768934246909,0.04169774055480957,0.05141528590080302,-0.04755902290344238,-0.038665432086132545,76,-0.126406729221344,-0.13698672391088784,0.002320185614849188,,0.5591647331786543,0.5591647331786543,0.4408352668213457,0.0056029647,2.241186,0.94345844,0.0,0.0
30,Basket,25,80,1293,50,0.0,0.0,0.0,0.0,0.0,0.0,0.36358356475829634,-0.196364164352417,0.0,0.0,0.0,,0.004636883735656738,0.010282406489791928,0.0185350538878446,0.019656282654922416,0.7088262951118954,0.6789154791655085,0.734216921394461,0.03145802021026611,0.05141528590080302,-0.03898334503173828,-0.038665432086132545,76,-0.10155314207077026,-0.13698672391088784,0.002320185614849188,,0.5436968290796597,0.5436968290796597,0.4563031709203403,0.0051921085,2.0768433,0.7979814,0.0,0.0
30,Basket,25,85,1293,50,0.0,0.0,0.0,0.0,0.0,0.0,0.35469770431518777,-0.14645302295684814,0.0,0.0,0.0,,0.0035108327865600586,0.007692373315216678,0.0185350538878446,0.019656282654922416,0.5304300232444868,0.5065873051945816,0.5508325863418472,0.023473024368286133,0.05141528590080302,-0.029120028018951416,-0.038665432086132545,76,-0.07595700025558472,-0.13698672391088784,0.0038669760247486465,,0.54292343387471,0.54292343387471,0.45707656612529,0.0040010475,1.600419,0.6055074,0.0,0.0
30,Basket,25,88,1293,50,0.0,0.0,0.0,0.0,0.0,0.0,0.30800056457519487,-0.11691999435424805,0.0,0.0,0.0,,0.0028377771377563477,0.0061405108404638965,0.0185350538878446,0.019656282654922416,0.42333816563650273,0.403585518061839,0.4410449253933995,0.018628597259521484,0.05141528590080302,-0.02320721745491028,-0.038665432086132545,76,-0.060765594244003296,-0.13698672391088784,0.004640371229698376,,0.5421500386697602,0.5421500386697602,0.45784996133023975,0.0031839472,1.2735789,0.48542455,0.0,0.0
30,Basket,25,90,1293,50,0.0,0.0,0.0,0.0,0.0,0.0,0.2566671371459939,-0.09743332862854004,0.0,0.0,0.0,,0.002447366714477539,0.005108078228625234,0.0185350538878446,0.019656282654922416,0.3520507131695723,0.33384975506243364,0.3664764468404065,0.01584494113922119,0.05141528590080302,-0.01929575204849243,-0.038665432086132545,76,-0.05105382204055786,-0.13698672391088784,0.006187161639597835,,0.5444702242846094,0.5444702242846094,0.45552977571539055,0.002624542,1.0498167,0.40448937,0.0,0.0
30,Basket,25,92,1293,50,0.0,0.0,0.0,0.0,0.0,0.0,0.20787286758422452,-0.07792127132415771,0.0,0.0,0.0,,0.0020096302032470703,0.004088287563722261,0.0185350538878446,0.019656282654922416,0.28084340814147946,0.26787680167185024,0.29261287672791597,0.012338995933532715,0.05141528590080302,-0.01522064208984375,-0.038665432086132545,76,-0.04075044393539429,-0.13698672391088784,0.008507347254447023,,0.5421500386697602,0.5421500386697602,0.45784996133023975,0.0020611698,0.8244679,0.3232173,0.0,0.0
30,Basket,25,94,1293,50,0.0,0.0,0.0,0.0,0.0,0.0,0.1084861755371147,-0.058915138244628906,0.0,0.0,0.0,,0.0015072822570800781,0.003078698927546691,0.0185350538878446,0.019656282654922416,0.21025811280098633,0.20007980060305022,0.21927298688531452,0.009339094161987305,0.05141528590080302,-0.011408120393753052,-0.038665432086132545,76,-0.030421286821365356,-0.13698672391088784,0.013147718484145398,,0.5444702242846094,0.5444702242846094,0.45552977571539055,0.0015066358,0.6026543,0.24174587,0.0,0.0
30,Basket,25,95,1293,50,0.0,0.0,0.0,0.0,0.0,0.0,0.0904011726379439,-0.049095988273620605,0.0,0.0,0.0,,0.0012674331665039062,0.0025932781012226055,0.0185350538878446,0.019656282654922416,0.17515505261117745,0.166348885122816,0.18225915377744095,0.008046984672546387,0.05141528590080302,-0.009377866983413696,-0.038665432086132545,76,-0.025403350591659546,-0.13698672391088784,0.016241299303944315,,0.5475638051044084,0.5475638051044084,0.45243619489559167,0.0012299374,0.49197498,0.2009831,0.0,0.0
30,Basket,25,96,1293,50,0.0,0.0,0.0,0.0,0.0,0.0,0.07232213020325062,-0.03927677869796753,0.0,0.0,0.0,,0.0010377168655395508,0.0020719942710976775,0.0185350538878446,0.019656282654922416,0.13939671182995916,0.13238031848922013,0.1450032282977544,0.006261348724365234,0.05141528590080302,-0.007514894008636475,-0.038665432086132545,76,-0.02047237753868103,-0.13698672391088784,0.033255993812838364,,0.5522041763341067,0.5522041763341067,0.44779582366589327,0.0009594906,0.3837962,0.16017342,0.0015467904098994587,0.0
30,Basket,25,98,1293,50,0.0,0.0,0.0,0.0007733952049497294,0.0,0.0024820638688100114,-0.006268501281736505,-0.020062685012817383,0.0007733952049497294,0.0,0.002443246435715027,0.9523809552192688,0.0006698369979858398,0.0010308188610268672,0.0185350538878446,0.019656282654922416,0.06916225920515318,0.06547408995391055,0.0722333479343611,0.0032303333282470703,0.05141528590080302,-0.0036723315715789795,-0.038665432086132545,76,-0.01026800274848938,-0.13698672391088784,0.43696829079659705,-0.006268501281736505,0.563031709203403,0.563031709203403,0.43696829079659705,0.00044164673,0.17665869,0.079111725,0.02242846094354215,0.0
90,All equity (ex-basket),6,50,6391,99,0.00046941010796432484,0.0,0.0010209217724448073,0.0014082303238929744,0.0003438304505666801,0.003039355577586318,-22.910022735595703,-0.729100227355957,0.0014082303238929744,0.0003173497603768382,0.002837175473655778,0.5873016119003296,0.03379464149475098,0.04359749604457795,0.03523938468105281,0.045539004933758884,0.9877084694886423,0.9839862356438136,0.9901467025780533,0.08973813056945801,0.0912401036261341,-0.07334965467453003,-0.07206438148861394,889,-0.17592734098434448,-0.17417629423699932,0.0029729306837740573,-0.1217275857925415,0.6207166327648256,0.6207166327648256,0.3792833672351745,0.001237981,2.0633018,0.9959703,0.00015647003598810827,0.0
90,All equity (ex-basket),6,55,6391,99,0.0006258801439524331,0.00014967269930245,0.0012727302785683504,0.0017211703958691911,0.00033491542522951016,0.0037528105413411174,-20.253075957298282,-0.6525307595729828,0.0017211703958691911,0.0004338718802861218,0.0036036887110401368,0.5873016119003296,0.03379464149475098,0.04327577117500013,0.03523938468105281,0.045539004933758884,0.986115307076432,0.9804713341072853,0.9893773633993664,0.0896003246307373,0.0912401036261341,-0.0739937424659729,-0.07206438148861394,889,-0.17802190780639648,-0.17417629423699932,0.005007041151619465,-0.11044621467590776,0.6200907526208731,0.6200907526208731,0.3799092473791269,0.0012474189,2.0790315,0.99257624,0.00015647003598810827,0.0
90,All equity (ex-basket),6,60,6391,99,0.001095290251916758,0.0003006434191213471,0.002108177731629474,0.0023470505398216243,0.0007042726187103422,0.004690775099294575,-13.102219104766844,-0.5310221910476685,0.0023470505398216243,0.000757572888405338,0.004690872422327326,0.4285714328289032,0.0336604118347168,0.042802257099317245,0.03523938468105281,0.045539004933758884,0.9837449879180293,0.9780694504231382,0.9876068973516741,0.0894317626953125,0.0912401036261341,-0.07530409097671509,-0.07206438148861394,889,-0.18512070178985596,-0.17417629423699932,0.008292911907369738,-0.9868776798248269,0.6188389923329682,0.6188389923329682,0.38116100766703176,0.0012660822,2.110137,0.9868521,0.00015647003598810827,0.0
90,All equity (ex-basket),6,65,6391,99,0.0017211703958691911,0.0006702633574580069,0.0032064774684342177,0.0029729306837740573,0.001074168233532667,0.005612761522601507,-15.241193175315859,-0.5024119317531586,0.0029729306837740573,0.0009415620943544218,0.0057765860262393234,0.460317462682724,0.03308403491973877,0.04203585608149896,0.03523938468105281,0.045539004933758884,0.9755957278797592,0.9686698816607732,0.9815380181848917,0.08873867988586426,0.0912401036261341,-0.08009690046310425,-0.07206438148861394,889,-0.19440948963165283,-0.17417629423699932,0.010639962447191363,-1.232101917266848,0.6158660616491942,0.6158660616491942,0.38413393835080584,0.0013057704,2.176284,0.9765034,0.00015647003598810827,0.0
90,All equity (ex-basket),6,70,6391,99,0.0018776404318572994,0.0006063983169394034,0.0034998977899555962,0.003911750899702707,0.0015673464261175697,0.007133431581052898,-20.241193175315853,-0.5024119317531586,0.003911750899702707,0.0015961746494202907,0.00702330041248396,0.5555555820465088,0.02998208999633789,0.040767567465701135,0.03523938468105281,0.045539004933758884,0.9543914438715061,0.942809709938043,0.9636311431564623,0.08673381805419922,0.0912401036261341,-0.08999079465866089,-0.07206438148861394,889,-0.1832035779953003,-0.17417629423699932,0.014708183382882179,-0.9408247470855668,0.6052260992020028,0.6052260992020028,0.3947739007979972,0.001399905,2.333175,0.95466137,0.00015647003598810827,0.00015647003598810827
90,All equity (ex-basket),6,75,6391,99,0.0025035205758097323,0.0010342399123828931,0.004345431053114791,0.005319981223595682,0.0023902699720718544,0.009633624931209275,-25.921666622161865,-0.5092166662216187,0.005319981223595682,0.0022839967047565395,0.009107396576606364,0.5555555820465088,0.02426290512084961,0.03873086974498084,0.03523938468105281,0.045539004933758884,0.8975799375696031,0.882861060214651,0.9124138203937371,0.08068645000457764,0.0912401036261341,-0.08843410015106201,-0.07206438148861394,889,-0.16082525253295898,-0.17417629423699932,0.017681114066656234,-0.9776085615158081,0.5767485526521671,0.5767485526521671,0.4232514473478329,0.0016189282,2.6982138,0.9012967,0.00031294007197621654,0.00015647003598810827
90,All equity (ex-basket),6,80,6391,99,0.0025035205758097323,0.0009410446705380903,0.004863852670159314,0.00547645125958379,0.0023989690241174276,0.009682270569549624,-21.44977927207947,-0.4144977927207947,0.00547645125958379,0.002282130542528353,0.009166087053572069,0.5555555820465088,0.012763142585754395,0.0341790639968046,0.03523938468105281,0.045539004933758884,0.7693059013323117,0.7492279380204832,0.7860028774222979,0.06254208087921143,0.0912401036261341,-0.0738254189491272,-0.07206438148861394,889,-0.13030564785003662,-0.17417629423699932,0.020341104678454076,-0.7970142364501998,0.5501486465341887,0.5501486465341887,0.4498513534658113,0.0016754266,2.7923775,0.7817266,0.00031294007197621654,0.00015647003598810827
90,All equity (ex-basket),6,85,6391,99,0.0025035205758097323,0.0008959243225295635,0.00468051572741481,0.00547645125958379,0.0023244837373281708,0.009550737043564721,-13.772705793380736,-0.2877270579338074,0.00547645125958379,0.002355016563406642,0.009674969411740739,0.460317462682724,0.007926344871520996,0.026967761830309155,0.03523938468105281,0.045539004933758884,0.5941154152817484,0.5719938347334287,0.6122012263876816,0.04319584369659424,0.0912401036261341,-0.05573517084121704,-0.07206438148861394,889,-0.0979686975479126,-0.17417629423699932,0.02628696604600219,-0.5150055885314919,0.5434204349867,0.5434204349867,0.45657956501329994,0.0014194084,2.3656805,0.60983264,0.0009388202159286497,0.00015647003598810827
90,All equity (ex-basket),6,88,6391,99,0.002190580503833516,0.000894097054329536,0.00392773667942236,0.005319981223595682,0.0023366188575346196,0.009452144694702576,-10.62830138206482,-0.2262830138206482,0.005319981223595682,0.002204621858403534,0.00930984066172957,0.5079365372657776,0.005962252616882324,0.021928960477554115,0.03523938468105281,0.045539004933758884,0.479148720659448,0.4611652323561854,0.49597125093831,0.0338282585144043,0.0912401036261341,-0.044734954833984375,-0.07206438148861394,889,-0.07830488681793213,-0.17417629423699932,0.034110467845407604,-0.509730458259583,0.5410733844468785,0.5412298544828665,0.45877014551713347,0.0011705498,1.950916,0.4949604,0.001095290251916758,0.00015647003598810827
90,All equity (ex-basket),6,90,6391,99,0.002034110467845408,0.0007562496787883378,0.0036150758053485623,0.005319981223595682,0.0022767215440939914,0.009189187801772943,-8.831467628479006,-0.18831467628479004,0.005319981223595682,0.0022203726333303877,0.009529550868665203,0.5555555820465088,0.005107522010803223,0.0184696227092919,0.03523938468105281,0.045539004933758884,0.4012391665599151,0.3833490584011097,0.4168948847047885,0.02819526195526123,0.0912401036261341,-0.037188053131103516,-0.07206438148861394,889,-0.06557309627532959,-0.17417629423699932,0.040525739320920046,-0.5006068944931052,0.5407604443749022,0.5407604443749022,0.4592395556250978,0.0009792243,1.6320405,0.4156088,0.0014082303238929744,0.00015647003598810827
90,All equity (ex-basket),6,92,6391,99,0.0018776404318572994,0.0007343738579362206,0.0033190985595019816,0.005319981223595682,0.002006370469867923,0.010003400645322371,-7.155810117721561,-0.15155810117721558,0.005319981223595682,0.0021765647722639956,0.009905472865302703,0.5079365372657776,0.0040187835693359375,0.014854065904854571,0.03523938468105281,0.045539004933758884,0.3215329337967407,0.305608717951497,0.33612602266323055,0.022456884384155273,0.0912401036261341,-0.0296480655670166,-0.07206438148861394,889,-0.052124202251434326,-0.17417629423699932,0.05022688155218276,-0.3610832691192667,0.541855734626819,0.541855734626819,0.45814426537318104,0.00077633397,1.2938899,0.33449802,0.0018776404318572994,0.00015647003598810827
90,All equity (ex-basket),6,94,6391,99,0.0014082303238929744,0.000498065892400039,0.002493814208823597,0.006102331403536223,0.002601885507322444,0.010540571799400808,-5.412352323532099,-0.11412352323532104,0.006102331403536223,0.0026125368227318617,0.010943692651588358,0.5555555820465088,0.002912759780883789,0.011118741946458406,0.03523938468105281,0.045539004933758884,0.24032049320039384,0.22874230458675662,0.2521822414295793,0.016729235649108887,0.0912401036261341,-0.0221024751663208,-0.07206438148861394,889,-0.03880244493484497,-0.17417629423699932,0.06822093569081521,-0.18827342987060014,0.540603974338914,0.540603974338914,0.4593960256610859,0.00056593155,0.94321924,0.25187704,0.004381161007667032,0.00015647003598810827
90,All equity (ex-basket),6,95,6391,99,0.0014082303238929744,0.00046773089163102495,0.002592173735243622,0.0065717415115005475,0.0030490002233393163,0.011403430825755139,-4.51142311096191,-0.09511423110961914,0.0065717415115005475,0.0027752611909415605,0.01170108250907788,0.547619104385376,0.00255584716796875,0.00930060812088082,0.03523938468105281,0.045539004933758884,0.20035191793188029,0.1899324307311406,0.2096422492820663,0.013931870460510254,0.0912401036261341,-0.018324434757232666,-0.07206438148861394,889,-0.031877994537353516,-0.17417629423699932,0.0869973400093882,-0.16221225261687788,0.541855734626819,0.541855734626819,0.45814426537318104,0.00045938243,0.7656374,0.21007653,0.007510561727429197,0.00015647003598810827
90,All equity (ex-basket),6,96,6391,99,0.0009388202159286497,0.00018019727718362842,0.0018656147622666897,0.0065717415115005475,0.0028209793549694756,0.011345546631550093,-3.5501739978790248,-0.07550173997879028,0.0065717415115005475,0.0029539227362102025,0.011384977425430536,0.5158730149269104,0.002024531364440918,0.007441396771826257,0.03523938468105281,0.045539004933758884,0.15982093198049338,0.15159203243678213,0.16797461269201025,0.011098265647888184,0.0912401036261341,-0.014486193656921387,-0.07206438148861394,889,-0.025477707386016846,-0.17417629423699932,0.1209513378188077,-0.1162103414535487,0.5427945548427476,0.5427945548427476,0.45720544515725237,0.00035389792,0.58982986,0.16793457,0.012987012987012988,0.00015647003598810827
90,All equity (ex-basket),6,98,6391,99,0.00031294007197621654,0.0,0.0007820900765907226,0.010170552339227038,0.005081818205961715,0.016723018030033232,-1.4325897693634015,-0.03432589769363403,0.010170552339227038,0.005037182475227639,0.015961388336139595,0.5873016119003296,0.0012122392654418945,0.0035670336153450903,0.03523938468105281,0.045539004933758884,0.07740660171296784,0.07294700090411514,0.08151282572006957,0.005498051643371582,0.0912401036261341,-0.007035553455352783,-0.07206438148861394,889,-0.012537121772766113,-0.17417629423699932,0.4484431231419183,-0.058392763137815606,0.5515568768580816,0.5515568768580816,0.4484431231419183,0.00015430873,0.25718123,0.08288385,0.09200438116100766,0.00015647003598810827
90,All equity (ex-basket),25,50,6391,99,0.00046941010796432484,0.0,0.0010169421923729846,0.0014082303238929744,0.00031273456282770106,0.0029503006548372407,-23.012927174568176,-0.7301292717456818,0.0014082303238929744,0.00032953002959793594,0.0029534403191322934,0.5714285969734192,0.02986752986907959,0.039584106924089535,0.03523938468105281,0.045539004933758884,0.9558206537816124,0.9517792415244275,0.9594476282970744,0.08559858798980713,0.0912401036261341,-0.07686972618103027,-0.07206438148861394,889,-0.17905771732330322,-0.17417629423699932,0.0029729306837740573,-0.12236535549163818,0.6094507901736818,0.6094507901736818,0.39054920982631824,0.0051533785,2.0613513,0.99586165,0.00015647003598810827,0.0
90,All equity (ex-basket),25,55,6391,99,0.0006258801439524331,0.0001415946471201725,0.0012063290075296595,0.0017211703958691911,0.00036551088746114216,0.0036727155244318153,-20.13144671916962,-0.6513144671916962,0.0017211703958691911,0.0003501586508600696,0.0038338149920092305,0.5714285969734192,0.02986752986907959,0.03923154550620115,0.03523938468105281,0.045539004933758884,0.9541608793852132,0.9487977996418344,0.9583367100813517,0.08542704582214355,0.0912401036261341,-0.07751131057739258,-0.07206438148861394,889,-0.18125969171524048,-0.17417629423699932,0.005007041151619465,-0.10507583618164507,0.6088249100297293,0.6088249100297293,0.3911750899702707,0.0051926863,2.0770745,0.9923765,0.00015647003598810827,0.0
90,All equity (ex-basket),25,60,6391,99,0.001095290251916758,0.00033681831307740315,0.0021457334926933552,0.0023470505398216243,0.0006646027935917553,0.004634701465762911,-13.003689646720884,-0.5300368964672089,0.0023470505398216243,0.0007369498716036767,0.004914413223858881,0.4285714328289032,0.029733896255493164,0.038689860294466194,0.03523938468105281,0.045539004933758884,0.951572242712414,0.9471224055795618,0.9560635780009047,0.0850522518157959,0.0912401036261341,-0.07886397838592529,-0.07206438148861394,889,-0.18891334533691406,-0.17417629423699932,0.008605851979345954,-0.9690320491790749,0.6074166797058363,0.6074166797058363,0.39258332029416365,0.0052710073,2.108403,0.9864854,0.00015647003598810827,0.0
90,All equity (ex-basket),25,65,6391,99,0.0017211703958691911,0.000620022432726311,0.0031163653521193045,0.0029729306837740573,0.0009895258387484156,0.005566524823856895,-15.430211424827577,-0.5043021142482758,0.0029729306837740573,0.0010503141998093512,0.0057380989066938195,0.460317462682724,0.029134273529052734,0.03777391269180514,0.03523938468105281,0.045539004933758884,0.9426572236339742,0.9365699962153013,0.948791409422612,0.08439528942108154,0.0912401036261341,-0.08439254760742188,-0.07206438148861394,889,-0.19969022274017334,-0.17417629423699932,0.011265842591143795,-1.4743351936340354,0.6046002190580504,0.6046002190580504,0.3953997809419496,0.0054393862,2.1757543,0.9757883,0.00015647003598810827,0.0
90,All equity (ex-basket),25,70,6391,99,0.002034110467845408,0.0006890891877857464,0.0039282415197502375,0.004224690971678924,0.001603494452133908,0.007467284812822569,-20.430211424827572,-0.5043021142482758,0.004224690971678924,0.0016496872734084696,0.007681956213741937,0.460317462682724,0.025868535041809082,0.036154014840220794,0.03523938468105281,0.045539004933758884,0.9189415049793461,0.9078085965871886,0.9300637587356214,0.08220601081848145,0.0912401036261341,-0.09486991167068481,-0.07206438148861394,889,-0.18793410062789917,-0.17417629423699932,0.01533406352683461,-0.9570312499999956,0.5920826161790017,0.5920826161790017,0.4079173838209983,0.0058377977,2.335119,0.9529731,0.00015647003598810827,0.00015647003598810827
90,All equity (ex-basket),25,75,6391,99,0.002816460647785949,0.0010784934141332705,0.004876888275035188,0.005007041151619465,0.0021575911271510435,0.008756752734073779,-26.14627778530121,-0.5114627778530121,0.005007041151619465,0.0021075031437571266,0.009029519063449266,0.5079365372657776,0.01852262020111084,0.03335012413212772,0.03523938468105281,0.045539004933758884,0.8536468884987023,0.8362981252801985,0.8685974219050625,0.07551991939544678,0.0912401036261341,-0.09392046928405762,-0.07206438148861394,889,-0.16409766674041748,-0.17417629423699932,0.017837584102644344,-1.128917932510376,0.5575027382256298,0.5575027382256298,0.4424972617743702,0.006769484,2.7077937,0.8969487,0.00031294007197621654,0.00015647003598810827
90,All equity (ex-basket),25,80,6391,99,0.0025035205758097323,0.0008582543855398333,0.004793870459070686,0.0057893913315600065,0.002742628408212387,0.009845566880974061,-21.128879785537723,-0.4112887978553772,0.0057893913315600065,0.0026292684842518935,0.009992683191212604,0.460317462682724,0.006859421730041504,0.028505084016964367,0.03523938468105281,0.045539004933758884,0.7184037844251703,0.6969950023914661,0.735454148265159,0.055698275566101074,0.0912401036261341,-0.07824486494064331,-0.07206438148861394,889,-0.13330411911010742,-0.17417629423699932,0.02159286496635894,-0.7991302013397261,0.5279299014238773,0.5279299014238773,0.4720700985761227,0.006954565,2.781826,0.7747738,0.00046941010796432484,0.00015647003598810827
90,All equity (ex-basket),25,85,6391,99,0.0025035205758097323,0.0008056024760114213,0.004460280901112396,0.0057893913315600065,0.002528140926752191,0.00997732769199058,-13.44722270965576,-0.2844722270965576,0.0057893913315600065,0.0026537377869322158,0.009831102239068207,0.5555555820465088,0.003441452980041504,0.02212615749716964,0.03523938468105281,0.045539004933758884,0.548538361261421,0.5249280293072807,0.5670352845097563,0.0382159948348999,0.0912401036261341,-0.05892735719680786,-0.07206438148861394,889,-0.10009169578552246,-0.17417629423699932,0.028634016585823815,-0.530121326446531,0.5204193396964482,0.5204193396964482,0.47958066030355184,0.005859073,2.3436294,0.60292816,0.0009388202159286497,0.00015647003598810827
90,All equity (ex-basket),25,88,6391,99,0.0023470505398216243,0.0008283765482766608,0.004317606285776145,0.00547645125958379,0.002409991752859722,0.009327310909926103,-10.375816106796265,-0.22375816106796265,0.00547645125958379,0.002490996088222997,0.009329758184388545,0.5555555820465088,0.002719402313232422,0.017908758231870187,0.03523938468105281,0.045539004933758884,0.4406447363898005,0.421413363239487,0.4572812408650616,0.030019044876098633,0.0912401036261341,-0.047059059143066406,-0.07206438148861394,889,-0.07984566688537598,-0.17417629423699932,0.03567516820528869,-0.5185310840606694,0.5185416992645908,0.5185416992645908,0.4814583007354092,0.004820775,1.9283098,0.48891905,0.001095290251916758,0.00015647003598810827
90,All equity (ex-basket),25,90,6391,99,0.002034110467845408,0.0007853770750864867,0.0035822666180008937,0.005632921295571898,0.002494655695220054,0.009590385894214078,-8.622255325317385,-0.18622255325317383,0.005632921295571898,0.002495535777677153,0.010018193593106713,0.5634920597076416,0.002304673194885254,0.015104377862900155,0.03523938468105281,0.045539004933758884,0.3687328242381592,0.3492119229252973,0.3837171997914612,0.025066733360290527,0.0912401036261341,-0.03910714387893677,-0.07206438148861394,889,-0.06683778762817383,-0.17417629423699932,0.04130808950086059,-0.39631664752960427,0.5193240494445314,0.5193240494445314,0.48067595055546863,0.0040286398,1.6114562,0.41041094,0.0014082303238929744,0.00015647003598810827
90,All equity (ex-basket),25,92,6391,99,0.0018776404318572994,0.0007096124152730889,0.003347251945253557,0.0057893913315600065,0.0024013890450463246,0.01003065412210491,-6.993113279342655,-0.1499311327934265,0.0057893913315600065,0.0025943737617652074,0.01059061564900168,0.5555555820465088,0.0017383098602294922,0.012166780058980604,0.03523938468105281,0.045539004933758884,0.2953560856726704,0.28028296172622014,0.3091670822263633,0.019943714141845703,0.0912401036261341,-0.031120598316192627,-0.07206438148861394,889,-0.05307507514953613,-0.17417629423699932,0.05194805194805195,-0.2335531711578409,0.5199499295884839,0.5199499295884839,0.4800500704115162,0.0031923668,1.2769467,0.33025676,0.002034110467845408,0.00015647003598810827
90,All equity (ex-basket),25,94,6391,99,0.0015647003598810829,0.0006315823266547437,0.002750266386477412,0.0062588014395243315,0.002731637841203859,0.01056508694338874,-5.292934417724604,-0.1129293441772461,0.0064152714755124395,0.0027752835177695515,0.011195977218698671,0.5555555820465088,0.0014597177505493164,0.009176626057715095,0.03523938468105281,0.045539004933758884,0.2212801855234881,0.20831483727561775,0.23323477068777262,0.015081524848937988,0.0912401036261341,-0.02306056022644043,-0.07206438148861394,889,-0.03953433036804199,-0.17417629423699932,0.07213268659051791,-0.1792790889739937,0.52026286966046,0.52026286966046,0.47973713033953996,0.0023257376,0.93029505,0.24869639,0.00453763104365514,0.00015647003598810827
90,All equity (ex-basket),25,95,6391,99,0.0012517602879048662,0.00039325079781816536,0.0021458154521848865,0.0068846815834767644,0.003123347384917408,0.011585023562468698,-4.411871433258052,-0.09411871433258057,0.0068846815834767644,0.0031767817076498593,0.01177130074797804,0.5555555820465088,0.001328587532043457,0.007726310182113898,0.03523938468105281,0.045539004933758884,0.18486650887459505,0.17383785603767726,0.19523195530219353,0.012474417686462402,0.0912401036261341,-0.019084453582763672,-0.07206438148861394,889,-0.032553017139434814,-0.17417629423699932,0.09169144108903145,-0.11611700057982954,0.5219840400563293,0.5221405100923173,0.4778594899076827,0.0018869647,0.75478595,0.207478,0.007667031763417305,0.00015647003598810827
90,All equity (ex-basket),25,96,6391,99,0.0009388202159286497,0.0001637418334971602,0.0019042329684644168,0.0071976216554529805,0.0032405909837749025,0.011683554262826624,-3.4699103832244838,-0.07469910383224487,0.0071976216554529805,0.0033189154218664957,0.011522667026596557,0.5079365372657776,0.0010677576065063477,0.006234022125804616,0.03523938468105281,0.045539004933758884,0.14794119512843876,0.1390679034607568,0.15669757591004374,0.009910106658935547,0.0912401036261341,-0.015111446380615234,-0.07206438148861394,889,-0.02595728635787964,-0.17417629423699932,0.12767954936629636,-0.09239530563354137,0.5248005007041152,0.5248005007041152,0.47519949929588484,0.0014547409,0.58189636,0.16594988,0.013456423094977311,0.00015647003598810827
90,All equity (ex-basket),25,98,6391,99,0.00031294007197621654,0.0,0.0008185369859071163,0.01095290251916758,0.0056926142029614085,0.017066255559003,-1.418928384780882,-0.03418928384780884,0.01095290251916758,0.005842561453140028,0.017595014634385325,0.5793651342391968,0.0008213520050048828,0.003031468292559243,0.03523938468105281,0.045539004933758884,0.07220330890368051,0.06829555494169248,0.0760567394971794,0.005063056945800781,0.0912401036261341,-0.007288753986358643,-0.07206438148861394,889,-0.01272052526473999,-0.17417629423699932,0.46409012674072914,-0.04894542694091619,0.5359098732592709,0.5359098732592709,0.46409012674072914,0.0006357781,0.25431123,0.08203531,0.09497731184478173,0.00015647003598810827
90,Index/ETF,6,50,2415,99,0.0,0.0,0.0,0.0,0.0,0.0,2.3904800415039062,-0.47609519958496094,0.0,0.0,0.0,,0.029332876205444336,0.02513404805714546,0.030569184684722694,0.026622442564916672,0.9846031094028453,0.9830888389291139,0.9859925464055213,0.06563681364059448,0.06691673543176435,-0.057253360748291016,-0.056121070888770386,243,-0.1561240553855896,-0.1551105149815657,0.0,,0.641407867494824,0.641407867494824,0.35859213250517596,0.0012192575,2.032096,0.9991867,0.0,0.0
90,Index/ETF,6,55,2415,99,0.0,0.0,0.0,0.0,0.0,0.0,1.57986998558044,-0.43420130014419556,0.0,0.0,0.0,,0.029332876205444336,0.024800594672406435,0.030569184684722694,0.026622442564916672,0.9841573922930178,0.9823739501744639,0.9857676356378656,0.06550347805023193,0.06691673543176435,-0.057411909103393555,-0.056121070888770386,243,-0.15671271085739136,-0.1551105149815657,0.0008281573498964803,,0.6405797101449275,0.6405797101449275,0.35942028985507246,0.0012256979,2.04283,0.99773854,0.0,0.0
90,Index/ETF,6,60,2415,99,0.00041407867494824016,0.0,0.0013976015284758736,0.00041407867494824016,0.0,0.001412100041917004,-3.2731032371520974,-0.432731032371521,0.00041407867494824016,0.0,0.001539336834978271,0.1587301641702652,0.029097557067871094,0.024403319743849475,0.030569184684722694,0.026622442564916672,0.9823250884180051,0.9789813546863212,0.9846364432002065,0.06537139415740967,0.06691673543176435,-0.057411909103393555,-0.056121070888770386,243,-0.15939635038375854,-0.1551105149815657,0.0012422360248447205,-3.2731032371520974,0.639751552795031,0.639751552795031,0.36024844720496896,0.0012367736,2.0612893,0.9948046,0.0,0.0
90,Index/ETF,6,65,2415,99,0.00041407867494824016,0.0,0.0014848269803395277,0.00041407867494824016,0.0,0.0014154312668463607,-6.74512028694153,-0.4174512028694153,0.00041407867494824016,0.0,0.0014025573594472858,0.1587301641702652,0.028806090354919434,0.023894996524597548,0.030569184684722694,0.026622442564916672,0.9759671895008681,0.9684498840976342,0.9819341405677365,0.06528925895690918,0.06691673543176435,-0.058800697326660156,-0.056121070888770386,243,-0.16730350255966187,-0.1551105149815657,0.0012422360248447205,-6.74512028694153,0.638095238095238,0.638095238095238,0.3619047619047619,0.0012629732,2.1049552,0.98914135,0.0,0.0
90,Index/ETF,6,70,2415,99,0.00041407867494824016,0.0,0.0013657804052127486,0.00041407867494824016,0.0,0.001314780940242683,-5.083049535751338,-0.3508304953575134,0.00041407867494824016,0.0,0.0014806053594783486,0.1587301641702652,0.028414130210876465,0.023418939804685287,0.030569184684722694,0.026622442564916672,0.96431144906375,0.9500004730596986,0.9736570063269642,0.06456845998764038,0.06691673543176435,-0.0632372498512268,-0.056121070888770386,243,-0.16032546758651733,-0.1551105149815657,0.0033126293995859213,-5.083049535751338,0.6314699792960663,0.6314699792960663,0.36853002070393376,0.0013269162,2.211527,0.9748884,0.0,0.0
90,Index/ETF,6,75,2415,99,0.00041407867494824016,0.0,0.0013652379906498068,0.00041407867494824016,0.0,0.0013493353018995816,-3.915262222290039,-0.2891526222229004,0.00041407867494824016,0.0,0.0014970248002962939,0.1587301641702652,0.023826956748962402,0.022591447731476148,0.030569184684722694,0.026622442564916672,0.9161204329339773,0.8993693272599464,0.9288840243007057,0.061132848262786865,0.06691673543176435,-0.0639309287071228,-0.056121070888770386,243,-0.14201438426971436,-0.1551105149815657,0.004140786749482402,-3.915262222290039,0.6082815734989648,0.6082815734989648,0.3917184265010352,0.0015128282,2.5213804,0.9298154,0.0,0.0
90,Index/ETF,6,80,2415,99,0.00041407867494824016,0.0,0.001514606507490603,0.00041407867494824016,0.0,0.00135975862051459,-3.132210969924931,-0.23132210969924927,0.00041407867494824016,0.0,0.0013263628717791879,0.1587301641702652,0.015149354934692383,0.019636564817487823,0.030569184684722694,0.026622442564916672,0.7732936759506757,0.7525691939421368,0.7905258497283544,0.04719281196594238,0.06691673543176435,-0.05285900831222534,-0.056121070888770386,243,-0.11490386724472046,-0.1551105149815657,0.005383022774327122,-3.132210969924931,0.5888198757763975,0.5888198757763975,0.4111801242236025,0.0015335139,2.5558565,0.80059725,0.0,0.0
90,Index/ETF,6,85,2415,99,0.00041407867494824016,0.0,0.0014231667910975343,0.00041407867494824016,0.0,0.0013609816917120542,-2.3491597175598122,-0.17349159717559814,0.00041407867494824016,0.0,0.001379405732818238,0.1587301641702652,0.010976195335388184,0.01507000241960798,0.030569184684722694,0.026622442564916672,0.5861363708217538,0.5664437986228797,0.6022416481271557,0.0343208909034729,0.06691673543176435,-0.039641380310058594,-0.056121070888770386,243,-0.08594483137130737,-0.1551105149815657,0.007867494824016562,-2.3491597175598122,0.5850931677018634,0.5850931677018634,0.41490683229813663,0.0012196277,2.0327127,0.6130759,0.0,0.0
90,Index/ETF,6,88,2415,99,0.00041407867494824016,0.0,0.001378869615681949,0.00041407867494824016,0.0,0.0013521441159912956,-1.877707719802857,-0.13877707719802856,0.00041407867494824016,0.0,0.001361013370865587,0.1587301641702652,0.008868694305419922,0.012121987861135731,0.030569184684722694,0.026622442564916672,0.4695434425576433,0.45282076642769,0.48431600779251577,0.027428805828094482,0.06691673543176435,-0.0317496657371521,-0.056121070888770386,243,-0.06878149509429932,-0.1551105149815657,0.012836438923395446,-1.877707719802857,0.5842650103519669,0.5846790890269151,0.4153209109730849,0.0009670847,1.6118078,0.49281788,0.0,0.0
90,Index/ETF,6,90,2415,99,0.00041407867494824016,0.0,0.0013646645643011807,0.00041407867494824016,0.0,0.0013829076105646876,-1.564755439758303,-0.11564755439758301,0.00041407867494824016,0.0,0.0013896444339325127,0.1587301641702652,0.007359147071838379,0.010077949315618038,0.030569184684722694,0.026622442564916672,0.3907473386301696,0.3745015316572322,0.4046335341017731,0.02294677495956421,0.06691673543176435,-0.026034295558929443,-0.056121070888770386,243,-0.05738401412963867,-0.1551105149815657,0.01780538302277433,-1.564755439758303,0.5846790890269151,0.5846790890269151,0.4153209109730849,0.0007913754,1.3189591,0.41133332,0.0,0.0
90,Index/ETF,6,92,2415,99,0.00041407867494824016,0.0,0.0014005602240896359,0.00041407867494824016,0.0,0.0014861248350046441,-1.2518985271453897,-0.09251898527145386,0.00041407867494824016,0.0,0.001432100924478095,0.1587301641702652,0.005871772766113281,0.008064466282941293,0.030569184684722694,0.026622442564916672,0.3121421404924841,0.2995218091677011,0.3243492840194061,0.018298566341400146,0.06691673543176435,-0.020926058292388916,-0.056121070888770386,243,-0.04559248685836792,-0.1551105149815657,0.02443064182194617,-1.2518985271453897,0.5863354037267081,0.5863354037267081,0.41366459627329194,0.00061372475,1.0228746,0.32914546,0.00041407867494824016,0.0
90,Index/ETF,6,94,2415,99,0.0,0.0,0.0,0.00041407867494824016,0.0,0.00146346825217153,-0.936770677566523,-0.06936770677566528,0.00041407867494824016,0.0,0.0013895023557126025,0.1587301641702652,0.0045212507247924805,0.006061173151738895,0.030569184684722694,0.026622442564916672,0.23339401481120145,0.22285151584979515,0.24382335059996021,0.013713598251342773,0.06691673543176435,-0.015544772148132324,-0.056121070888770386,243,-0.03399956226348877,-0.1551105149815657,0.03354037267080745,-0.936770677566523,0.5871635610766045,0.5871635610766045,0.41283643892339544,0.00043852685,0.73087806,0.24649838,0.0008281573498964803,0.0
90,Index/ETF,6,95,2415,99,0.0,0.0,0.0,0.00041407867494824016,0.0,0.0015476043670563464,-0.7806432247161821,-0.057806432247161865,0.00041407867494824016,0.0,0.001409278506593701,0.1587301641702652,0.0037516355514526367,0.005047229851748386,0.030569184684722694,0.026622442564916672,0.19396511029420357,0.1850591736118023,0.2031184187326918,0.01147085428237915,0.06691673543176435,-0.013006746768951416,-0.056121070888770386,243,-0.028557538986206055,-0.1551105149815657,0.04389233954451346,-0.7806432247161821,0.5888198757763975,0.5888198757763975,0.4111801242236025,0.00035391786,0.58986306,0.20491363,0.0016563146997929607,0.0
90,Index/ETF,6,96,2415,99,0.0,0.0,0.0,0.00041407867494824016,0.0,0.0014437480431833203,-0.600840806961056,-0.046008408069610596,0.00041407867494824016,0.0,0.0014073830529526723,0.1587301641702652,0.002992391586303711,0.0040385019458352165,0.030569184684722694,0.026622442564916672,0.15477093896269123,0.148041720622272,0.16196982127670775,0.009118497371673584,0.06691673543176435,-0.0103493332862854,-0.056121070888770386,243,-0.022751688957214355,-0.1551105149815657,0.0670807453416149,-0.600840806961056,0.5875776397515527,0.5875776397515527,0.4124223602484472,0.00027154884,0.45258144,0.16319533,0.0037267080745341614,0.0
90,Index/ETF,6,98,2415,99,0.0,0.0,0.0,0.0016563146997929607,0.0,0.003980782213289982,-0.31027603149413885,-0.023102760314941406,0.0016563146997929607,0.0,0.0038509814059839065,0.5396825671195984,0.0016609430313110352,0.001994343894855823,0.030569184684722694,0.026622442564916672,0.0760754509304763,0.07288852980622162,0.08002654155778963,0.004616200923919678,0.06691673543176435,-0.004985451698303223,-0.056121070888770386,243,-0.011172950267791748,-0.1551105149815657,0.3987577639751553,-0.0660221576690656,0.6012422360248447,0.6012422360248447,0.3987577639751553,0.000118615615,0.19769268,0.07992761,0.04886128364389234,0.0
90,Index/ETF,25,50,2415,99,0.0,0.0,0.0,0.0,0.0,0.0,2.2474944591522217,-0.4775250554084778,0.0,0.0,0.0,,0.02542281150817871,0.021218748689931864,0.030569184684722694,0.026622442564916672,0.9359072309355464,0.928834775048621,0.942062403773858,0.061588823795318604,0.06691673543176435,-0.06083458662033081,-0.056121070888770386,243,-0.15932965278625488,-0.1551105149815657,0.0,,0.6252587991718427,0.6252587991718427,0.3747412008281574,0.0050756223,2.0302489,0.99915284,0.0,0.0
90,Index/ETF,25,55,2415,99,0.0,0.0,0.0,0.0,0.0,0.0,1.4561069011688188,-0.43543893098831177,0.0,0.0,0.0,,0.02542281150817871,0.020860598521696607,0.030569184684722694,0.026622442564916672,0.9353674361393497,0.9292665850906934,0.9415214677312826,0.06145602464675903,0.06691673543176435,-0.06099247932434082,-0.056121070888770386,243,-0.15991610288619995,-0.1551105149815657,0.0008281573498964803,,0.6244306418219462,0.6244306418219462,0.3755693581780538,0.005102349,2.0409396,0.9976431,0.0,0.0
90,Index/ETF,25,60,2415,99,0.00041407867494824016,0.0,0.0012959664525539255,0.00041407867494824016,0.0,0.0014266355645623765,-3.4885859489440896,-0.4348858594894409,0.00041407867494824016,0.0,0.0014652871484664562,0.1587301641702652,0.025188326835632324,0.020426837356441015,0.030569184684722694,0.026622442564916672,0.933360763210667,0.9257001107430873,0.9397930540326107,0.06132441759109497,0.06691673543176435,-0.06099247932434082,-0.056121070888770386,243,-0.16258949041366577,-0.1551105149815657,0.0012422360248447205,-3.4885859489440896,0.6240165631469979,0.6240165631469979,0.37598343685300206,0.005148838,2.059535,0.9946105,0.0,0.0
90,Index/ETF,25,65,2415,99,0.00041407867494824016,0.0,0.0014280493384546517,0.00041407867494824016,0.0,0.0015605761216750036,-6.802072525024416,-0.41802072525024414,0.00041407867494824016,0.0,0.0014988909440552924,0.1587301641702652,0.02489793300628662,0.01982658815186463,0.030569184684722694,0.026622442564916672,0.926354718560872,0.916621940670279,0.9345848087106302,0.06124258041381836,0.06691673543176435,-0.06252866983413696,-0.056121070888770386,243,-0.17104029655456543,-0.1551105149815657,0.0016563146997929607,-6.802072525024416,0.622360248447205,0.622360248447205,0.37763975155279506,0.005260877,2.1043506,0.98873353,0.0,0.0
90,Index/ETF,25,70,2415,99,0.00041407867494824016,0.0,0.0013193484664460917,0.00041407867494824016,0.0,0.001409874090268083,-5.152667760848995,-0.35152667760849,0.00041407867494824016,0.0,0.0014280621989801944,0.1587301641702652,0.024175047874450684,0.019161507925385027,0.030569184684722694,0.026622442564916672,0.9135115979484548,0.8986101817032018,0.9239835079375219,0.060492753982543945,0.06691673543176435,-0.0677984356880188,-0.056121070888770386,243,-0.16563630104064941,-0.1551105149815657,0.0033126293995859213,-5.152667760848995,0.6149068322981367,0.6149068322981367,0.38509316770186336,0.005530215,2.212086,0.97377735,0.0,0.0
90,Index/ETF,25,75,2415,99,0.00041407867494824016,0.0,0.0013671124802187831,0.00041407867494824016,0.0,0.0014234735031151697,-3.9907097816467285,-0.2899070978164673,0.00041407867494824016,0.0,0.0013502405531513665,0.1587301641702652,0.018746018409729004,0.01767198496476957,0.030569184684722694,0.026622442564916672,0.8547556285857237,0.8350621198229982,0.8701406449223087,0.056635499000549316,0.06691673543176435,-0.0682220458984375,-0.056121070888770386,243,-0.14608049392700195,-0.1551105149815657,0.004554865424430642,-3.9907097816467285,0.5842650103519669,0.5842650103519669,0.4157349896480331,0.006329645,2.5318582,0.92589337,0.0,0.0
90,Index/ETF,25,80,2415,99,0.00041407867494824016,0.0,0.0014070393174969791,0.00041407867494824016,0.0,0.0013187816718812796,-3.1925666332244917,-0.23192566633224487,0.00041407867494824016,0.0,0.0014636481195445237,0.1587301641702652,0.010404706001281738,0.014613344975386595,0.030569184684722694,0.026622442564916672,0.7051151120049453,0.681401954295675,0.7265086132832895,0.041554272174835205,0.06691673543176435,-0.0568387508392334,-0.056121070888770386,243,-0.11726707220077515,-0.1551105149815657,0.005797101449275362,-3.1925666332244917,0.5606625258799172,0.5606625258799172,0.43933747412008284,0.006359512,2.543805,0.79380685,0.0,0.0
90,Index/ETF,25,85,2415,99,0.00041407867494824016,0.0,0.0013692534215314206,0.00041407867494824016,0.0,0.0013821566903367982,-2.394423484802244,-0.17394423484802246,0.00041407867494824016,0.0,0.0013453367859997867,0.1587301641702652,0.00724482536315918,0.011070272147532083,0.030569184684722694,0.026622442564916672,0.5301307581493588,0.5084109003051664,0.5503650334899161,0.030238807201385498,0.06691673543176435,-0.04260355234146118,-0.056121070888770386,243,-0.08797645568847656,-0.1551105149815657,0.009523809523809525,-2.394423484802244,0.5590062111801242,0.5590062111801242,0.4409937888198758,0.0050298884,2.0119553,0.60678273,0.0,0.0
90,Index/ETF,25,88,2415,99,0.00041407867494824016,0.0,0.001441139922902077,0.00041407867494824016,0.0,0.0014837017703740428,-1.9155387878417973,-0.13915538787841797,0.00041407867494824016,0.0,0.0014526162188068775,0.1587301641702652,0.005984306335449219,0.008945667101976541,0.030569184684722694,0.026622442564916672,0.4247541878202974,0.4048969109154584,0.44235025631691416,0.02413332462310791,0.06691673543176435,-0.03385424613952637,-0.056121070888770386,243,-0.07025134563446045,-0.1551105149815657,0.013664596273291925,-1.9155387878417973,0.5581780538302278,0.5581780538302278,0.4418219461697723,0.0039857365,1.5942947,0.48759124,0.0,0.0
90,Index/ETF,25,90,2415,99,0.00041407867494824016,0.0,0.0013556258472661546,0.00041407867494824016,0.0,0.0013902406282511662,-1.594444513320925,-0.11594444513320923,0.00041407867494824016,0.0,0.0014542458668448718,0.1587301641702652,0.004994869232177734,0.007480979755551672,0.030569184684722694,0.026622442564916672,0.35399370928284957,0.33832859410960325,0.36864363739354444,0.020036041736602783,0.06691673543176435,-0.027931630611419678,-0.056121070888770386,243,-0.058618009090423584,-0.1551105149815657,0.018633540372670808,-1.594444513320925,0.5594202898550724,0.5594202898550724,0.4405797101449275,0.0032603377,1.304135,0.40694728,0.0,0.0
90,Index/ETF,25,92,2415,99,0.00041407867494824016,0.0,0.0014437045479025583,0.00041407867494824016,0.0,0.0013570993654630139,-1.2757165431976358,-0.09275716543197632,0.00041407867494824016,0.0,0.0013747683975485771,0.1587301641702652,0.004037022590637207,0.006046990948434202,0.030569184684722694,0.026622442564916672,0.2834720616288734,0.2698936046682428,0.2959967906007723,0.016280710697174072,0.06691673543176435,-0.02241337299346924,-0.056121070888770386,243,-0.0468025803565979,-0.1551105149815657,0.02443064182194617,-1.2757165431976358,0.5598343685300207,0.5598343685300207,0.4401656314699793,0.0025308905,1.0123563,0.3257124,0.0008281573498964803,0.0
90,Index/ETF,25,94,2415,99,0.0,0.0,0.0,0.00041407867494824016,0.0,0.0013280948963683861,-0.9543123245239205,-0.06954312324523926,0.00041407867494824016,0.0,0.0015516204964125496,0.1587301641702652,0.0032668113708496094,0.004624624676832748,0.030569184684722694,0.026622442564916672,0.21277403458528,0.20269149604946654,0.22421054256370232,0.012249886989593506,0.06691673543176435,-0.016688525676727295,-0.056121070888770386,243,-0.03465396165847778,-0.1551105149815657,0.03643892339544513,-0.9543123245239205,0.5631469979296067,0.5631469979296067,0.43685300207039335,0.001807892,0.72315687,0.24398115,0.0008281573498964803,0.0
90,Index/ETF,25,95,2415,99,0.0,0.0,0.0,0.00041407867494824016,0.0,0.001351720573032048,-0.7952582836151079,-0.05795258283615112,0.00041407867494824016,0.0,0.0013830550729017144,0.1587301641702652,0.002712726593017578,0.0038917817684434217,0.030569184684722694,0.026622442564916672,0.17743980106417825,0.16782632851768836,0.1862602162050427,0.010249972343444824,0.06691673543176435,-0.01371830701828003,-0.056121070888770386,243,-0.02903646230697632,-0.1551105149815657,0.04803312629399586,-0.7952582836151079,0.5614906832298137,0.5614906832298137,0.43850931677018634,0.0014583844,0.58335376,0.20287037,0.0016563146997929607,0.0
90,Index/ETF,25,96,2415,99,0.0,0.0,0.0,0.00041407867494824016,0.0,0.0013993519016237798,-0.613965749740597,-0.046139657497406006,0.00041407867494824016,0.0,0.0014295678623872448,0.1587301641702652,0.002217411994934082,0.0031406499090648834,0.030569184684722694,0.026622442564916672,0.14190815642688212,0.13428169986078609,0.14996133486808658,0.008163273334503174,0.06691673543176435,-0.01092296838760376,-0.056121070888770386,243,-0.023166656494140625,-0.1551105149815657,0.07163561076604555,-0.613965749740597,0.5668737060041408,0.5668737060041408,0.4331262939958592,0.0011216152,0.44864607,0.1616393,0.004140786749482402,0.0
90,Index/ETF,25,98,2415,99,0.0,0.0,0.0,0.0016563146997929607,0.0,0.0038290378186013854,-0.31570601463317693,-0.023157060146331787,0.0016563146997929607,0.0,0.0038227278777646203,0.5396825671195984,0.0013068914413452148,0.001605147950150705,0.030569184684722694,0.026622442564916672,0.070621827518494,0.06730381571732513,0.07427024864949233,0.004221200942993164,0.06691673543176435,-0.0052950382232666016,-0.056121070888770386,243,-0.01134270429611206,-0.1551105149815657,0.42028985507246375,-0.06827521324157537,0.5797101449275363,0.5797101449275363,0.42028985507246375,0.00049096346,0.1963854,0.07931587,0.05093167701863354,0.0
90,Single stock,6,50,3976,65,0.0007545271629778672,0.0,0.0016100283835580648,0.0022635814889336017,0.0004893117598140015,0.00467917778679318,-22.910022735595703,-0.729100227355957,0.0022635814889336017,0.0005108069374981721,0.004668947224907662,0.5873016119003296,0.03880476951599121,0.05481209033271916,0.04032388397209663,0.05702881834441129,0.9887125369366603,0.9837322460153922,0.9916160799190349,0.11633551120758057,0.11776530018254672,-0.08507305383682251,-0.08357651774668662,646,-0.1856795847415924,-0.18315870153623914,0.004778672032193159,-0.1217275857925415,0.608148893360161,0.608148893360161,0.391851106639839,0.0012493536,2.082256,0.9940165,0.00025150905432595576,0.0
90,Single stock,6,55,3976,65,0.001006036217303823,0.0,0.00207154614275492,0.002766599597585513,0.000717583959466589,0.005801445497073857,-20.253075957298282,-0.6525307595729828,0.002766599597585513,0.0005207385567760705,0.005765268951192261,0.5873016119003296,0.03880476951599121,0.054497489297174115,0.04032388397209663,0.05702881834441129,0.9867483668330158,0.9804728369081895,0.9910304504427382,0.11630594730377197,0.11776530018254672,-0.08530968427658081,-0.08357651774668662,646,-0.18823885917663574,-0.18315870153623914,0.007545271629778672,-0.11044621467590776,0.607645875251509,0.607645875251509,0.39235412474849096,0.001260612,2.10102,0.9894407,0.00025150905432595576,0.0
90,Single stock,6,60,3976,65,0.0015090543259557343,0.000495905679482888,0.002608568410034054,0.0035211267605633804,0.0009992256244552298,0.007275131063617073,-13.102219104766844,-0.5310221910476685,0.0035211267605633804,0.0009657249421989696,0.007044235317718393,0.4444444477558136,0.038226306438446045,0.05397766799304327,0.04032388397209663,0.05702881834441129,0.9842040892228834,0.9770742254794867,0.989237223627725,0.11519873142242432,0.11776530018254672,-0.0871506929397583,-0.08357651774668662,646,-0.19858357310295105,-0.18315870153623914,0.012575452716297788,-0.6178146600723244,0.6061368209255533,0.6061368209255533,0.3938631790744467,0.0012838839,2.1398065,0.9820217,0.00025150905432595576,0.0
90,Single stock,6,65,3976,65,0.0025150905432595573,0.0010232437618073558,0.004369221729735953,0.004527162977867203,0.001485056839017235,0.008905361242299622,-15.241193175315859,-0.5024119317531586,0.004527162977867203,0.0016152219880976532,0.008722059858856775,0.460317462682724,0.03784072399139404,0.053054511974335195,0.04032388397209663,0.05702881834441129,0.9754756218335557,0.9668195178099301,0.9825946520617401,0.1138685941696167,0.11776530018254672,-0.09322652220726013,-0.08357651774668662,646,-0.20532792806625366,-0.18315870153623914,0.016348088531187122,-1.1261397600173972,0.602364185110664,0.602364185110664,0.397635814889336,0.0013317652,2.2196088,0.968827,0.00025150905432595576,0.0
90,Single stock,6,70,3976,65,0.002766599597585513,0.0009736036373230579,0.0048384235554036,0.006036217303822937,0.0022090093375420265,0.011698957271385112,-20.241193175315853,-0.5024119317531586,0.006036217303822937,0.002197743155444765,0.010997123483783613,0.5714285969734192,0.03405189514160156,0.05130502616825478,0.04032388397209663,0.05702881834441129,0.9511839722667614,0.9380215807898511,0.9633313275616104,0.11174964904785156,0.11776530018254672,-0.10496947169303894,-0.08357651774668662,646,-0.19215789437294006,-0.18315870153623914,0.021629778672032193,-0.925008654594417,0.5892857142857143,0.5892857142857143,0.4107142857142857,0.0014442378,2.407063,0.9423754,0.00025150905432595576,0.00025150905432595576
90,Single stock,6,75,3976,65,0.003772635814889336,0.0015839179772467278,0.0064111998878609465,0.00829979879275654,0.003848003848003848,0.01447230436879968,-25.921666622161865,-0.5092166662216187,0.00829979879275654,0.0037865653273338592,0.01403045305008042,0.5555555820465088,0.02468162775039673,0.0485338637496624,0.04032388397209663,0.05702881834441129,0.8915851713102441,0.8738875146101932,0.9073921940970402,0.1034783124923706,0.11776530018254672,-0.10143423080444336,-0.08357651774668662,646,-0.16740909218788147,-0.18315870153623914,0.02590543259557344,-0.9557604789733887,0.5575955734406438,0.5575955734406438,0.44240442655935613,0.0016833729,2.8056214,0.8839746,0.0005030181086519115,0.00025150905432595576
90,Single stock,6,80,3976,65,0.003772635814889336,0.0012540521733226972,0.0066034088132824525,0.008551307847082495,0.0036099862851676446,0.01503530642774812,-21.44977927207947,-0.4144977927207947,0.008551307847082495,0.0037724486096606803,0.014611677422771273,0.5555555820465088,0.009242415428161621,0.04301209606874876,0.04032388397209663,0.05702881834441129,0.7680165195621768,0.7459188135311219,0.7873018005027465,0.0810478925704956,0.11776530018254672,-0.08462586998939514,-0.08357651774668662,646,-0.13492897152900696,-0.18315870153623914,0.02942655935613682,-0.7607477903366133,0.5266599597585513,0.5266599597585513,0.4733400402414487,0.0017616234,2.936039,0.77026457,0.0005030181086519115,0.00025150905432595576
90,Single stock,6,85,3976,65,0.003772635814889336,0.0013838819297773473,0.006775182582334298,0.008551307847082495,0.00380696015855536,0.014798868469154885,-13.772705793380736,-0.2877270579338074,0.008551307847082495,0.003835018574599831,0.015387016229712858,0.5079365372657776,0.0043555498123168945,0.034194393866738566,0.04032388397209663,0.05702881834441129,0.5966953089453564,0.5770415426440668,0.6160304089300264,0.05406081676483154,0.11776530018254672,-0.06392702460289001,-0.08357651774668662,646,-0.10143938660621643,-0.18315870153623914,0.03747484909456741,-0.48869907855987327,0.5181086519114688,0.5181086519114688,0.4818913480885312,0.0015407539,2.567923,0.60786265,0.0015090543259557343,0.00025150905432595576
90,Single stock,6,88,3976,65,0.0032696177062374247,0.0012345374481536296,0.005607226300623171,0.00829979879275654,0.003563203994051271,0.014921407485946458,-10.62830138206482,-0.2262830138206482,0.00829979879275654,0.003803945410260091,0.01425724894658959,0.5555555820465088,0.0027474164962768555,0.027885660394216687,0.04032388397209663,0.05702881834441129,0.48225443040154603,0.4601805396631751,0.49941431308034717,0.042656779289245605,0.11776530018254672,-0.05119559168815613,-0.08357651774668662,646,-0.0809289813041687,-0.18315870153623914,0.047032193158953725,-0.48034834861755416,0.5148390342052314,0.5148390342052314,0.48516096579476864,0.0012941331,2.1568885,0.49626175,0.0017605633802816902,0.00025150905432595576
90,Single stock,6,90,3976,65,0.0030181086519114686,0.0012859468027690778,0.004980419352206901,0.00829979879275654,0.0037198622857859925,0.014408485126207661,-8.831467628479006,-0.18831467628479004,0.00829979879275654,0.00371351388233436,0.014662590841456545,0.5555555820465088,0.0020951032638549805,0.0235666778515762,0.04032388397209663,0.05702881834441129,0.4046315277043263,0.3861059821451712,0.42190570612236145,0.03509116172790527,0.11776530018254672,-0.04257404804229736,-0.08357651774668662,646,-0.0675387978553772,-0.18315870153623914,0.05432595573440644,-0.401958227157595,0.5140845070422535,0.5140845070422535,0.4859154929577465,0.0010933226,1.8222045,0.41820565,0.0022635814889336017,0.00025150905432595576
90,Single stock,6,92,3976,65,0.002766599597585513,0.0011034664226474875,0.004734306391283135,0.00829979879275654,0.0033435630837679365,0.015300379225712608,-7.155810117721561,-0.15155810117721558,0.00829979879275654,0.0032800004185602684,0.014548257464243965,0.5555555820465088,0.0018458962440490723,0.01897803046393922,0.04032388397209663,0.05702881834441129,0.32456929338382834,0.30800543539059494,0.3408290548481853,0.02813398838043213,0.11776530018254672,-0.034011393785476685,-0.08357651774668662,646,-0.05384951829910278,-0.18315870153623914,0.0658953722334004,-0.2541525363922159,0.5148390342052314,0.5148390342052314,0.48516096579476864,0.00087510183,1.4585031,0.33774915,0.002766599597585513,0.00025150905432595576
90,Single stock,6,94,3976,65,0.0022635814889336017,0.0007332411708604895,0.004090305191626776,0.009557344064386318,0.004028552128905841,0.017358042906506888,-5.412352323532099,-0.11412352323532104,0.009557344064386318,0.004201816092001571,0.017169940596514714,0.5555555820465088,0.0011887550354003906,0.014190680739025715,0.04032388397209663,0.05702881834441129,0.24256005682195145,0.22827884624761596,0.2569786596646147,0.020922422409057617,0.11776530018254672,-0.025342583656311035,-0.08357651774668662,646,-0.04010137915611267,-0.18315870153623914,0.08928571428571429,-0.16911351680755082,0.5123239436619719,0.5123239436619719,0.4876760563380282,0.0006433164,1.0721941,0.25514403,0.006539235412474849,0.00025150905432595576
90,Single stock,6,95,3976,65,0.0022635814889336017,0.0007361737639841213,0.004019698102141286,0.010311871227364185,0.004976400372286008,0.01766135437622512,-4.51142311096191,-0.09511423110961914,0.010311871227364185,0.004718111384574348,0.018007427271182434,0.5555555820465088,0.0012826323509216309,0.011884086118857386,0.04032388397209663,0.05702881834441129,0.2024169878331371,0.18956176111601325,0.21424612135950385,0.017504334449768066,0.11776530018254672,-0.021142810583114624,-0.08357651774668662,646,-0.03323647379875183,-0.18315870153623914,0.11317907444668009,-0.1582098007202104,0.5133299798792756,0.5133299798792756,0.48667002012072436,0.000523441,0.8724018,0.21321248,0.011066398390342052,0.00025150905432595576
90,Single stock,6,96,3976,65,0.0015090543259557343,0.00028704751859280885,0.0031180795662906573,0.010311871227364185,0.005070132582629617,0.018528619270120537,-3.5501739978790248,-0.07550173997879028,0.010311871227364185,0.004810974195296132,0.01780099941598275,0.5396825671195984,0.0010156631469726562,0.009508295917894758,0.04032388397209663,0.05702881834441129,0.16145376471544232,0.15104102793491286,0.17107950721933077,0.0138627290725708,0.11776530018254672,-0.016662895679473877,-0.08357651774668662,646,-0.026377588510513306,-0.18315870153623914,0.15367203219315895,-0.10464406013488414,0.5155935613682092,0.5155935613682092,0.4844064386317907,0.00040391626,0.67319375,0.17081316,0.018611670020120725,0.00025150905432595576
90,Single stock,6,98,3976,65,0.0005030181086519115,0.0,0.0012928003631659888,0.0153420523138833,0.007685996567325833,0.025220943588524895,-1.4325897693634015,-0.03432589769363403,0.0153420523138833,0.008127203605004348,0.024231360245010013,0.60317462682724,0.0007095932960510254,0.004522276491346493,0.04032388397209663,0.05702881834441129,0.07783700756999437,0.07311102307069457,0.08270377522442393,0.006821393966674805,0.11776530018254672,-0.008060157299041748,-0.08357651774668662,646,-0.01307767629623413,-0.18315870153623914,0.4786217303822938,-0.05594301223754705,0.5213782696177063,0.5213782696177063,0.4786217303822938,0.00017598855,0.29331425,0.084679455,0.11820925553319919,0.00025150905432595576
90,Single stock,25,50,3976,65,0.0007545271629778672,0.0,0.001679777192110707,0.0022635814889336017,0.00054576640101004,0.004649330280000406,-23.012927174568176,-0.7301292717456818,0.0022635814889336017,0.0005095444108604563,0.004752793334770288,0.5714285969734192,0.03485870361328125,0.05073912204870995,0.04032388397209663,0.05702881834441129,0.9622593337111319,0.957411468860584,0.9659704300040739,0.11209499835968018,0.11776530018254672,-0.08854857087135315,-0.08357651774668662,646,-0.18877294659614563,-0.18315870153623914,0.004778672032193159,-0.12236535549163818,0.5998490945674044,0.5998490945674044,0.40015090543259557,0.005200607,2.0802426,0.99386257,0.00025150905432595576,0.0
90,Single stock,25,55,3976,65,0.001006036217303823,0.00023980384348164891,0.0020591564031132957,0.002766599597585513,0.0005088735614368194,0.005861128592406125,-20.13144671916962,-0.6513144671916962,0.002766599597585513,0.0007247429793031505,0.005619766816919934,0.5714285969734192,0.03485870361328125,0.050389955206296334,0.04032388397209663,0.05702881834441129,0.9602374322093606,0.9539652333416729,0.9651080886302418,0.11197400093078613,0.11776530018254672,-0.0893142819404602,-0.08357651774668662,646,-0.19152569770812988,-0.18315870153623914,0.007545271629778672,-0.10507583618164507,0.5993460764587525,0.5993460764587525,0.40065392354124746,0.0052475566,2.0990229,0.9891775,0.00025150905432595576,0.0
90,Single stock,25,60,3976,65,0.0015090543259557343,0.0004903132495950083,0.002755662641566039,0.0035211267605633804,0.0011294894672366858,0.007104285993930456,-13.003689646720884,-0.5300368964672089,0.0035211267605633804,0.0009548951300246665,0.007063109673953144,0.4444444477558136,0.034282386302948,0.04978271753675261,0.04032388397209663,0.05702881834441129,0.9574606270680909,0.9512745034444561,0.9627937833533308,0.11082565784454346,0.11776530018254672,-0.09105706214904785,-0.08357651774668662,646,-0.20335295796394348,-0.18315870153623914,0.013078470824949699,-0.6241685152053811,0.5973340040241448,0.5973340040241448,0.4026659959758551,0.0053452123,2.138085,0.98155034,0.00025150905432595576,0.0
90,Single stock,25,65,3976,65,0.0025150905432595573,0.0010266675346161398,0.004338046766955763,0.004527162977867203,0.0018085513880282103,0.008799344480060065,-15.430211424827577,-0.5043021142482758,0.004527162977867203,0.0016551447102535687,0.008683731404028018,0.5079365372657776,0.033627450466156006,0.04867501650567745,0.04032388397209663,0.05702881834441129,0.9479283722971891,0.9393674726971277,0.9550742875884474,0.10963737964630127,0.11776530018254672,-0.09748893976211548,-0.08357651774668662,646,-0.20958706736564636,-0.18315870153623914,0.01710261569416499,-1.2461864948272727,0.5938128772635815,0.5938128772635815,0.4061871227364185,0.0055478117,2.2191248,0.96792555,0.00025150905432595576,0.0
90,Single stock,25,70,3976,65,0.0030181086519114686,0.0010336797574359026,0.005441942664741129,0.006539235412474849,0.002427102753641757,0.011981887938835435,-20.430211424827572,-0.5043021142482758,0.006539235412474849,0.0026283826813962513,0.012239037944520413,0.5079365372657776,0.029516220092773438,0.046475167807858715,0.04032388397209663,0.05702881834441129,0.9206971767033493,0.9088967035165557,0.932945969601701,0.10717427730560303,0.11776530018254672,-0.11086755990982056,-0.08357651774668662,646,-0.1962893009185791,-0.18315870153623914,0.022635814889336015,-0.9059917926788286,0.5782193158953722,0.5782193158953722,0.42178068410462777,0.0060246214,2.4098485,0.9403367,0.00025150905432595576,0.00025150905432595576
90,Single stock,25,75,3976,65,0.004275653923541248,0.001946898392497608,0.0074095016335690754,0.007796780684104628,0.003266008851205619,0.014046328340284733,-26.14627778530121,-0.5114627778530121,0.007796780684104628,0.003293917240277001,0.01344085047812228,0.5555555820465088,0.01799619197845459,0.04287293753483646,0.04032388397209663,0.05702881834441129,0.853288395506285,0.8340107311638103,0.870173597309264,0.09757649898529053,0.11776530018254672,-0.10631513595581055,-0.08357651774668662,646,-0.17038166522979736,-0.18315870153623914,0.02590543259557344,-1.0710299015045166,0.5412474849094567,0.5412474849094567,0.45875251509054327,0.00703664,2.814656,0.8793678,0.0005030181086519115,0.00025150905432595576
90,Single stock,25,80,3976,65,0.003772635814889336,0.0014068568786491376,0.006800461659993386,0.009054325955734407,0.004398307760045858,0.015542069548404706,-21.128879785537723,-0.4112887978553772,0.009054325955734407,0.004182751704409868,0.015608008115047967,0.5079365372657776,0.0026744604110717773,0.036942848047500164,0.04032388397209663,0.05702881834441129,0.7227004595404162,0.6993933929838585,0.7426071764396109,0.07404112815856934,0.11776530018254672,-0.08875206112861633,-0.08357651774668662,646,-0.13764572143554688,-0.18315870153623914,0.03118712273641851,-0.7676976919174239,0.5080482897384306,0.5080482897384306,0.4919517102615694,0.007315997,2.9263988,0.76321304,0.0007545271629778672,0.00025150905432595576
90,Single stock,25,85,3976,65,0.003772635814889336,0.001380370248548421,0.006696964050951093,0.009054325955734407,0.004180926872977306,0.015463142401569974,-13.44722270965576,-0.2844722270965576,0.009054325955734407,0.004078243419063128,0.01546370223867878,0.5555555820465088,-0.0006923675537109375,0.028841439971861466,0.04032388397209663,0.05702881834441129,0.5544901589822036,0.5296347212136328,0.5766580540641518,0.04803884029388428,0.11776530018254672,-0.06686899065971375,-0.08357651774668662,646,-0.10346701741218567,-0.18315870153623914,0.04024144869215292,-0.4901266098022439,0.4969818913480885,0.4969818913480885,0.5030181086519114,0.0063627153,2.5450861,0.6005869,0.0015090543259557343,0.00025150905432595576
90,Single stock,25,88,3976,65,0.0035211267605633804,0.0014471518427713824,0.006280894406251489,0.008551307847082495,0.0037362476647985056,0.015055218659575776,-10.375816106796265,-0.22375816106796265,0.008551307847082495,0.0037001572714985558,0.014800718982539325,0.5555555820465088,-0.0008798539638519287,0.02335288928787953,0.04032388397209663,0.05702881834441129,0.4457826856481686,0.4241509898847715,0.46537906571746307,0.03753519058227539,0.11776530018254672,-0.05364421010017395,-0.08357651774668662,646,-0.08246070146560669,-0.18315870153623914,0.04904426559356137,-0.47199475765228316,0.49446680080482897,0.49446680080482897,0.505533199195171,0.005327972,2.1311886,0.48972553,0.0017605633802816902,0.00025150905432595576
90,Single stock,25,90,3976,65,0.0030181086519114686,0.0013275544323052024,0.005155019872390321,0.008802816901408451,0.0038347830616177925,0.015202879170160655,-8.622255325317385,-0.18622255325317383,0.008802816901408451,0.0037096928895059924,0.014998877176593173,0.5714285969734192,-0.0009734928607940674,0.01973478692458189,0.04032388397209663,0.05702881834441129,0.37349847624963045,0.352140542801709,0.3908450316802014,0.031064629554748535,0.11776530018254672,-0.044600844383239746,-0.08357651774668662,646,-0.06871005892753601,-0.18315870153623914,0.055080482897384306,-0.3583514690399192,0.4949698189134809,0.4949698189134809,0.5050301810865191,0.0044953027,1.7981209,0.41251478,0.0022635814889336017,0.00025150905432595576
90,Single stock,25,92,3976,65,0.002766599597585513,0.001129830367808707,0.0046237561741284215,0.009054325955734407,0.0038895335529922767,0.01658290555219017,-6.993113279342655,-0.1499311327934265,0.009054325955734407,0.003736342521402869,0.016468962893483423,0.5555555820465088,-0.0005359649658203125,0.01588390548704136,0.04032388397209663,0.05702881834441129,0.29919859068470256,0.283319676258312,0.3159864952622435,0.024763107299804688,0.11776530018254672,-0.03546130657196045,-0.08357651774668662,646,-0.05474165081977844,-0.18315870153623914,0.06866197183098592,-0.22547972202301425,0.49572434607645877,0.49572434607645877,0.5042756539235412,0.0035941433,1.4376574,0.3330169,0.002766599597585513,0.00025150905432595576
90,Single stock,25,94,3976,65,0.0025150905432595573,0.0009772544264808304,0.00439356596905687,0.009808853118712274,0.004108786114252998,0.017507184767776966,-5.292934417724604,-0.1129293441772461,0.01006036217303823,0.004454270086678319,0.017279495587349977,0.5555555820465088,-0.0003050863742828369,0.011941486051384832,0.04032388397209663,0.05702881834441129,0.22403051045490108,0.20967423682546793,0.23811625560090838,0.01875603199005127,0.11776530018254672,-0.026368767023086548,-0.08357651774668662,646,-0.040666282176971436,-0.18315870153623914,0.09381287726358149,-0.16305470466613237,0.494215291750503,0.494215291750503,0.505784708249497,0.0026402741,1.0561095,0.2515604,0.006790744466800805,0.00025150905432595576
90,Single stock,25,95,3976,65,0.002012072434607646,0.0007381951595381037,0.0034845546558894005,0.010814889336016096,0.004915864353121791,0.018343797873103945,-4.411871433258052,-0.09411871433258057,0.010814889336016096,0.004880144785012678,0.01824067187958425,0.5555555820465088,-0.00019231438636779785,0.010055381137600367,0.04032388397209663,0.05702881834441129,0.1872678135067007,0.17448148561645724,0.1985785079228045,0.015668153762817383,0.11776530018254672,-0.021961331367492676,-0.08357651774668662,646,-0.033803969621658325,-0.18315870153623914,0.11820925553319919,-0.10855913162231001,0.49798792756539234,0.4982394366197183,0.5017605633802817,0.0021472822,0.8589128,0.21027665,0.011317907444668008,0.00025150905432595576
90,Single stock,25,96,3976,65,0.0015090543259557343,0.00027504686699531423,0.0029063960914086926,0.011317907444668008,0.005007605461447739,0.018320516059889082,-3.4699103832244838,-0.07469910383224487,0.011317907444668008,0.005495030857080082,0.01849760637349472,0.523809552192688,-6.389617919921875e-05,0.008112918982803223,0.04032388397209663,0.05702881834441129,0.14989187962411807,0.14027347325293993,0.1596954702662952,0.012622356414794922,0.11776530018254672,-0.01725822687149048,-0.08357651774668662,646,-0.026865482330322266,-0.18315870153623914,0.16172032193158953,-0.0868461132049525,0.49924547283702214,0.49924547283702214,0.5007545271629779,0.0016570796,0.66283184,0.1685681,0.019114688128772636,0.00025150905432595576
90,Single stock,25,98,3976,65,0.0005030181086519115,0.0,0.0013103499759628489,0.01659959758551308,0.009059598187235443,0.026039390506332454,-1.418928384780882,-0.03418928384780884,0.01659959758551308,0.00902024562996709,0.026256287041754076,0.5793651342391968,0.00032508373260498047,0.0038978072329306267,0.04032388397209663,0.05702881834441129,0.07271465507115873,0.06829331782441551,0.07747888853281566,0.006216764450073242,0.11776530018254672,-0.008349746465682983,-0.08357651774668662,646,-0.01328536868095398,-0.18315870153623914,0.4906941649899396,-0.042251825332639825,0.5093058350100603,0.5093058350100603,0.4906941649899396,0.0007237377,0.28949508,0.083687074,0.12173038229376258,0.00025150905432595576
90,Basket,6,50,430,50,0.0,0.0,0.0,0.0,0.0,0.0,2.0933926105499268,-0.47906607389450073,0.0,0.0,0.0,,0.05187255144119263,0.058677793519441475,0.05313593018309737,0.06059726114367397,0.98956266486222,0.9878238745121831,0.9909278785684018,0.10420167446136475,0.10552789938534834,-0.06429624557495117,-0.0631724140987121,41,-0.21230298280715942,-0.21046972682848342,0.0,,0.6906976744186046,0.6906976744186046,0.30930232558139537,0.0012405759,2.0676265,0.99791205,0.0,0.0
90,Basket,6,55,430,50,0.0,0.0,0.0,0.0,0.0,0.0,0.3663849830627397,-0.44633615016937256,0.0,0.0,0.0,,0.05187255144119263,0.058696623319803284,0.05313593018309737,0.06059726114367397,0.98956266486222,0.9877492462654278,0.9909380184245773,0.10420167446136475,0.10552789938534834,-0.06429624557495117,-0.0631724140987121,41,-0.21769899129867554,-0.21046972682848342,0.0069767441860465115,,0.6906976744186046,0.6906976744186046,0.30930232558139537,0.0012464359,2.0773935,0.9964429,0.0,0.0
90,Basket,6,60,430,50,0.0,0.0,0.0,0.0,0.0,0.0,0.6904089450836204,-0.3930959105491638,0.0,0.0,0.0,,0.05187255144119263,0.058493423461914065,0.05313593018309737,0.06059726114367397,0.9882184707773988,0.9866783258991948,0.989588994634494,0.10420167446136475,0.10552789938534834,-0.06429624557495117,-0.0631724140987121,41,-0.22248059511184692,-0.21046972682848342,0.0069767441860465115,,0.6906976744186046,0.6906976744186046,0.30930232558139537,0.0012610423,2.101737,0.9928374,0.0,0.0
90,Basket,6,65,430,50,0.0,0.0,0.0,0.0,0.0,0.0,0.4724121093749978,-0.34527587890625,0.0,0.0,0.0,,0.05138128995895386,0.05793652589931044,0.05313593018309737,0.06059726114367397,0.9813985727527232,0.9761970725350964,0.9861441929676666,0.103202223777771,0.10552789938534834,-0.06456393003463745,-0.0631724140987121,41,-0.22057121992111206,-0.21046972682848342,0.009302325581395349,,0.686046511627907,0.686046511627907,0.313953488372093,0.0013009352,2.1682253,0.9851086,0.0,0.0
90,Basket,6,70,430,50,0.0,0.0,0.0,0.0,0.0,0.0,0.2659845352172896,-0.29734015464782715,0.0,0.0,0.0,,0.050216078758239746,0.05718354097632475,0.05313593018309737,0.06059726114367397,0.9652944592573599,0.9543318451660794,0.9769535511434065,0.103202223777771,0.10552789938534834,-0.07860487699508667,-0.0631724140987121,41,-0.20447808504104614,-0.21046972682848342,0.009302325581395349,,0.6790697674418604,0.6790697674418604,0.3209302325581395,0.00137629,2.2938168,0.9688129,0.0,0.0
90,Basket,6,75,430,50,0.0,0.0,0.0,0.004651162790697674,0.0,0.015433297253416309,-0.042754411697387695,-0.2504275441169739,0.004651162790697674,0.0,0.014852406456526544,0.8015873432159424,0.04160994291305542,0.0544484532156656,0.05313593018309737,0.06059726114367397,0.912015813840485,0.8902049545892109,0.9307707887680996,0.09704792499542236,0.10552789938534834,-0.08049637079238892,-0.0631724140987121,41,-0.177739679813385,-0.21046972682848342,0.009302325581395349,-0.03267824649810791,0.6488372093023256,0.6488372093023256,0.3511627906976744,0.0016056951,2.6761584,0.9235891,0.0,0.0
90,Basket,6,80,430,50,0.0,0.0,0.0,0.002325581395348837,0.0,0.007538640170549717,-0.014107227325443894,-0.2001410722732544,0.002325581395348837,0.0,0.007795815295815293,0.7460317611694336,0.03111368417739868,0.04839459837869156,0.05313593018309737,0.06059726114367397,0.7914152062390026,0.7611883716558808,0.8154382256467755,0.07952547073364258,0.10552789938534834,-0.06643980741500854,-0.0631724140987121,41,-0.14332592487335205,-0.21046972682848342,0.009302325581395349,-0.014107227325443894,0.6232558139534884,0.6232558139534884,0.3767441860465116,0.0016705891,2.7843153,0.80829483,0.0,0.0
90,Basket,6,85,430,50,0.0,0.0,0.0,0.004651162790697674,0.0,0.0167672213553144,-0.04122018814086692,-0.1504122018814087,0.004651162790697674,0.0,0.016771816605663636,0.7698413133621216,0.01952838897705078,0.03795259289963301,0.05313593018309737,0.06059726114367397,0.6126344886499763,0.5762173520841125,0.6410384868274965,0.059169769287109375,0.10552789938534834,-0.05121111869812012,-0.0631724140987121,41,-0.10741227865219116,-0.21046972682848342,0.018604651162790697,-0.024703741073606178,0.6139534883720931,0.6139534883720931,0.386046511627907,0.0014350328,2.3917217,0.63437384,0.0,0.0
90,Basket,6,88,430,50,0.0,0.0,0.0,0.004651162790697674,0.0,0.015039725968986737,-0.07726001739501998,-0.1207726001739502,0.004651162790697674,0.0,0.01674352354669277,0.7777777910232544,0.016145646572113037,0.030680370885272357,0.05313593018309737,0.06059726114367397,0.49336314834208006,0.45995257049112187,0.5226111614914758,0.04573619365692139,0.10552789938534834,-0.04020798206329346,-0.0631724140987121,41,-0.08592981100082397,-0.21046972682848342,0.020930232558139535,-0.052470445632935014,0.6162790697674418,0.6162790697674418,0.38372093023255816,0.0011761596,1.9602661,0.5151862,0.0,0.0
90,Basket,6,90,430,50,0.0,0.0,0.0,0.004651162790697674,0.0,0.015228426395939087,-0.06001234054565652,-0.10060012340545654,0.004651162790697674,0.0,0.0148901938701633,0.7777777910232544,0.013289451599121094,0.025477431125419083,0.05313593018309737,0.06059726114367397,0.4098016662187892,0.37784704167505423,0.43615166327713784,0.03759765625,0.10552789938534834,-0.03310036659240723,-0.0631724140987121,41,-0.07189863920211792,-0.21046972682848342,0.023255813953488372,-0.03575026988983376,0.6162790697674418,0.6162790697674418,0.38372093023255816,0.0009793503,1.6322505,0.43229255,0.0,0.0
90,Basket,6,92,430,50,0.0,0.0,0.0,0.004651162790697674,0.0,0.0163584645377538,-0.024370670318607512,-0.08024370670318604,0.004651162790697674,0.0,0.014857082441912528,0.7222222089767456,0.01088637113571167,0.020288086630577264,0.05313593018309737,0.06059726114367397,0.3267027672593303,0.30090477229802937,0.34929913902035886,0.02966904640197754,0.10552789938534834,-0.027155399322509766,-0.0631724140987121,41,-0.056394338607788086,-0.21046972682848342,0.037209302325581395,-0.017149567604068938,0.6093023255813953,0.6093023255813953,0.39069767441860465,0.0007703788,1.2839648,0.34745944,0.0,0.0
90,Basket,6,94,430,50,0.0,0.0,0.0,0.004651162790697674,0.0,0.016218974076116933,-0.07904791831969682,-0.06079047918319702,0.004651162790697674,0.0,0.016394565461486637,0.7142857313156128,0.007595956325531006,0.015141212801600612,0.05313593018309737,0.06059726114367397,0.24361582784640703,0.22335601494658713,0.2603585864974765,0.022328972816467285,0.10552789938534834,-0.0201454758644104,-0.0631724140987121,41,-0.04208695888519287,-0.21046972682848342,0.05813953488372093,-0.048628687858576214,0.6069767441860465,0.6069767441860465,0.3930232558139535,0.00055378705,0.9229784,0.26087964,0.002325581395348837,0.0
90,Basket,6,95,430,50,0.0,0.0,0.0,0.004651162790697674,0.0,0.015716280897772404,-0.06587624549865279,-0.05065876245498657,0.004651162790697674,0.0,0.015666821593099393,0.7142857313156128,0.006217837333679199,0.012589124746100848,0.05313593018309737,0.06059726114367397,0.20227351292332965,0.1860099536784989,0.21603302524653678,0.01902782917022705,0.10552789938534834,-0.016155004501342773,-0.0631724140987121,41,-0.034847378730773926,-0.21046972682848342,0.06976744186046512,-0.04052639007567915,0.6139534883720931,0.6139534883720931,0.386046511627907,0.0004464873,0.7441455,0.21732579,0.004651162790697674,0.0
90,Basket,6,96,430,50,0.0,0.0,0.0,0.0069767441860465115,0.0,0.022615920511649155,-0.05425429344176891,-0.040542542934417725,0.0069767441860465115,0.0,0.023376623376623377,0.7301587462425232,0.0055422186851501465,0.010000666629436404,0.05313593018309737,0.06059726114367397,0.16069635432095686,0.14730833542032992,0.17153177024151942,0.014339566230773926,0.10552789938534834,-0.013188481330871582,-0.0631724140987121,41,-0.027493417263031006,-0.21046972682848342,0.08372093023255814,-0.012137651443477893,0.6162790697674418,0.6162790697674418,0.38372093023255816,0.00034129468,0.56882447,0.17323023,0.004651162790697674,0.0
90,Basket,6,98,430,50,0.0,0.0,0.0,0.0069767441860465115,0.0,0.018824639289678133,-0.00655460357665838,-0.0200655460357666,0.0069767441860465115,0.0,0.018020935443215234,0.6984127163887024,0.0027797818183898926,0.004855108538339304,0.05313593018309737,0.06059726114367397,0.07835831492718871,0.07147544710124774,0.08413969653067892,0.006719231605529785,0.10552789938534834,-0.006061255931854248,-0.0631724140987121,41,-0.013530611991882324,-0.21046972682848342,0.37906976744186044,-0.0023167133331281065,0.6209302325581395,0.6209302325581395,0.37906976744186044,0.00014427259,0.24045432,0.08480177,0.07209302325581396,0.0
90,Basket,25,50,430,50,0.0,0.0,0.0,0.0,0.0,0.0,1.9994795322418213,-0.4800052046775818,0.0,0.0,0.0,,0.047876834869384766,0.05464127687520759,0.05313593018309737,0.06059726114367397,0.956552414501426,0.949103400258546,0.9621388837961137,0.10000717639923096,0.10552789938534834,-0.06785070896148682,-0.0631724140987121,41,-0.2164444923400879,-0.21046972682848342,0.002325581395348837,,0.6813953488372093,0.6813953488372093,0.3186046511627907,0.0051638526,2.065541,0.99787056,0.0,0.0
90,Basket,25,55,430,50,0.0,0.0,0.0,0.0,0.0,0.0,0.31721711158752,-0.44682782888412476,0.0,0.0,0.0,,0.047876834869384766,0.05464742890624113,0.05313593018309737,0.06059726114367397,0.956552414501426,0.9493702431883585,0.9621002784252798,0.10000717639923096,0.10552789938534834,-0.06785070896148682,-0.0631724140987121,41,-0.2206707000732422,-0.21046972682848342,0.0069767441860465115,,0.6813953488372093,0.6813953488372093,0.3186046511627907,0.005188559,2.075424,0.996332,0.0,0.0
90,Basket,25,60,430,50,0.0,0.0,0.0,0.0,0.0,0.0,0.3671193122863792,-0.39632880687713623,0.0,0.0,0.0,,0.047876834869384766,0.054377671591071194,0.05313593018309737,0.06059726114367397,0.9549487146817783,0.9487816680783444,0.9596908084847584,0.10000717639923096,0.10552789938534834,-0.06787121295928955,-0.0631724140987121,41,-0.22543412446975708,-0.21046972682848342,0.0069767441860465115,,0.6813953488372093,0.6813953488372093,0.3186046511627907,0.005249299,2.0997195,0.99261063,0.0,0.0
90,Basket,25,65,430,50,0.0,0.0,0.0,0.0,0.0,0.0,0.42574763298034446,-0.34574252367019653,0.0,0.0,0.0,,0.04738748073577881,0.05371514045914938,0.05313593018309737,0.06059726114367397,0.9479639204373105,0.9417754914390828,0.9542732235660719,0.09901154041290283,0.10552789938534834,-0.06811732053756714,-0.0631724140987121,41,-0.22494852542877197,-0.21046972682848342,0.009302325581395349,,0.6767441860465117,0.6767441860465117,0.32325581395348835,0.0054208487,2.1683395,0.9845919,0.0,0.0
90,Basket,25,70,430,50,0.0,0.0,0.0,0.0,0.0,0.0,0.14399766921997514,-0.2985600233078003,0.0,0.0,0.0,,0.046226680278778076,0.052637144715286965,0.05313593018309737,0.06059726114367397,0.929177009411309,0.9154488511588104,0.9415159117128027,0.09876680374145508,0.10552789938534834,-0.0833815336227417,-0.0631724140987121,41,-0.2087612748146057,-0.21046972682848342,0.009302325581395349,,0.6674418604651163,0.6674418604651163,0.3325581395348837,0.005738674,2.2954698,0.9675375,0.0,0.0
90,Basket,25,75,430,50,0.0,0.0,0.0,0.004651162790697674,0.0,0.016356721162579465,-0.04295706748962402,-0.25042957067489624,0.004651162790697674,0.0,0.014673548854477947,0.8015873432159424,0.03585207462310791,0.04898424800052199,0.05313593018309737,0.06059726114367397,0.8667350702691957,0.8402503225261445,0.8885361669007021,0.09251129627227783,0.10552789938534834,-0.08615392446517944,-0.0631724140987121,41,-0.18130606412887573,-0.21046972682848342,0.009302325581395349,-0.02872645854949951,0.6372093023255814,0.6372093023255814,0.3627906976744186,0.0067212037,2.6884816,0.91980106,0.0,0.0
90,Basket,25,80,430,50,0.0,0.0,0.0,0.002325581395348837,0.0,0.007595418621088478,-0.013916492462162644,-0.20013916492462158,0.002325581395348837,0.0,0.007444168734491315,0.7301587462425232,0.024560272693634033,0.042662253213483235,0.05313593018309737,0.06059726114367397,0.7405365383331516,0.7031576541122355,0.7718431900191993,0.07207465171813965,0.10552789938534834,-0.07153409719467163,-0.0631724140987121,41,-0.14584165811538696,-0.21046972682848342,0.009302325581395349,-0.013916492462162644,0.5883720930232558,0.5883720930232558,0.4116279069767442,0.0069397106,2.775884,0.80167973,0.0,0.0
90,Basket,25,85,430,50,0.0,0.0,0.0,0.004651162790697674,0.0,0.015667852223432904,-0.059822797775266334,-0.15059822797775269,0.004651162790697674,0.0,0.015625,0.7777777910232544,0.014259159564971924,0.03293783664703369,0.05313593018309737,0.06059726114367397,0.5663667655024162,0.5253712654039612,0.5999733734461357,0.053049445152282715,0.10552789938534834,-0.05405765771865845,-0.0631724140987121,41,-0.10938125848770142,-0.21046972682848342,0.020930232558139535,-0.051105618476865455,0.5813953488372093,0.5813953488372093,0.4186046511627907,0.005921661,2.3686643,0.6274577,0.0,0.0
90,Basket,25,88,430,50,0.0,0.0,0.0,0.004651162790697674,0.0,0.01534724094175504,-0.06089258193969771,-0.12060892581939697,0.004651162790697674,0.0,0.01781836621062679,0.7777777910232544,0.011716306209564209,0.026502830344577167,0.05313593018309737,0.06059726114367397,0.4542095302130366,0.4183334884185303,0.48861758053881055,0.040570855140686035,0.10552789938534834,-0.04237622022628784,-0.0631724140987121,41,-0.08750498294830322,-0.21046972682848342,0.020930232558139535,-0.04495131969451949,0.5837209302325581,0.5837209302325581,0.41627906976744183,0.004848549,1.9394196,0.5090032,0.0,0.0
90,Basket,25,90,430,50,0.0,0.0,0.0,0.004651162790697674,0.0,0.015425158349455383,-0.05941033363342507,-0.10059410333633423,0.004651162790697674,0.0,0.01574906755076668,0.7777777910232544,0.009759128093719482,0.021983646653419318,0.05313593018309737,0.06059726114367397,0.37704176504102005,0.3419391841451705,0.40454138566277953,0.033759355545043945,0.10552789938534834,-0.035323381423950195,-0.0631724140987121,41,-0.07292801141738892,-0.21046972682848342,0.023255813953488372,-0.03673672676086648,0.5837209302325581,0.5837209302325581,0.41627906976744183,0.0040323893,1.6129557,0.4269798,0.0,0.0
90,Basket,25,92,430,50,0.0,0.0,0.0,0.004651162790697674,0.0,0.015270111567821489,-0.03036689758301181,-0.08030366897583008,0.004651162790697674,0.0,0.015268149244430596,0.7222222089767456,0.007910549640655518,0.017570372099100156,0.05313593018309737,0.06059726114367397,0.30098004071448176,0.27482638237981905,0.3238857169907148,0.026316165924072266,0.10552789938534834,-0.02841395139694214,-0.0631724140987121,41,-0.057346463203430176,-0.21046972682848342,0.03953488372093023,-0.018931746482853118,0.586046511627907,0.586046511627907,0.413953488372093,0.00316791,1.2671641,0.34315434,0.0,0.0
90,Basket,25,94,430,50,0.0,0.0,0.0,0.004651162790697674,0.0,0.01554606541450777,-0.0779154300689644,-0.0607791543006897,0.004651162790697674,0.0,0.016447565327500854,0.7142857313156128,0.006388366222381592,0.01319208256033964,0.05313593018309737,0.06059726114367397,0.2251652439525332,0.2046510313104954,0.24109137626641663,0.020444035530090332,0.10552789938534834,-0.020760059356689453,-0.0631724140987121,41,-0.04279369115829468,-0.21046972682848342,0.06046511627906977,-0.05032444000243608,0.5790697674418605,0.5790697674418605,0.42093023255813955,0.002277272,0.9109088,0.25776652,0.002325581395348837,0.0
90,Basket,25,95,430,50,0.0,0.0,0.0,0.0069767441860465115,0.0,0.022443890274314215,-0.06696701049804243,-0.05066967010498047,0.0069767441860465115,0.0,0.02314225620138216,0.7301587462425232,0.005028843879699707,0.011065879810688108,0.05313593018309737,0.06059726114367397,0.18786709934922546,0.17046143440069017,0.2018144386540205,0.017129898071289062,0.10552789938534834,-0.016926050186157227,-0.0631724140987121,41,-0.03522932529449463,-0.21046972682848342,0.06744186046511629,-0.018943548202510208,0.5930232558139535,0.5930232558139535,0.4069767441860465,0.0018359417,0.7343767,0.2148376,0.004651162790697674,0.0
90,Basket,25,96,430,50,0.0,0.0,0.0,0.0069767441860465115,0.0,0.023440567735602092,-0.053568840026851916,-0.040535688400268555,0.0069767441860465115,0.0,0.02331757620617724,0.7301587462425232,0.0040244460105896,0.00884084147076274,0.05313593018309737,0.06059726114367397,0.1495723197277641,0.13647856206585576,0.16077944852178666,0.013370037078857422,0.10552789938534834,-0.013753235340118408,-0.0631724140987121,41,-0.027802228927612305,-0.21046972682848342,0.08837209302325581,-0.015153646469112658,0.5976744186046512,0.5976744186046512,0.40232558139534885,0.0014019858,0.5607943,0.17137574,0.0069767441860465115,0.0
90,Basket,25,98,430,50,0.0,0.0,0.0,0.0069767441860465115,0.0,0.01851959267852539,-0.010655403137205255,-0.02010655403137207,0.0069767441860465115,0.0,0.019189949764326465,0.6984127163887024,0.0021764636039733887,0.004337395069211028,0.05313593018309737,0.06059726114367397,0.07340433948912267,0.06639519392694923,0.0791373821575565,0.006217002868652344,0.10552789938534834,-0.006421923637390137,-0.0631724140987121,41,-0.013883709907531738,-0.21046972682848342,0.40232558139534885,-0.004921436309812677,0.5976744186046512,0.5976744186046512,0.40232558139534885,0.0005944343,0.23777375,0.08397197,0.07209302325581396,0.0
180,All equity (ex-basket),6,50,3188,99,0.0009410288582183187,0.0,0.002087760617375406,0.00439146800501882,0.0012697809161687488,0.008815992238921743,-3.3654332160949707,-0.5336543321609497,0.00439146800501882,0.0012426122845912951,0.008665072598920466,0.7857142686843872,0.06556570529937744,0.09138725215622891,0.06715918362379714,0.09492904184627467,0.9911220893546253,0.9883497828652084,0.992902828404619,0.1390010118484497,0.1403690854727626,-0.10308212041854858,-0.10014128949734324,540,-0.20362582802772522,-0.19256146371545912,0.012233375156838143,-0.29902756214141846,0.6593475533249686,0.6593475533249686,0.34065244667503136,0.0012970405,2.161734,0.9883157,0.0,0.0
180,All equity (ex-basket),6,55,3188,99,0.0012547051442910915,0.0,0.0025741538705539553,0.0056461731493099125,0.001961433376920742,0.01048849553409773,-4.710750579833989,-0.49710750579833984,0.0056461731493099125,0.0019453524260920401,0.010779172211604847,0.7857142686843872,0.06543076038360596,0.09059024971431891,0.06715918362379714,0.09492904184627467,0.9854988323844472,0.9774009137375387,0.9905629635514689,0.13788747787475586,0.1403690854727626,-0.10480976104736328,-0.10014128949734324,540,-0.21246567368507385,-0.19256146371545912,0.016624843161856962,-0.20651102066040483,0.6571518193224593,0.6571518193224593,0.3428481806775408,0.0013192315,2.1987188,0.9814326,0.0,0.0
180,All equity (ex-basket),6,60,3188,99,0.0012547051442910915,0.00030272994814063253,0.002530224821275,0.006900878293601004,0.0026299557922090456,0.012882532113226175,-9.710750579833983,-0.49710750579833984,0.006900878293601004,0.002753335857967076,0.013262775237948627,0.7380952835083008,0.0631360411643982,0.08915663563846196,0.06715918362379714,0.09492904184627467,0.9748397828895234,0.9663776490193681,0.9815804950980291,0.13689100742340088,0.1403690854727626,-0.10787969827651978,-0.10014128949734324,540,-0.23343896865844727,-0.19256146371545912,0.021957340025094103,-0.15244841575622337,0.6524466750313677,0.6524466750313677,0.3475533249686324,0.0013685236,2.2808723,0.97148454,0.0,0.0
180,All equity (ex-basket),6,65,3188,99,0.002509410288582183,0.0008927493102961717,0.00434384651685153,0.0075282308657465494,0.0031170468193725104,0.01262695907812715,-8.278002738952638,-0.43278002738952637,0.0075282308657465494,0.0029582169547822147,0.013690894867225868,0.579365074634552,0.060652315616607666,0.08665005832798359,0.06715918362379714,0.09492904184627467,0.9543566900125471,0.9406157608134998,0.9651773650301427,0.13568127155303955,0.1403690854727626,-0.1201256513595581,-0.10014128949734324,540,-0.23101547360420227,-0.19256146371545912,0.027289836888331243,-0.18798649311065896,0.6433500627352572,0.6433500627352572,0.3566499372647428,0.0014581823,2.4303038,0.9547943,0.0003136762860727729,0.0
180,All equity (ex-basket),6,70,3188,99,0.002509410288582183,0.0006345026828738526,0.005094561458631916,0.00878293601003764,0.0035844542457128792,0.015746047534195957,-10.057474374771115,-0.4005747437477112,0.00878293601003764,0.0033576779776451266,0.01573332100172581,0.5436508059501648,0.05646485090255737,0.08299666529093662,0.06715918362379714,0.09492904184627467,0.9192908191384186,0.8998194531903821,0.9353648738026352,0.12862825393676758,0.1403690854727626,-0.13182157278060913,-0.10014128949734324,540,-0.2117774784564972,-0.19256146371545912,0.034190715181932244,-0.17199933528899702,0.624215809284818,0.624215809284818,0.37578419071518193,0.0016357363,2.7262273,0.9250144,0.0009410288582183187,0.0
180,All equity (ex-basket),6,75,3188,99,0.003450439146800502,0.0008891325941956458,0.006614337741997316,0.010351317440401506,0.004854195907768374,0.017374991007954404,-15.291458368301392,-0.4029145836830139,0.010351317440401506,0.004649541129667782,0.01755839870031132,0.460317462682724,0.04428434371948242,0.07832911290892094,0.06715918362379714,0.09492904184627467,0.8560489514652843,0.8333157886292306,0.877700010125137,0.11977779865264893,0.1403690854727626,-0.12187343835830688,-0.10014128949734324,540,-0.18136852979660034,-0.19256146371545912,0.04265997490589712,-0.14078021049499512,0.5937892095357591,0.5937892095357591,0.4062107904642409,0.0019616347,3.2693913,0.8682958,0.0012547051442910915,0.0
180,All equity (ex-basket),6,80,3188,99,0.0040777917189460475,0.001270841157042301,0.008158977802268153,0.010978670012547051,0.0046928450435436,0.018998644546091625,-21.772335767745975,-0.4177233576774597,0.010978670012547051,0.004645605304324686,0.0186924355800687,0.5079365372657776,0.022757232189178467,0.07027767632282812,0.06715918362379714,0.09492904184627467,0.7469959264380385,0.7191589264403604,0.7713807882204693,0.09473645687103271,0.1403690854727626,-0.10252261161804199,-0.10014128949734324,540,-0.1463557481765747,-0.19256146371545912,0.04799247176913425,-0.18373012542725053,0.5661856963613551,0.5661856963613551,0.4338143036386449,0.0021297222,3.5495377,0.76308334,0.0018820577164366374,0.0
180,All equity (ex-basket),6,85,3188,99,0.003450439146800502,0.0007374495405664499,0.007584574599432519,0.01191969887076537,0.00552465868382713,0.01943557844857895,-24.09301161766052,-0.3909301161766052,0.01191969887076537,0.005469309985029261,0.020162907802581728,0.5317460298538208,0.013768255710601807,0.057464714125827085,0.06715918362379714,0.09492904184627467,0.5952700599928815,0.5675210822450191,0.621999154299306,0.060257673263549805,0.1403690854727626,-0.07796478271484375,-0.10014128949734324,540,-0.11083921790122986,-0.19256146371545912,0.05959849435382685,-0.09386897087096946,0.5567754077791719,0.5567754077791719,0.4432245922208281,0.0019323915,3.2206526,0.60994214,0.002509410288582183,0.0
180,All equity (ex-basket),6,88,3188,99,0.0028230865746549563,0.000668313357846577,0.006016114946380332,0.012547051442910916,0.005841642966117139,0.021399697982599,-12.827706813812256,-0.24827706813812256,0.012547051442910916,0.005550864937016219,0.020643444748823264,0.567460298538208,0.010277509689331055,0.047861669824892185,0.06715918362379714,0.09492904184627467,0.4892760080606488,0.46368908398352576,0.5133503192667068,0.047156572341918945,0.1403690854727626,-0.06235861778259277,-0.10014128949734324,540,-0.08882451057434082,-0.19256146371545912,0.06649937264742785,-0.0734721422195439,0.5517565872020075,0.5517565872020075,0.44824341279799246,0.0016562119,2.760353,0.50197554,0.0037641154328732747,0.0
180,All equity (ex-basket),6,90,3188,99,0.002509410288582183,0.0006199484023525946,0.005003048161798449,0.012233375156838143,0.005468468468468469,0.020211864406779658,-10.514255762100222,-0.2051425576210022,0.012233375156838143,0.0052352603447568796,0.02074988139405427,0.5317460298538208,0.008425116539001465,0.04110533172916738,0.06715918362379714,0.09492904184627467,0.41605540020537657,0.3917113957599396,0.43891032078456826,0.039053916931152344,0.1403690854727626,-0.05189591646194458,-0.10014128949734324,540,-0.07355296611785889,-0.19256146371545912,0.07779171894604768,-0.10161638259887917,0.5508155583437893,0.5508155583437893,0.4491844416562108,0.0014132168,2.3553612,0.42527577,0.0056461731493099125,0.0
180,All equity (ex-basket),6,92,3188,99,0.002509410288582183,0.0006433875683076961,0.004961204808026709,0.012860727728983688,0.005425555053529325,0.021654360666118783,-8.335594654083256,-0.16335594654083252,0.012860727728983688,0.005366119282920719,0.02149495552840141,0.5555555820465088,0.006928980350494385,0.033753567799421,0.06715918362379714,0.09492904184627467,0.3386421921064541,0.31587617099622406,0.3591112213293431,0.031050682067871094,0.1403690854727626,-0.04175901412963867,-0.10014128949734324,540,-0.05858930945396423,-0.19256146371545912,0.09096612296110414,-0.06981325149536532,0.5514429109159348,0.5514429109159348,0.4485570890840652,0.0011403407,1.900568,0.34552845,0.009096612296110414,0.0
180,All equity (ex-basket),6,94,3188,99,0.00219573400250941,0.0003559890810223388,0.004770430781460192,0.014429109159347553,0.006609957214038128,0.025376486273824092,-6.246167659759516,-0.12246167659759521,0.014429109159347553,0.006812235109625438,0.023820570176119594,0.579365074634552,0.005198240280151367,0.02557382075445565,0.06715918362379714,0.09492904184627467,0.2553908930048678,0.23457917227136438,0.2778729943641961,0.02310037612915039,0.1403690854727626,-0.031097412109375,-0.10014128949734324,540,-0.043902426958084106,-0.19256146371545912,0.12045169385194479,-0.07123672962188188,0.5517565872020075,0.5517565872020075,0.44824341279799246,0.00084670424,1.4111738,0.26276755,0.015370138017565873,0.0
180,All equity (ex-basket),6,95,3188,99,0.0018820577164366374,0.00028809726396568066,0.004055906098685429,0.01631116687578419,0.008222467217198647,0.02665954625388481,-5.300928354263301,-0.10300928354263306,0.01631116687578419,0.007778747057549543,0.026913932744450485,0.567460298538208,0.004164218902587891,0.02145331209920431,0.06715918362379714,0.09492904184627467,0.21361701597002972,0.19217513591727736,0.2324604958985277,0.019040346145629883,0.1403690854727626,-0.0257224440574646,-0.10014128949734324,540,-0.036561787128448486,-0.19256146371545912,0.14554579673776663,-0.06566762924193892,0.548306148055207,0.548306148055207,0.451693851944793,0.00069448963,1.1574827,0.2203012,0.020075282308657464,0.0
180,All equity (ex-basket),6,96,3188,99,0.0018820577164366374,0.0003120873366586179,0.003988736601440657,0.016624843161856962,0.007386321620332869,0.02765892338845163,-4.118319511413571,-0.08118319511413574,0.016624843161856962,0.007871078868182816,0.028735443867520284,0.5873016119003296,0.003455519676208496,0.01732866473524005,0.06715918362379714,0.09492904184627467,0.1716788421346418,0.15464102850528835,0.18784428777132847,0.015227079391479492,0.1403690854727626,-0.020448744297027588,-0.10014128949734324,540,-0.02913394570350647,-0.19256146371545912,0.1841279799247177,-0.03816103935241344,0.5498745294855709,0.5498745294855709,0.4501254705144291,0.00053844333,0.8974055,0.17715466,0.031994981179422836,0.0
180,All equity (ex-basket),6,98,3188,99,0.0003136762860727729,0.0,0.0010666247954489354,0.028544542032622335,0.016683129206309422,0.04430126848979691,-1.4230887889862043,-0.03423088788986206,0.028858218318695106,0.016997916376872074,0.04203904177273157,0.6031745672225952,0.0017839670181274414,0.008626739121739807,0.06715918362379714,0.09492904184627467,0.08505164511527158,0.07469980923485815,0.09493307765199158,0.007607102394104004,0.1403690854727626,-0.00994563102722168,-0.10014128949734324,540,-0.014361262321472168,-0.19256146371545912,0.44761606022584693,-0.02957987785339178,0.5520702634880803,0.5523839397741531,0.44761606022584693,0.00023427691,0.39046153,0.08826029,0.15087829360100377,0.0
180,All equity (ex-basket),25,50,3188,99,0.0009410288582183187,0.0,0.002065521290319434,0.00439146800501882,0.0013806317901068124,0.008815206629937502,-3.3816248178482056,-0.5338162481784821,0.00439146800501882,0.0013544050111159794,0.008678755233907438,0.7857142686843872,0.06151801347732544,0.08707154745065433,0.06715918362379714,0.09492904184627467,0.9695771688189762,0.9657320809143789,0.9723448170021305,0.1346743106842041,0.1403690854727626,-0.10648924112319946,-0.10014128949734324,540,-0.20688658952713013,-0.19256146371545912,0.012860727728983688,-0.3280147910118103,0.653387703889586,0.653387703889586,0.34661229611041405,0.0053976197,2.159048,0.9879739,0.0,0.0
180,All equity (ex-basket),25,55,3188,99,0.0012547051442910915,0.00029449484449981683,0.002507397106368711,0.0056461731493099125,0.0019446749958030064,0.010553947220537725,-4.901783466339116,-0.4990178346633911,0.0056461731493099125,0.001737287419890356,0.010515035624929659,0.726190447807312,0.06125366687774658,0.08622145867781478,0.06715918362379714,0.09492904184627467,0.9637769873262367,0.9550410240038816,0.9691194910783776,0.13349056243896484,0.1403690854727626,-0.10821026563644409,-0.10014128949734324,540,-0.21778514981269836,-0.19256146371545912,0.01756587202007528,-0.19568383693695512,0.6499372647427855,0.6499372647427855,0.35006273525721454,0.0054891435,2.1956575,0.98092496,0.0,0.0
180,All equity (ex-basket),25,60,3188,99,0.0015683814303638645,0.0003362052925285563,0.003146011946485458,0.006900878293601004,0.0027827784106605946,0.013063516718538393,-9.90178346633911,-0.4990178346633911,0.006900878293601004,0.002780932738201001,0.013266371556183662,0.6944444179534912,0.058772921562194824,0.0845477008161461,0.06715918362379714,0.09492904184627467,0.9521986733942764,0.9433605882198882,0.9592070204174676,0.1325223445892334,0.1403690854727626,-0.11212813854217529,-0.10014128949734324,540,-0.23873159289360046,-0.19256146371545912,0.022898368883312422,-0.19358158111572044,0.644918444165621,0.644918444165621,0.35508155583437895,0.0056970147,2.2788057,0.970631,0.0,0.0
180,All equity (ex-basket),25,65,3188,99,0.002509410288582183,0.0007757822460458129,0.0045086210295049835,0.0075282308657465494,0.003075322547575748,0.013527000423565945,-8.493473529815676,-0.43493473529815674,0.0075282308657465494,0.0030589619036883306,0.013621091046401886,0.579365074634552,0.0562969446182251,0.08166454537973798,0.06715918362379714,0.09492904184627467,0.9301125656294377,0.9172013838690667,0.9417347494327443,0.1309199333190918,0.1403690854727626,-0.12468200922012329,-0.10014128949734324,540,-0.23647922277450562,-0.19256146371545912,0.028858218318695106,-0.13569235801697,0.6351944792973652,0.6351944792973652,0.3648055207026349,0.006074143,2.4296575,0.9533048,0.0003136762860727729,0.0
180,All equity (ex-basket),25,70,3188,99,0.0028230865746549563,0.0007112348652334073,0.005955252090476307,0.009410288582183186,0.0038360613810741687,0.017878279472369165,-10.285176038742062,-0.40285176038742065,0.009410288582183186,0.0035541211489078786,0.01712403485050231,0.5436508059501648,0.05094265937805176,0.07733780373743218,0.06715918362379714,0.09492904184627467,0.8912705161644475,0.8707666690780342,0.9085474517150736,0.12391507625579834,0.1403690854727626,-0.13947641849517822,-0.10014128949734324,540,-0.21616488695144653,-0.19256146371545912,0.03544542032622334,-0.19244968891143355,0.613237139272271,0.613237139272271,0.386762860727729,0.00682373,2.729492,0.9221848,0.0012547051442910915,0.0
180,All equity (ex-basket),25,75,3188,99,0.0037641154328732747,0.001241441353008139,0.007061393008708828,0.010351317440401506,0.004530931626724382,0.017800790452889143,-15.554183721542358,-0.4055418372154236,0.010351317440401506,0.0047787770278907285,0.017303595925807602,0.5,0.03626370429992676,0.07138632211736036,0.06715918362379714,0.09492904184627467,0.8191599495904283,0.7938785213662075,0.8420753191305086,0.11232471466064453,0.1403690854727626,-0.12867051362991333,-0.10014128949734324,540,-0.18519866466522217,-0.19256146371545912,0.04328732747804266,-0.12279152870178223,0.578732747804266,0.578732747804266,0.421267252195734,0.0082047675,3.2819068,0.8626624,0.0012547051442910915,0.0
180,All equity (ex-basket),25,80,3188,99,0.0040777917189460475,0.0013699097082607746,0.007989533880189602,0.01191969887076537,0.0057852796603829176,0.020242947503720743,-22.33057498931885,-0.4233057498931885,0.01191969887076537,0.0057502607745579535,0.01962682476570523,0.5039682388305664,0.01391911506652832,0.06259882610894207,0.06715918362379714,0.09492904184627467,0.7027358094328596,0.6730701612682696,0.7281802557469778,0.08499705791473389,0.1403690854727626,-0.10712045431137085,-0.10014128949734324,540,-0.14956635236740112,-0.19256146371545912,0.04987452948557089,-0.12647092342377153,0.5432873274780426,0.5436010037641155,0.4563989962358846,0.008841081,3.5364318,0.7548177,0.00219573400250941,0.0
180,All equity (ex-basket),25,85,3188,99,0.003450439146800502,0.0007061649558367152,0.007727483876683592,0.012233375156838143,0.005516358857300962,0.020154540286297692,-20.70241332054138,-0.3570241332054138,0.012233375156838143,0.005826480347395348,0.01982321048391774,0.5079365372657776,0.0076500773429870605,0.0503042830128592,0.06715918362379714,0.09492904184627467,0.5518774637208863,0.5206786490849387,0.5770175745742091,0.05234670639038086,0.1403690854727626,-0.08168238401412964,-0.10014128949734324,540,-0.11255669593811035,-0.19256146371545912,0.06179422835633626,-0.10029435157775657,0.5319949811794228,0.5319949811794228,0.46800501882057716,0.007965878,3.186351,0.6010508,0.0028230865746549563,0.0
180,All equity (ex-basket),25,88,3188,99,0.003136762860727729,0.0008708383936874643,0.006561727869131804,0.012547051442910916,0.006006411812486579,0.02071024037627318,-11.888301849365234,-0.23888301849365234,0.012547051442910916,0.006289846096722926,0.020595726929055695,0.5436508059501648,0.005458950996398926,0.04171681796741605,0.06715918362379714,0.09492904184627467,0.45142094587087506,0.42353295219363374,0.47525233886457147,0.04132652282714844,0.1403690854727626,-0.06488674879074097,-0.10014128949734324,540,-0.08971023559570312,-0.19256146371545912,0.0705771643663739,-0.06971108913421675,0.5285445420326224,0.5285445420326224,0.47145545796737764,0.0067976196,2.7190478,0.4939099,0.0037641154328732747,0.0
180,All equity (ex-basket),25,90,3188,99,0.002509410288582183,0.0006103392731299708,0.005144984679280398,0.012860727728983688,0.005320996605477375,0.021326405509695695,-9.842886924743654,-0.19842886924743652,0.012860727728983688,0.005725749551192253,0.02180536272546056,0.5317460298538208,0.0043444037437438965,0.03579291512481541,0.06715918362379714,0.09492904184627467,0.38296830916373265,0.35348816637875047,0.40755980174758594,0.03411436080932617,0.1403690854727626,-0.054180026054382324,-0.10014128949734324,540,-0.07460087537765503,-0.19256146371545912,0.07967377666248432,-0.09158492088318093,0.5316813048933501,0.5316813048933501,0.4683186951066499,0.0057879942,2.3151977,0.41816962,0.005959849435382685,0.0
180,All equity (ex-basket),25,92,3188,99,0.002509410288582183,0.0006479321495810722,0.005210463213226389,0.013488080301129234,0.006221604087105158,0.02334124979346621,-7.8887445926666295,-0.15888744592666626,0.013488080301129234,0.006087839813060515,0.022799038811685792,0.5476190447807312,0.003710508346557617,0.02932186305074201,0.06715918362379714,0.09492904184627467,0.31076398233738695,0.2875252780304262,0.33286821452827015,0.027275443077087402,0.1403690854727626,-0.04309481382369995,-0.10014128949734324,540,-0.059504032135009766,-0.19256146371545912,0.0937892095357591,-0.053272962570194426,0.5319949811794228,0.5319949811794228,0.46800501882057716,0.0046659443,1.8663776,0.3395633,0.009096612296110414,0.0
180,All equity (ex-basket),25,94,3188,99,0.00219573400250941,0.0003502257195677543,0.004419692608473657,0.014742785445420327,0.007063935496127071,0.024908029115982572,-5.797362565994257,-0.11797362565994263,0.015056461731493099,0.007278485989288847,0.02481258848577202,0.5714285373687744,0.0030535459518432617,0.022256529428429407,0.06715918362379714,0.09492904184627467,0.23430772674025033,0.21351569364045048,0.2552186329840714,0.02064657211303711,0.1403690854727626,-0.03217202425003052,-0.10014128949734324,540,-0.044566810131073,-0.19256146371545912,0.12547051442910917,-0.056118011474604046,0.5313676286072773,0.5313676286072773,0.46863237139272274,0.0034605293,1.3842115,0.2582312,0.015683814303638646,0.0
180,All equity (ex-basket),25,95,3188,99,0.0015683814303638645,0.0002964282946290164,0.003448424751354892,0.01725219573400251,0.008825501536488133,0.02782141892309008,-4.849560260772701,-0.09849560260772705,0.01725219573400251,0.00877708969804388,0.028502884705445024,0.5873016119003296,0.002601444721221924,0.018784775675614474,0.06715918362379714,0.09492904184627467,0.19663306098908803,0.17667585415161846,0.21579409468459793,0.0172044038772583,0.1403690854727626,-0.02656567096710205,-0.10014128949734324,540,-0.037158578634262085,-0.19256146371545912,0.15213299874529485,-0.035424232482905715,0.5335633626097867,0.5335633626097867,0.4664366373902133,0.002833548,1.1334192,0.21654916,0.02070263488080301,0.0
180,All equity (ex-basket),25,96,3188,99,0.0018820577164366374,0.00031102991605730124,0.004060330789629152,0.0185069008782936,0.00830003681677746,0.030862432457842752,-3.804411649703976,-0.0780441164970398,0.0185069008782936,0.009014910888108076,0.030174830574381813,0.6428571343421936,0.0023815035820007324,0.015206929170053307,0.06715918362379714,0.09492904184627467,0.15808738459138094,0.1414585499513298,0.17438756231545843,0.013643503189086914,0.1403690854727626,-0.020984351634979248,-0.10014128949734324,540,-0.029487282037734985,-0.19256146371545912,0.19259723964868256,-0.03506159782409313,0.5357590966122961,0.5357590966122961,0.4642409033877039,0.0021993807,0.87975234,0.17424741,0.033249686323713924,0.0
180,All equity (ex-basket),25,98,3188,99,0.0003136762860727729,0.0,0.00103253473062963,0.030112923462986198,0.017974368051975418,0.045239781092471475,-1.3670008182525617,-0.033670008182525635,0.030112923462986198,0.017932609111835907,0.046536460552412666,0.5952380895614624,0.0013415813446044922,0.007728445055045029,0.06715918362379714,0.09492904184627467,0.07935002589652805,0.07016221708277108,0.0880816974416395,0.007024288177490234,0.1403690854727626,-0.010188937187194824,-0.10014128949734324,540,-0.014532804489135742,-0.19256146371545912,0.45890840652446674,-0.03148126602172674,0.5410915934755333,0.5410915934755333,0.45890840652446674,0.00095660816,0.38264325,0.0870132,0.15903387703889585,0.0
180,Index/ETF,6,50,1204,99,0.0,0.0,0.0,0.0,0.0,0.0,0.796055793762207,-0.49203944206237793,0.0,0.0,0.0,,0.053998351097106934,0.052168188301035735,0.055264282256709873,0.05400694943695231,0.989718291246325,0.9886526305293716,0.990719948866608,0.0982201099395752,0.09953911209734101,-0.08263659477233887,-0.0797941735128318,161,-0.1710405945777893,-0.1690347831907606,0.0016611295681063123,,0.6735880398671097,0.6735880398671097,0.32641196013289037,0.0012508048,2.0846746,0.9974221,0.0,0.0
180,Index/ETF,6,55,1204,99,0.0,0.0,0.0,0.0,0.0,0.0,0.5518090724945024,-0.44448190927505493,0.0,0.0,0.0,,0.053998351097106934,0.05154232220396251,0.055264282256709873,0.05400694943695231,0.9893711827434196,0.9883217031461107,0.9903050312571431,0.0982201099395752,0.09953911209734101,-0.08263659477233887,-0.0797941735128318,161,-0.17668521404266357,-0.1690347831907606,0.004152823920265781,,0.6727574750830565,0.6727574750830565,0.3272425249169435,0.0012705092,2.117515,0.9935809,0.0,0.0
180,Index/ETF,6,60,1204,99,0.0,0.0,0.0,0.0,0.0,0.0,0.3877365589141868,-0.39612263441085815,0.0,0.0,0.0,,0.05390942096710205,0.050789868564304716,0.055264282256709873,0.05400694943695231,0.9852190510056257,0.9811625615253694,0.988403432594775,0.09807980060577393,0.09953911209734101,-0.08435261249542236,-0.0797941735128318,161,-0.1840904951095581,-0.1690347831907606,0.005813953488372093,,0.6719269102990033,0.6719269102990033,0.3280730897009967,0.001299908,2.1665132,0.9875815,0.0,0.0
180,Index/ETF,6,65,1204,99,0.0,0.0,0.0,0.0,0.0,0.0,0.2646243572235085,-0.3473537564277649,0.0,0.0,0.0,,0.053075313568115234,0.04982196789643297,0.055264282256709873,0.05400694943695231,0.9754159759423322,0.9665486233593339,0.9827638757715548,0.09787452220916748,0.09953911209734101,-0.08884495496749878,-0.0797941735128318,161,-0.19860434532165527,-0.1690347831907606,0.008305647840531562,,0.6669435215946844,0.6669435215946844,0.3330564784053156,0.0013580295,2.2633824,0.9772996,0.0,0.0
180,Index/ETF,6,70,1204,99,0.0,0.0,0.0,0.0008305647840531562,0.0,0.002746050838457059,-0.817860364913936,-0.3081786036491394,0.0008305647840531562,0.0,0.002680965147453083,0.579365074634552,0.051422178745269775,0.048291106507231625,0.055264282256709873,0.05400694943695231,0.9544196643342087,0.9405865093302391,0.9667000833065271,0.09672689437866211,0.09953911209734101,-0.10184580087661743,-0.0797941735128318,161,-0.1851736307144165,-0.1690347831907606,0.012458471760797342,-0.817860364913936,0.6578073089700996,0.6578073089700996,0.34219269102990035,0.0014950795,2.4917994,0.9558564,0.0,0.0
180,Index/ETF,6,75,1204,99,0.0008305647840531562,0.0,0.002933202033698311,0.0008305647840531562,0.0,0.002941721132897603,-5.844020843505859,-0.3084402084350586,0.0008305647840531562,0.0,0.0030184135113712576,0.579365074634552,0.042442262172698975,0.0459852836951861,0.055264282256709873,0.05400694943695231,0.8951767286412685,0.8744377597597239,0.9141345693631154,0.09182000160217285,0.09953911209734101,-0.09839737415313721,-0.0797941735128318,161,-0.16375833749771118,-0.1690347831907606,0.01744186046511628,-5.844020843505859,0.6254152823920266,0.6254152823920266,0.3745847176079734,0.0017836702,2.9727836,0.9063003,0.0,0.0
180,Index/ETF,6,80,1204,99,0.0008305647840531562,0.0,0.003027117245430534,0.0008305647840531562,0.0,0.002912126481476625,-7.569037675857548,-0.27569037675857544,0.0008305647840531562,0.0,0.0026931192927166347,0.579365074634552,0.027533113956451416,0.0405171966037877,0.055264282256709873,0.05400694943695231,0.7674992616941336,0.7381481583840249,0.7895681704451472,0.07187056541442871,0.09953911209734101,-0.08011263608932495,-0.0797941735128318,161,-0.13142997026443481,-0.1690347831907606,0.01910299003322259,-7.569037675857548,0.6079734219269103,0.6079734219269103,0.3920265780730897,0.0019332252,3.2220418,0.7932046,0.0,0.0
180,Index/ETF,6,85,1204,99,0.0008305647840531562,0.0,0.002775465820103638,0.0008305647840531562,0.0,0.002809452075104046,-4.986677169799803,-0.19986677169799805,0.0008305647840531562,0.0,0.002693669623077912,0.579365074634552,0.018749713897705078,0.03231758963428066,0.055264282256709873,0.05400694943695231,0.5978584992082883,0.5683791213932547,0.6225328976802098,0.05087316036224365,0.09953911209734101,-0.06003957986831665,-0.0797941735128318,161,-0.09832870960235596,-0.1690347831907606,0.026578073089700997,-4.986677169799803,0.6021594684385382,0.6021594684385382,0.3978405315614618,0.0016427998,2.738,0.62167776,0.0,0.0
180,Index/ETF,6,88,1204,99,0.0008305647840531562,0.0,0.0026602292424617604,0.0008305647840531562,0.0,0.0028931002194177743,-3.952914953231812,-0.15952914953231812,0.0008305647840531562,0.0,0.002840081380716626,0.579365074634552,0.01487112045288086,0.02635503414263361,0.055264282256709873,0.05400694943695231,0.4836488450530002,0.45615314382121025,0.5065776734758751,0.04078173637390137,0.09953911209734101,-0.04801303148269653,-0.0797941735128318,161,-0.07836008071899414,-0.1690347831907606,0.030730897009966777,-3.952914953231812,0.6021594684385382,0.6021594684385382,0.3978405315614618,0.0013353531,2.2255886,0.50431424,0.0,0.0
180,Index/ETF,6,90,1204,99,0.0008305647840531562,0.0,0.002877014420573611,0.0008305647840531562,0.0,0.002791618262718365,-3.2844388484954856,-0.13284438848495483,0.0008305647840531562,0.0,0.0027174528952658757,0.579365074634552,0.012549757957458496,0.02200948652436963,0.055264282256709873,0.05400694943695231,0.4035357678358339,0.37827261386876915,0.4234184451478597,0.034171104431152344,0.09953911209734101,-0.03995537757873535,-0.0797941735128318,161,-0.06523454189300537,-0.1690347831907606,0.03903654485049834,-3.2844388484954856,0.6021594684385382,0.6021594684385382,0.3978405315614618,0.0011025391,1.837565,0.42285487,0.0,0.0
180,Index/ETF,6,92,1204,99,0.0008305647840531562,0.0,0.002755266494554009,0.0008305647840531562,0.0,0.0027080115877590764,-2.639876127243046,-0.10639876127243042,0.0008305647840531562,0.0,0.0027656199764226766,0.579365074634552,0.00985860824584961,0.017661648929317132,0.055264282256709873,0.05400694943695231,0.3229805225469415,0.30397507059364476,0.3402242474679234,0.027355670928955078,0.09953911209734101,-0.03126037120819092,-0.0797941735128318,161,-0.051926493644714355,-0.1690347831907606,0.046511627906976744,-2.639876127243046,0.6029900332225914,0.6029900332225914,0.39700996677740863,0.0008546781,1.4244634,0.33983234,0.0,0.0
180,Index/ETF,6,94,1204,99,0.0008305647840531562,0.0,0.002770859036135229,0.0016611295681063123,0.0,0.004232916330373958,-1.9802036285400337,-0.07980203628540039,0.0016611295681063123,0.0,0.0041668405676126875,0.6865079402923584,0.007346510887145996,0.013086791747432214,0.055264282256709873,0.05400694943695231,0.23985537784823088,0.22442273231246676,0.25247459484873724,0.020254850387573242,0.09953911209734101,-0.023439645767211914,-0.0797941735128318,161,-0.038633644580841064,-0.1690347831907606,0.06395348837209303,-1.032796740531916,0.6038205980066446,0.6038205980066446,0.3961794019933555,0.0006073738,1.0122895,0.2554249,0.0033222591362126247,0.0
180,Index/ETF,6,95,1204,99,0.0008305647840531562,0.0,0.002615920249621438,0.0033222591362126247,0.0,0.007495011491541345,-1.6379666328430131,-0.06637966632843018,0.0033222591362126247,0.0,0.007849756739832046,0.7976190447807312,0.0062555670738220215,0.01078747455463853,0.055264282256709873,0.05400694943695231,0.19818281106675995,0.18645434749952208,0.20825104802120548,0.016858339309692383,0.09953911209734101,-0.019435107707977295,-0.0797941735128318,161,-0.0321577787399292,-0.1690347831907606,0.08471760797342193,-0.043375492095942825,0.6021594684385382,0.6021594684385382,0.3978405315614618,0.00048755144,0.8125858,0.21258722,0.005813953488372093,0.0
180,Index/ETF,6,96,1204,99,0.0008305647840531562,0.0,0.002765490417570568,0.004152823920265781,0.0007484284173702623,0.008662016995350325,-1.305886268615719,-0.05305886268615723,0.004152823920265781,0.0007473702013081177,0.008547008547008548,0.8015872836112976,0.005094647407531738,0.008595028192894007,0.055264282256709873,0.05400694943695231,0.1577147885708111,0.14853216069320846,0.16524334541488908,0.013540863990783691,0.09953911209734101,-0.015535295009613037,-0.0797941735128318,161,-0.02573174238204956,-0.1690347831907606,0.11378737541528239,-0.010391235351558947,0.6004983388704319,0.6004983388704319,0.3995016611295681,0.00036871433,0.6145239,0.16952237,0.012458471760797342,0.0
180,Index/ETF,6,98,1204,99,0.0,0.0,0.0,0.006644518272425249,0.0009781896913928392,0.013801117612718001,-0.6313960552215558,-0.026313960552215576,0.007475083056478406,0.0017885122876463797,0.014730252496209942,0.9444444179534912,0.0026107430458068848,0.00416921990060331,0.055264282256709873,0.05400694943695231,0.07667954860214612,0.07232858440726948,0.08004434349889848,0.006837368011474609,0.09953911209734101,-0.007542669773101807,-0.0797941735128318,161,-0.012663304805755615,-0.1690347831907606,0.3945182724252492,-0.01354324817657293,0.6046511627906976,0.6054817275747508,0.3945182724252492,0.00015087017,0.25145027,0.082726575,0.09302325581395349,0.0
180,Index/ETF,25,50,1204,99,0.0,0.0,0.0,0.0,0.0,0.0,0.7340729236602783,-0.4926592707633972,0.0,0.0,0.0,,0.04999452829360962,0.048085568503683986,0.055264282256709873,0.05400694943695231,0.9572003001243654,0.952418340102372,0.9612484707903731,0.09404826164245605,0.09953911209734101,-0.08612138032913208,-0.0797941735128318,161,-0.1741895079612732,-0.1690347831907606,0.0024916943521594683,,0.6636212624584718,0.6636212624584718,0.33637873754152825,0.005208428,2.0833712,0.99730825,0.0,0.0
180,Index/ETF,25,55,1204,99,0.0,0.0,0.0,0.0,0.0,0.0,0.5062949657440141,-0.4449370503425598,0.0,0.0,0.0,,0.04999452829360962,0.04741555477099561,0.055264282256709873,0.05400694943695231,0.9567520626535351,0.9520597746622156,0.9605794313977263,0.09404826164245605,0.09953911209734101,-0.08612138032913208,-0.0797941735128318,161,-0.18027204275131226,-0.1690347831907606,0.0049833887043189366,,0.6627906976744186,0.6627906976744186,0.3372093023255814,0.0052869837,2.1147935,0.993263,0.0,0.0
180,Index/ETF,25,60,1204,99,0.0,0.0,0.0,0.0,0.0,0.0,0.36915183067322,-0.3963084816932678,0.0,0.0,0.0,,0.04990595579147339,0.046551458413814785,0.055264282256709873,0.05400694943695231,0.9521589765023653,0.9460459223370774,0.9571726882379702,0.09390854835510254,0.09953911209734101,-0.08783090114593506,-0.0797941735128318,161,-0.19110023975372314,-0.1690347831907606,0.006644518272425249,,0.6602990033222591,0.6602990033222591,0.33970099667774084,0.0054100524,2.164021,0.9870439,0.0,0.0
180,Index/ETF,25,65,1204,99,0.0,0.0,0.0,0.0,0.0,0.0,0.2601480484008767,-0.3473985195159912,0.0,0.0,0.0,,0.04859018325805664,0.04539121276516455,0.055264282256709873,0.05400694943695231,0.9414732108214484,0.9312557709207717,0.9497432825907841,0.09313523769378662,0.09953911209734101,-0.09456378221511841,-0.0797941735128318,161,-0.20382869243621826,-0.1690347831907606,0.008305647840531562,,0.6553156146179402,0.6553156146179402,0.3446843853820598,0.005656186,2.2624745,0.9763632,0.0,0.0
180,Index/ETF,25,70,1204,99,0.0008305647840531562,0.0,0.0031635841298455585,0.0008305647840531562,0.0,0.0027803521779425394,-1.0806572437286333,-0.3108065724372864,0.0008305647840531562,0.0,0.0027839131034266087,0.579365074634552,0.04716295003890991,0.04333374305222914,0.055264282256709873,0.05400694943695231,0.9169675407594868,0.9003189911549784,0.9307509667984466,0.09203743934631348,0.09953911209734101,-0.10804885625839233,-0.0797941735128318,161,-0.19134104251861572,-0.1690347831907606,0.012458471760797342,-1.0806572437286333,0.643687707641196,0.643687707641196,0.35631229235880396,0.0062377467,2.4950988,0.9538179,0.0,0.0
180,Index/ETF,25,75,1204,99,0.0008305647840531562,0.0,0.002693669623077912,0.0008305647840531562,0.0,0.002786233910121402,-6.1195313930511475,-0.3111953139305115,0.0008305647840531562,0.0,0.0027174528952658757,0.579365074634552,0.03652346134185791,0.03991051602403191,0.055264282256709873,0.05400694943695231,0.8457953517270557,0.8198544811715013,0.8652962571351036,0.08653926849365234,0.09953911209734101,-0.10507851839065552,-0.0797941735128318,161,-0.1680225133895874,-0.1690347831907606,0.01744186046511628,-6.1195313930511475,0.6112956810631229,0.6112956810631229,0.38870431893687707,0.0074742744,2.9897096,0.9014708,0.0,0.0
180,Index/ETF,25,80,1204,99,0.0008305647840531562,0.0,0.002742926666227774,0.0008305647840531562,0.0,0.0027298787411776516,-7.600806951522832,-0.27600806951522827,0.0008305647840531562,0.0,0.00276797736640319,0.579365074634552,0.02049499750137329,0.03393719001267836,0.055264282256709873,0.05400694943695231,0.7092197105035325,0.6752084034322386,0.7388618150426921,0.06424427032470703,0.09953911209734101,-0.08555054664611816,-0.0797941735128318,161,-0.13468056917190552,-0.1690347831907606,0.020764119601328904,-7.600806951522832,0.5838870431893688,0.584717607973422,0.4152823920265781,0.008022891,3.2091568,0.78539145,0.0,0.0
180,Index/ETF,25,85,1204,99,0.0008305647840531562,0.0,0.002898550724637681,0.0008305647840531562,0.0,0.002849070553443177,-5.047378540039061,-0.20047378540039062,0.0008305647840531562,0.0,0.0028945280769175946,0.579365074634552,0.013514399528503418,0.02666405952254007,0.055264282256709873,0.05400694943695231,0.5455359995657536,0.5112686431085922,0.5754543715827553,0.045137763023376465,0.09953911209734101,-0.06384330987930298,-0.0797941735128318,161,-0.10061794519424438,-0.1690347831907606,0.029069767441860465,-5.047378540039061,0.5830564784053156,0.5830564784053156,0.4169435215946844,0.006761101,2.7044404,0.6135893,0.0,0.0
180,Index/ETF,25,88,1204,99,0.0008305647840531562,0.0,0.002752356761948088,0.0008305647840531562,0.0,0.0030284123576876055,-3.9874856472015385,-0.15987485647201538,0.0008305647840531562,0.0,0.0028116213683223993,0.579365074634552,0.010683238506317139,0.02174226850568258,0.055264282256709873,0.05400694943695231,0.4402989902504665,0.4102437193006663,0.4659340820049203,0.0366288423538208,0.09953911209734101,-0.05084216594696045,-0.0797941735128318,161,-0.08072257041931152,-0.1690347831907606,0.03322259136212625,-3.9874856472015385,0.5830564784053156,0.5830564784053156,0.4169435215946844,0.0054813814,2.1925526,0.4973851,0.0,0.0
180,Index/ETF,25,90,1204,99,0.0008305647840531562,0.0,0.002824858757062147,0.0008305647840531562,0.0,0.002876483225613459,-3.3141696453094505,-0.13314169645309448,0.0008305647840531562,0.0,0.002707764999918323,0.579365074634552,0.008888959884643555,0.018200799377257642,0.055264282256709873,0.05400694943695231,0.3674486101510011,0.34045486486178994,0.3886441441913698,0.030170559883117676,0.09953911209734101,-0.04215186834335327,-0.0797941735128318,161,-0.06658107042312622,-0.1690347831907606,0.03903654485049834,-3.3141696453094505,0.5838870431893688,0.5838870431893688,0.4161129568106312,0.004517533,1.8070133,0.41696596,0.0,0.0
180,Index/ETF,25,92,1204,99,0.0008305647840531562,0.0,0.0027350441263385658,0.0008305647840531562,0.0,0.002614046973803071,-2.6605172157287638,-0.1066051721572876,0.0008305647840531562,0.0,0.0026572776699395058,0.579365074634552,0.007455706596374512,0.014677280751969727,0.055264282256709873,0.05400694943695231,0.29456627075076064,0.2724408653128424,0.3122075326925278,0.024410128593444824,0.09953911209734101,-0.033021628856658936,-0.0797941735128318,161,-0.053148627281188965,-0.1690347831907606,0.0473421926910299,-2.6605172157287638,0.5822259136212624,0.5822259136212624,0.41777408637873753,0.0035037769,1.4015107,0.33514845,0.0,0.0
180,Index/ETF,25,94,1204,99,0.0008305647840531562,0.0,0.0026363198965320923,0.0016611295681063123,0.0,0.004517344378591401,-2.0076098442077583,-0.08007609844207764,0.0016611295681063123,0.0,0.004149809820193637,0.6865079402923584,0.005405545234680176,0.010960442233719303,0.055264282256709873,0.05400694943695231,0.21940016518502736,0.20446133686797446,0.23174741750298586,0.01845574378967285,0.09953911209734101,-0.02442532777786255,-0.0797941735128318,161,-0.039366841316223145,-0.1690347831907606,0.0681063122923588,-1.0410579442977852,0.5855481727574751,0.5855481727574751,0.41445182724252494,0.0024901805,0.9960722,0.25200567,0.0024916943521594683,0.0
180,Index/ETF,25,95,1204,99,0.0008305647840531562,0.0,0.0027299411209925416,0.0033222591362126247,0.0,0.007938095238095235,-1.6616117954254106,-0.06661611795425415,0.0033222591362126247,0.0,0.0077454335614884785,0.7976190447807312,0.004998326301574707,0.009076152479529778,0.055264282256709873,0.05400694943695231,0.1817358568128846,0.16790989178970925,0.19188693162125625,0.015169382095336914,0.09953911209734101,-0.020388543605804443,-0.0797941735128318,161,-0.03264433145523071,-0.1690347831907606,0.08970099667774087,-0.04819154739379439,0.5880398671096345,0.5880398671096345,0.4119601328903654,0.001998597,0.79943883,0.20982356,0.006644518272425249,0.0
180,Index/ETF,25,96,1204,99,0.0008305647840531562,0.0,0.002706255542726413,0.004152823920265781,0.0007860559546815761,0.008611888203677765,-1.324494838714596,-0.053244948387145996,0.004152823920265781,0.0007987413322633914,0.008693117096244807,0.8015872836112976,0.0040667057037353516,0.007315826524927766,0.055264282256709873,0.05400694943695231,0.14546198509937683,0.1365290510284202,0.15300807316464987,0.012392640113830566,0.09953911209734101,-0.016162633895874023,-0.0797941735128318,161,-0.026330769062042236,-0.1690347831907606,0.11877076411960133,-0.014486074447628283,0.590531561461794,0.590531561461794,0.40946843853820597,0.0015114703,0.6045881,0.16740656,0.012458471760797342,0.0
180,Index/ETF,25,98,1204,99,0.0,0.0,0.0,0.007475083056478406,0.0017951315854916627,0.01378678334168217,-0.6411712169647199,-0.026411712169647217,0.007475083056478406,0.0018125087447016207,0.0141693429890848,0.8809523582458496,0.0022208094596862793,0.0036654574827498375,0.055264282256709873,0.05400694943695231,0.0719019481780614,0.06778779906712745,0.07542764687521104,0.006129622459411621,0.09953911209734101,-0.007796168327331543,-0.0797941735128318,161,-0.012848198413848877,-0.1690347831907606,0.41029900332225916,-0.016073465347288263,0.5897009966777409,0.5897009966777409,0.41029900332225916,0.00061995885,0.24798356,0.08191186,0.09634551495016612,0.0
180,Single stock,6,50,1984,65,0.0015120967741935483,0.0,0.0032341764972776757,0.007056451612903226,0.0023818324529707377,0.014492928741042722,-3.3654332160949707,-0.5336543321609497,0.007056451612903226,0.002190016533243098,0.014220777929797989,0.7857142686843872,0.07983183860778809,0.11518753082641671,0.08153642609052658,0.1197628116349965,0.991554628063447,0.9877407566030776,0.9938315278493934,0.17962872982025146,0.18104556403182936,-0.11819097399711609,-0.11332128236321692,379,-0.2280622124671936,-0.21657251035731095,0.018649193548387098,-0.29902756214141846,0.6507056451612904,0.6507056451612904,0.3492943548387097,0.0013250989,2.208498,0.98278934,0.0,0.0
180,Single stock,6,55,1984,65,0.0020161290322580645,0.0004938088976550515,0.004248247151621384,0.009072580645161291,0.0031828974284044418,0.017641701481877242,-4.710750579833989,-0.49710750579833984,0.009072580645161291,0.003164265949167537,0.01731831410231072,0.7857142686843872,0.07926791906356812,0.1142866734655634,0.08153642609052658,0.1197628116349965,0.9843056825899914,0.9732353271859988,0.9905689363239824,0.17749816179275513,0.18104556403182936,-0.1226499080657959,-0.11332128236321692,379,-0.2317333221435547,-0.21657251035731095,0.024193548387096774,-0.20651102066040483,0.6476814516129032,0.6476814516129032,0.35231854838709675,0.0013487986,2.2479978,0.97406036,0.0,0.0
180,Single stock,6,60,1984,65,0.0020161290322580645,0.00048167819121576347,0.004107841216014722,0.011088709677419355,0.004291692213366033,0.02033768169859439,-9.710750579833983,-0.49710750579833984,0.011088709677419355,0.004337519647047429,0.01996980810103593,0.7380952835083008,0.07571947574615479,0.11243969388306141,0.08153642609052658,0.1197628116349965,0.9716417195762096,0.9609511119645312,0.9808679349061731,0.17527151107788086,0.18104556403182936,-0.13225844502449036,-0.11332128236321692,379,-0.2513883113861084,-0.21657251035731095,0.031754032258064516,-0.15244841575622337,0.640625,0.640625,0.359375,0.0014101631,2.3502717,0.96171606,0.0,0.0
180,Single stock,6,65,1984,65,0.004032258064516129,0.001470373237014104,0.007274541197916561,0.012096774193548387,0.004499107142857142,0.02181149959518234,-8.278002738952638,-0.43278002738952637,0.012096774193548387,0.004740658563251656,0.021362115020441164,0.579365074634552,0.07044041156768799,0.10899936320680764,0.08153642609052658,0.1197628116349965,0.9478678962957581,0.9323887518883663,0.9614502152824059,0.17073345184326172,0.18104556403182936,-0.1481078565120697,-0.11332128236321692,379,-0.24634826183319092,-0.21657251035731095,0.03881048387096774,-0.18798649311065896,0.6290322580645161,0.6290322580645161,0.3709677419354839,0.0015189605,2.531601,0.9411369,0.0005040322580645161,0.0
180,Single stock,6,70,1984,65,0.004032258064516129,0.0009905404343364826,0.007907715023994092,0.013608870967741936,0.005561777920410783,0.025089032914228277,-10.057474374771115,-0.4005747437477112,0.013608870967741936,0.005804507337526205,0.02352370564103192,0.5079365372657776,0.06109964847564697,0.10405790156895114,0.08153642609052658,0.1197628116349965,0.9084669084538638,0.8857619043947319,0.9290528780002495,0.16140979528427124,0.18104556403182936,-0.15543505549430847,-0.11332128236321692,379,-0.22350502014160156,-0.21657251035731095,0.047379032258064516,-0.16325235366820845,0.6038306451612904,0.6038306451612904,0.3961693548387097,0.0017210947,2.868491,0.90629774,0.0015120967741935483,0.0
180,Single stock,6,75,1984,65,0.005040322580645161,0.0015321366033645327,0.009857220980711194,0.016129032258064516,0.0070435657863066456,0.028111885484781697,-15.291458368301392,-0.4029145836830139,0.016129032258064516,0.007787855456023719,0.02750951804416956,0.4563491940498352,0.045818328857421875,0.09795712216967536,0.08153642609052658,0.1197628116349965,0.8439928886178564,0.8158670666654394,0.8678591338988401,0.14686644077301025,0.18104556403182936,-0.1424523890018463,-0.11332128236321692,379,-0.1929621696472168,-0.21657251035731095,0.05796370967741935,-0.12925267219543457,0.5745967741935484,0.5745967741935484,0.4254032258064516,0.0020696332,3.4493885,0.8452324,0.0020161290322580645,0.0
180,Single stock,6,80,1984,65,0.006048387096774193,0.002014885967726858,0.01174739023473087,0.017137096774193547,0.0073447682181495486,0.02985094172927922,-21.772335767745975,-0.4177233576774597,0.017137096774193547,0.0071077798729962975,0.02902838065172693,0.5039682388305664,0.018077611923217773,0.08833796744264903,0.08153642609052658,0.1197628116349965,0.7406784324153755,0.7107887537406159,0.7673623621954114,0.11956930160522461,0.18104556403182936,-0.11940246820449829,-0.11332128236321692,379,-0.15708547830581665,-0.21657251035731095,0.0655241935483871,-0.1481968164444014,0.5408266129032258,0.5408266129032258,0.4591733870967742,0.0022489675,3.7482798,0.7448041,0.0030241935483870967,0.0
180,Single stock,6,85,1984,65,0.005040322580645161,0.0010676357168247369,0.010385103966655736,0.018649193548387098,0.008251295071382597,0.03186697993998415,-24.09301161766052,-0.3909301161766052,0.018649193548387098,0.009036830137080532,0.0306387526699187,0.5079365372657776,0.007630825042724609,0.07272536830315667,0.08153642609052658,0.1197628116349965,0.5944725092984647,0.5624263300893656,0.6205721465476653,0.07484716176986694,0.18104556403182936,-0.09172478318214417,-0.11332128236321692,379,-0.1179039478302002,-0.21657251035731095,0.07963709677419355,-0.08919596672057883,0.5292338709677419,0.5292338709677419,0.47076612903225806,0.0021081315,3.5135524,0.60282034,0.004032258064516129,0.0
180,Single stock,6,88,1984,65,0.004032258064516129,0.0009958925447861675,0.007908876567199274,0.01965725806451613,0.00917171149805488,0.032258819267287575,-12.827706813812256,-0.24827706813812256,0.01965725806451613,0.00908172214460055,0.032653496057513914,0.5555555820465088,0.005114614963531494,0.060913075753037005,0.08153642609052658,0.1197628116349965,0.49100985127305,0.4592793590902906,0.5179904713470167,0.055964887142181396,0.18104556403182936,-0.07311952114105225,-0.11332128236321692,379,-0.09488308429718018,-0.21657251035731095,0.08820564516129033,-0.06810474395751998,0.5211693548387096,0.5211693548387096,0.4788306451612903,0.0018509264,3.0848775,0.50055635,0.006048387096774193,0.0
180,Single stock,6,90,1984,65,0.003528225806451613,0.0009942973742936019,0.006622600941058927,0.019153225806451613,0.008490781092859537,0.03172743234051976,-10.514255762100222,-0.2051425576210022,0.019153225806451613,0.00836784102474479,0.03226007061466859,0.5198413133621216,0.004125058650970459,0.052693737790949886,0.08153642609052658,0.1197628116349965,0.41991295321675837,0.3905525018225183,0.44650580118841743,0.045221805572509766,0.18104556403182936,-0.06092637777328491,-0.11332128236321692,379,-0.07844889163970947,-0.21657251035731095,0.10131048387096774,-0.08689701557159646,0.5196572580645161,0.5196572580645161,0.4803427419354839,0.0016017529,2.6695883,0.42674488,0.009072580645161291,0.0
180,Single stock,6,92,1984,65,0.003528225806451613,0.0010405017681270807,0.006527259188422039,0.020161290322580645,0.008881253650132023,0.035441297208538586,-8.335594654083256,-0.16335594654083252,0.020161290322580645,0.009030035617936319,0.03392842366998059,0.5515873432159424,0.0030675530433654785,0.04351902662986709,0.08153642609052658,0.1197628116349965,0.3434678705919935,0.3138467888950966,0.37090138198449485,0.03576004505157471,0.18104556403182936,-0.04890373349189758,-0.11332128236321692,379,-0.06214970350265503,-0.21657251035731095,0.11794354838709678,-0.061233162879947844,0.5201612903225806,0.5201612903225806,0.4798387096774194,0.0013136965,2.1894944,0.34898517,0.014616935483870967,0.0
180,Single stock,6,94,1984,65,0.0030241935483870967,0.0008856358184887506,0.0061660057367916715,0.02217741935483871,0.010293534080298787,0.0378827491204697,-6.246167659759516,-0.12246167659759521,0.02217741935483871,0.010480683123113897,0.03681446957068121,0.567460298538208,0.002388298511505127,0.033151634728475925,0.08153642609052658,0.1197628116349965,0.26017770075663904,0.23300159112430022,0.2876104637050968,0.0265616774559021,0.18104556403182936,-0.03652969002723694,-0.11332128236321692,379,-0.0465887188911438,-0.21657251035731095,0.15473790322580644,-0.054478883743280804,0.5201612903225806,0.5201612903225806,0.4798387096774194,0.0009919432,1.6532387,0.26722348,0.022681451612903226,0.0
180,Single stock,6,95,1984,65,0.0025201612903225806,0.00046639619639233994,0.005281309238412963,0.024193548387096774,0.011842036940127462,0.040297819213541246,-5.300928354263301,-0.10300928354263306,0.024193548387096774,0.011837346863220247,0.04042845576606314,0.5277777910232544,0.002045154571533203,0.027925927222015395,0.08153642609052658,0.1197628116349965,0.21837260797509017,0.19269772483311004,0.2433872386962164,0.022048532962799072,0.18104556403182936,-0.029997557401657104,-0.11332128236321692,379,-0.03858262300491333,-0.21657251035731095,0.18245967741935484,-0.06566762924193892,0.515625,0.515625,0.484375,0.000820071,1.3667852,0.22498246,0.028729838709677418,0.0
180,Single stock,6,96,1984,65,0.0025201612903225806,0.000496222746398062,0.005317223586179667,0.024193548387096774,0.011787717073155438,0.04048433238200176,-4.118319511413571,-0.08118319511413574,0.024193548387096774,0.01185557464681176,0.04053402760150165,0.567460298538208,0.0013092756271362305,0.022628714330494404,0.08153642609052658,0.1197628116349965,0.17598145065270807,0.15396996824568449,0.1967804309385628,0.01751101016998291,0.18104556403182936,-0.02328243851661682,-0.11332128236321692,379,-0.03110295534133911,-0.21657251035731095,0.22681451612903225,-0.03874814510345104,0.5191532258064516,0.5191532258064516,0.4808467741935484,0.0006414441,1.0690736,0.18178633,0.043850806451612906,0.0
180,Single stock,6,98,1984,65,0.0005040322580645161,0.0,0.0015874068460275355,0.041834677419354836,0.024930705723678444,0.061049055234719304,-1.4230887889862043,-0.03423088788986206,0.041834677419354836,0.02469061179167562,0.061911789301525924,0.579365074634552,0.0009542703628540039,0.011331806229727884,0.08153642609052658,0.1197628116349965,0.0876312580913167,0.07641083935915707,0.10015507434588945,0.008864998817443848,0.18104556403182936,-0.011433184146881104,-0.11332128236321692,379,-0.015298724174499512,-0.21657251035731095,0.4798387096774194,-0.03375220298766912,0.5201612903225806,0.5201612903225806,0.4798387096774194,0.0002848927,0.47482118,0.09161845,0.18598790322580644,0.0
180,Single stock,25,50,1984,65,0.0015120967741935483,0.0,0.003221309395834477,0.007056451612903226,0.0022788601532204196,0.015087839602925809,-3.3816248178482056,-0.5338162481784821,0.007056451612903226,0.002074421163966788,0.014012510782013021,0.7857142686843872,0.07572990655899048,0.1107303774164569,0.08153642609052658,0.1197628116349965,0.9733907334425288,0.9688202622871183,0.9764341190661359,0.17514771223068237,0.18104556403182936,-0.12209439277648926,-0.11332128236321692,379,-0.23099452257156372,-0.21657251035731095,0.019153225806451613,-0.3280147910118103,0.6471774193548387,0.6471774193548387,0.3528225806451613,0.0055124317,2.2049727,0.9823094,0.0,0.0
180,Single stock,25,55,1984,65,0.0020161290322580645,0.0004811286358727197,0.003976242050186443,0.009072580645161291,0.00328858174449138,0.01750124410773559,-4.901783466339116,-0.4990178346633911,0.009072580645161291,0.0028452772130407545,0.01737131922205733,0.726190447807312,0.07492703199386597,0.10977100923417075,0.08153642609052658,0.1197628116349965,0.965941509296693,0.9557050448275973,0.9726804788444688,0.1730252504348755,0.18104556403182936,-0.1259826421737671,-0.11332128236321692,379,-0.23606616258621216,-0.21657251035731095,0.025201612903225805,-0.19568383693695512,0.6421370967741935,0.6421370967741935,0.35786290322580644,0.0056118253,2.2447302,0.97343755,0.0,0.0
180,Single stock,25,60,1984,65,0.0025201612903225806,0.0005112343884143705,0.0047691165095728,0.011088709677419355,0.004458937198067633,0.02066361598344501,-9.90178346633911,-0.4990178346633911,0.011088709677419355,0.004486741551611827,0.02097680458657237,0.6944444179534912,0.07163316011428833,0.10760590437078668,0.08153642609052658,0.1197628116349965,0.9522109048129325,0.9406575430001528,0.9612848265024106,0.17080706357955933,0.18104556403182936,-0.13569894433021545,-0.11332128236321692,379,-0.2573012113571167,-0.21657251035731095,0.03276209677419355,-0.19358158111572044,0.6355846774193549,0.6355846774193549,0.3644153225806452,0.005871159,2.3484638,0.96067077,0.0,0.0
180,Single stock,25,65,1984,65,0.004032258064516129,0.0011082985326046721,0.00759390264703715,0.012096774193548387,0.0052851334956869256,0.02163880382849015,-8.493473529815676,-0.43493473529815674,0.012096774193548387,0.005274402215294684,0.021546143113180292,0.579365074634552,0.06627506017684937,0.10367719279301743,0.08153642609052658,0.1197628116349965,0.926612120106908,0.9103036996234605,0.9398753335092092,0.1660708785057068,0.18104556403182936,-0.15396830439567566,-0.11332128236321692,379,-0.2504182457923889,-0.21657251035731095,0.04133064516129032,-0.13569235801697,0.6229838709677419,0.6229838709677419,0.37701612903225806,0.0063277828,2.5311131,0.9393116,0.0005040322580645161,0.0
180,Single stock,25,70,1984,65,0.004032258064516129,0.0009885941485356698,0.007820904284863258,0.014616935483870967,0.005684110422156987,0.027519551725725924,-10.285176038742062,-0.40285176038742065,0.014616935483870967,0.006007564112959963,0.02628775592773165,0.5079365372657776,0.05621182918548584,0.09797333250002514,0.08153642609052658,0.1197628116349965,0.8833527409707203,0.8605472462685914,0.9029147812084246,0.1564733386039734,0.18104556403182936,-0.16204068064689636,-0.11332128236321692,379,-0.2272956371307373,-0.21657251035731095,0.04939516129032258,-0.1776051521301225,0.594758064516129,0.594758064516129,0.40524193548387094,0.007179336,2.8717346,0.9029882,0.0020161290322580645,0.0
180,Single stock,25,75,1984,65,0.005544354838709678,0.0019734954566856004,0.010055643879173291,0.016129032258064516,0.007462501112726625,0.0282379385171592,-15.554183721542358,-0.4055418372154236,0.016129032258064516,0.006999389636273045,0.02708580159183436,0.4801587462425232,0.035796403884887695,0.09048756734738427,0.08153642609052658,0.1197628116349965,0.8109530412173456,0.7813991513508496,0.8379345290795615,0.13972771167755127,0.18104556403182936,-0.148137629032135,-0.11332128236321692,379,-0.1956537365913391,-0.21657251035731095,0.05897177419354839,-0.10987818241119385,0.5589717741935484,0.5589717741935484,0.4410282258064516,0.00864807,3.459228,0.8391113,0.0020161290322580645,0.0
180,Single stock,25,80,1984,65,0.006048387096774193,0.001972569342995771,0.011150875737932584,0.018649193548387098,0.008789256910538395,0.03134842068598874,-22.33057498931885,-0.4233057498931885,0.018649193548387098,0.009239592549929607,0.030518814762452575,0.5,0.008618772029876709,0.07999227865929565,0.08153642609052658,0.1197628116349965,0.700737987822576,0.6696106699062786,0.7279804141031856,0.10927021503448486,0.18104556403182936,-0.12389108538627625,-0.11332128236321692,379,-0.15959680080413818,-0.21657251035731095,0.06754032258064516,-0.12565732002258745,0.5186491935483871,0.5186491935483871,0.4813508064516129,0.009337602,3.7350404,0.736264,0.003528225806451613,0.0
180,Single stock,25,85,1984,65,0.005040322580645161,0.0014263647429505412,0.010454418328225327,0.019153225806451613,0.009417778940062963,0.03208874458874459,-20.70241332054138,-0.3570241332054138,0.019153225806451613,0.009045956704285603,0.03139411356028548,0.5039682388305664,0.0002758502960205078,0.06465046702613754,0.08153642609052658,0.1197628116349965,0.5538313976245457,0.5230210124809858,0.5823994013707611,0.06280958652496338,0.18104556403182936,-0.09492433071136475,-0.11332128236321692,379,-0.11948496103286743,-0.21657251035731095,0.08165322580645161,-0.09786248207092063,0.501008064516129,0.501008064516129,0.49899193548387094,0.008697002,3.4788005,0.59344184,0.0045362903225806455,0.0
180,Single stock,25,88,1984,65,0.0045362903225806455,0.0010019539078156311,0.008676927365402994,0.01965725806451613,0.009967708189461811,0.03254543048513789,-11.888301849365234,-0.23888301849365234,0.01965725806451613,0.00917564620655547,0.031685994230375956,0.5079365372657776,-0.0004341006278991699,0.053838469959314794,0.08153642609052658,0.1197628116349965,0.45484784628852115,0.4242984630756742,0.4842392286044262,0.047973573207855225,0.18104556403182936,-0.07582086324691772,-0.11332128236321692,379,-0.09529674053192139,-0.21657251035731095,0.09324596774193548,-0.06840872764587447,0.4954637096774194,0.4954637096774194,0.5045362903225806,0.007596385,3.038554,0.4918009,0.006048387096774193,0.0
180,Single stock,25,90,1984,65,0.003528225806451613,0.001058103438177239,0.006630280230648555,0.020161290322580645,0.008903776390649605,0.03333459787556904,-9.842886924743654,-0.19842886924743652,0.020161290322580645,0.008758284269210184,0.03422708797692408,0.5198413133621216,-9.366869926452637e-05,0.04646877568936156,0.08153642609052658,0.1197628116349965,0.387750243640335,0.3564465367250558,0.41594109337836177,0.03911781311035156,0.18104556403182936,-0.06284520030021667,-0.11332128236321692,379,-0.07933402061462402,-0.21657251035731095,0.10433467741935484,-0.0784033536911033,0.5,0.5,0.5,0.0065589803,2.623592,0.41890007,0.009576612903225807,0.0
180,Single stock,25,92,1984,65,0.003528225806451613,0.0010125815500418535,0.006526268390143488,0.021169354838709676,0.009893307163239991,0.036180432378915425,-7.8887445926666295,-0.15888744592666626,0.021169354838709676,0.009393524498940034,0.03553658209713611,0.5396825075149536,0.0002956986427307129,0.038208998679634065,0.08153642609052658,0.1197628116349965,0.3157548262586903,0.2858159582197366,0.34393937392111124,0.030609309673309326,0.18104556403182936,-0.050361573696136475,-0.11332128236321692,379,-0.06274199485778809,-0.21657251035731095,0.1219758064516129,-0.05216133594513339,0.5015120967741935,0.5015120967741935,0.49848790322580644,0.005371211,2.1484845,0.3422425,0.014616935483870967,0.0
180,Single stock,25,94,1984,65,0.0030241935483870967,0.0008848132699681818,0.005807044025157231,0.022681451612903226,0.011401817674721005,0.037340631192622126,-5.797362565994257,-0.11797362565994263,0.023185483870967742,0.011456123104475286,0.037574863204508126,0.5515873432159424,-0.00011911988258361816,0.029111614601025657,0.08153642609052658,0.1197628116349965,0.23890104923345798,0.21288626180278583,0.265284717579586,0.022998392581939697,0.18104556403182936,-0.03738817572593689,-0.11332128236321692,379,-0.04703366756439209,-0.21657251035731095,0.16028225806451613,-0.05355501174926225,0.49848790322580644,0.49848790322580644,0.5015120967741935,0.00404939,1.6197559,0.2620092,0.023689516129032258,0.0
180,Single stock,25,95,1984,65,0.0020161290322580645,0.00046228354004378385,0.00393575348015788,0.025705645161290324,0.013684190885614915,0.04042847491868966,-4.849560260772701,-0.09849560260772705,0.025705645161290324,0.013762961011265016,0.041668200785468824,0.5476190447807312,6.55055046081543e-05,0.024676500639367487,0.08153642609052658,0.1197628116349965,0.2012231921634576,0.17806733141028944,0.22442849789001598,0.018759489059448242,0.18104556403182936,-0.03069549798965454,-0.11332128236321692,379,-0.03900641202926636,-0.21657251035731095,0.1900201612903226,-0.035424232482905715,0.5005040322580645,0.5005040322580645,0.4994959677419355,0.003340242,1.3360969,0.22063062,0.029233870967741934,0.0
180,Single stock,25,96,1984,65,0.0025201612903225806,0.00048703891019883847,0.005544463131695142,0.02721774193548387,0.013839009157024044,0.04379272831229781,-3.804411649703976,-0.0780441164970398,0.02721774193548387,0.012884641718343472,0.04546171494121021,0.615079402923584,0.00014698505401611328,0.019995682993002476,0.08153642609052658,0.1197628116349965,0.16197752660136222,0.14004619795103013,0.18222964505057704,0.01525205373764038,0.18104556403182936,-0.024101972579956055,-0.11332128236321692,379,-0.031330227851867676,-0.21657251035731095,0.2373991935483871,-0.036226868629452014,0.5025201612903226,0.5025201612903226,0.49747983870967744,0.0026168425,1.046737,0.17839877,0.04586693548387097,0.0
180,Single stock,25,98,1984,65,0.0005040322580645161,0.0,0.0015658849697777874,0.043850806451612906,0.02680269528198952,0.06405184564971206,-1.3670008182525617,-0.033670008182525635,0.043850806451612906,0.026071809132296266,0.06626746528596882,0.579365074634552,0.000545799732208252,0.010194088722909651,0.08153642609052658,0.1197628116349965,0.08164492991477812,0.07084077428648158,0.09248192577891569,0.008100152015686035,0.18104556403182936,-0.011690109968185425,-0.11332128236321692,379,-0.015468180179595947,-0.21657251035731095,0.4884072580645161,-0.032136917114256036,0.5115927419354839,0.5115927419354839,0.4884072580645161,0.0011609055,0.4643622,0.090108976,0.1970766129032258,0.0
180,Basket,6,50,214,50,0.0,0.0,0.0,0.004672897196261682,0.0,0.015306122448979591,-0.00921785831451416,-0.5000921785831451,0.004672897196261682,0.0,0.01680849555011878,0.8730158805847168,0.11397731304168701,0.12157066444927286,0.11531528692286164,0.12574392101838328,0.9789006669882634,0.9410124992313426,0.9937935125428079,0.16995954513549805,0.1713647236947704,-0.08860835433006287,-0.08751368568137924,23,-0.24626672267913818,-0.24536141665622768,0.004672897196261682,-0.00921785831451416,0.7429906542056075,0.7429906542056075,0.2570093457943925,0.0012969193,2.1615322,0.9918921,0.0,0.0
180,Basket,6,55,214,50,0.0,0.0,0.0,0.004672897196261682,0.0,0.016397971198261023,-0.04758119583130327,-0.450475811958313,0.004672897196261682,0.0,0.015153437932625748,0.8730158805847168,0.11397731304168701,0.12119203053902243,0.11531528692286164,0.12574392101838328,0.9794863863023436,0.9407567638073688,0.9938615088782948,0.16995954513549805,0.1713647236947704,-0.08860835433006287,-0.08751368568137924,23,-0.24739199876785278,-0.24536141665622768,0.014018691588785047,-0.04758119583130327,0.7429906542056075,0.7429906542056075,0.2570093457943925,0.0013140731,2.1901217,0.98808384,0.0,0.0
180,Basket,6,60,214,50,0.0,0.0,0.0,0.004672897196261682,0.0,0.01507537688442211,-0.03125429153442161,-0.40031254291534424,0.004672897196261682,0.0,0.01515538033395176,0.8650793433189392,0.11397731304168701,0.12085314665999368,0.11531528692286164,0.12574392101838328,0.9805997538842465,0.9467222039427976,0.9936534719484553,0.16995954513549805,0.1713647236947704,-0.10007721185684204,-0.08751368568137924,23,-0.2542847990989685,-0.24536141665622768,0.018691588785046728,-0.03125429153442161,0.7429906542056075,0.7429906542056075,0.2570093457943925,0.0013572916,2.2621522,0.980713,0.0,0.0
180,Basket,6,65,214,50,0.0,0.0,0.0,0.004672897196261682,0.0,0.017317899491812533,-0.004228353500368431,-0.35004228353500366,0.004672897196261682,0.0,0.015881595881595875,0.7222222089767456,0.11338651180267334,0.12064276092520385,0.11531528692286164,0.12574392101838328,0.9758532779094748,0.9449303599994205,0.9902519517030325,0.1692022681236267,0.1713647236947704,-0.11850863695144653,-0.08751368568137924,23,-0.24842005968093872,-0.24536141665622768,0.018691588785046728,-0.004228353500368431,0.7429906542056075,0.7429906542056075,0.2570093457943925,0.0014145625,2.357604,0.96949273,0.0,0.0
180,Basket,6,70,214,50,0.0,0.0,0.0,0.004672897196261682,0.0,0.015873015873015872,-0.028432607650752395,-0.30028432607650757,0.004672897196261682,0.0,0.015463917525773196,0.6349206566810608,0.10706537961959839,0.11929923992290675,0.11531528692286164,0.12574392101838328,0.9563532263527273,0.9271417396329087,0.9745903200327644,0.1683146357536316,0.1713647236947704,-0.12675219774246216,-0.08751368568137924,23,-0.22990179061889648,-0.24536141665622768,0.018691588785046728,-0.028432607650752395,0.7242990654205608,0.7242990654205608,0.2757009345794392,0.0015320734,2.5534556,0.9511822,0.0,0.0
180,Basket,6,75,214,50,0.0,0.0,0.0,0.009345794392523364,0.0,0.030306875865251496,-0.042754411697387695,-0.2504275441169739,0.009345794392523364,0.0,0.032126119089106495,0.64682537317276,0.0942387580871582,0.11370929407182141,0.11531528692286164,0.12574392101838328,0.9023812385502782,0.8705221512393079,0.927995640670389,0.16301685571670532,0.1713647236947704,-0.11408302187919617,-0.08751368568137924,23,-0.19556701183319092,-0.24536141665622768,0.02336448598130841,-0.021982192993164062,0.7009345794392523,0.7009345794392523,0.29906542056074764,0.0018881835,3.1469727,0.9088189,0.0,0.0
180,Basket,6,80,214,50,0.0,0.0,0.0,0.004672897196261682,0.0,0.015312070424024526,-0.032989978790287644,-0.20032989978790283,0.004672897196261682,0.0,0.015477319587628855,0.7301587462425232,0.07061725854873657,0.10139786083007528,0.11531528692286164,0.12574392101838328,0.7932695939906799,0.7460848961593566,0.8306756769698245,0.135670006275177,0.1713647236947704,-0.09875831007957458,-0.08751368568137924,23,-0.1588016152381897,-0.24536141665622768,0.03271028037383177,-0.032989978790287644,0.6682242990654206,0.6682242990654206,0.3317757009345794,0.0021103576,3.5172627,0.8125804,0.0,0.0
180,Basket,6,85,214,50,0.0,0.0,0.0,0.009345794392523364,0.0,0.03192347288949896,-0.04122018814086692,-0.1504122018814087,0.009345794392523364,0.0,0.031413612565445025,0.567460298538208,0.04655951261520386,0.08205762477678673,0.11531528692286164,0.12574392101838328,0.6333654109369689,0.5840331301887729,0.6750150697679022,0.09324109554290771,0.1713647236947704,-0.07621046900749207,-0.08751368568137924,23,-0.11818784475326538,-0.24536141665622768,0.04205607476635514,-0.021559596061704323,0.6495327102803738,0.6495327102803738,0.35046728971962615,0.002007562,3.3459365,0.6602787,0.0,0.0
180,Basket,6,88,214,50,0.0,0.0,0.0,0.009345794392523364,0.0,0.03109622114315166,-0.07838654518127486,-0.12078386545181274,0.009345794392523364,0.0,0.03375527426160337,0.5198413133621216,0.03753894567489624,0.06770078461860941,0.11531528692286164,0.12574392101838328,0.5196254919985953,0.4655197591818471,0.5609699162397557,0.07492679357528687,0.1713647236947704,-0.06015691161155701,-0.08751368568137924,23,-0.09414345026016235,-0.24536141665622768,0.04672897196261682,-0.053033709526062456,0.6401869158878505,0.6401869158878505,0.3598130841121495,0.0017461813,2.910302,0.5472731,0.0,0.0
180,Basket,6,90,214,50,0.0,0.0,0.0,0.009345794392523364,0.0,0.03061616954474097,-0.06458401679992898,-0.10064584016799927,0.009345794392523364,0.0,0.029854477611940294,0.5198413133621216,0.029728412628173828,0.057017046714497505,0.11531528692286164,0.12574392101838328,0.43661430350670594,0.3893140116998827,0.4754934004913985,0.06154048442840576,0.1713647236947704,-0.050664544105529785,-0.08751368568137924,23,-0.07896345853805542,-0.24536141665622768,0.056074766355140186,-0.06229817867279275,0.6448598130841121,0.6448598130841121,0.35514018691588783,0.0014998915,2.4998193,0.46436557,0.004672897196261682,0.0
180,Basket,6,92,214,50,0.0,0.0,0.0,0.009345794392523364,0.0,0.030460737594530194,-0.048957586288456145,-0.08048957586288452,0.009345794392523364,0.0,0.03141774593551942,0.4920635223388672,0.024029016494750977,0.04566025455421376,0.11531528692286164,0.12574392101838328,0.34961035474694685,0.30841563004239986,0.38518047949416134,0.048870086669921875,0.1713647236947704,-0.041668087244033813,-0.08751368568137924,23,-0.06295788288116455,-0.24536141665622768,0.07009345794392523,-0.03666412830353183,0.6401869158878505,0.6401869158878505,0.3598130841121495,0.0012081424,2.0135705,0.3762378,0.004672897196261682,0.0
180,Basket,6,94,214,50,0.0,0.0,0.0,0.009345794392523364,0.0,0.0300037688442211,-0.041502952575678265,-0.060415029525756836,0.009345794392523364,0.0,0.030460737594530194,0.4920635223388672,0.01779085397720337,0.034542934359791125,0.11531528692286164,0.12574392101838328,0.26384707521591155,0.23046500286107371,0.2947421695586211,0.03704571723937988,0.1713647236947704,-0.03131172060966492,-0.08751368568137924,23,-0.04742097854614258,-0.24536141665622768,0.09345794392523364,-0.029856204986566937,0.6495327102803738,0.6495327102803738,0.35046728971962615,0.00087850395,1.4641732,0.28513473,0.004672897196261682,0.0
180,Basket,6,95,214,50,0.0,0.0,0.0,0.009345794392523364,0.0,0.031088082901554404,-0.03458380699157271,-0.05034583806991577,0.009345794392523364,0.0,0.0322746581707155,0.4920635223388672,0.015336573123931885,0.028972518499766554,0.11531528692286164,0.12574392101838328,0.22069442217205246,0.19306239255166363,0.24968644665149967,0.02959597110748291,0.1713647236947704,-0.026149779558181763,-0.08751368568137924,23,-0.038935959339141846,-0.24536141665622768,0.102803738317757,-0.024880170822139114,0.6495327102803738,0.6495327102803738,0.35046728971962615,0.0007025299,1.1708832,0.23859441,0.009345794392523364,0.0
180,Basket,6,96,214,50,0.0,0.0,0.0,0.014018691588785047,0.0,0.037209302325581395,-0.016631841659542346,-0.04016631841659546,0.014018691588785047,0.0,0.037209302325581395,0.4920634925365448,0.011608660221099854,0.023357787421930617,0.11531528692286164,0.12574392101838328,0.1773649577128769,0.1523411866656504,0.2006756527237406,0.024334728717803955,0.1713647236947704,-0.020733416080474854,-0.08751368568137924,23,-0.03184401988983154,-0.24536141665622768,0.13551401869158877,-0.012137651443477893,0.6635514018691588,0.6635514018691588,0.3364485981308411,0.00053747883,0.895798,0.19117035,0.018691588785046728,0.0
180,Basket,6,98,214,50,0.0,0.0,0.0,0.018691588785046728,0.0,0.044651785714285706,-0.006715536117551935,-0.020067155361175537,0.018691588785046728,0.0,0.04306672701409543,0.5634920597076416,0.005932152271270752,0.011387603862263332,0.11531528692286164,0.12574392101838328,0.08643452819981062,0.0748848517657507,0.0993001246334044,0.011756658554077148,0.1713647236947704,-0.009733706712722778,-0.08751368568137924,23,-0.015377342700958252,-0.24536141665622768,0.3598130841121495,-0.0026415586471539854,0.6401869158878505,0.6401869158878505,0.3598130841121495,0.00021969716,0.36616194,0.094120756,0.08411214953271028,0.0
180,Basket,25,50,214,50,0.0,0.0,0.0,0.004672897196261682,0.0,0.015153437932625748,-0.009113550186157227,-0.5000911355018616,0.004672897196261682,0.0,0.015467944587628863,0.8650793433189392,0.10974568128585815,0.11723872322902501,0.11531528692286164,0.12574392101838328,0.9572968804199187,0.9183955336023232,0.974622775543618,0.1655152440071106,0.1713647236947704,-0.09207043051719666,-0.08751368568137924,23,-0.24912989139556885,-0.24536141665622768,0.004672897196261682,-0.009113550186157227,0.7383177570093458,0.7383177570093458,0.2616822429906542,0.0053939032,2.1575615,0.9916219,0.0,0.0
180,Basket,25,55,214,50,0.0,0.0,0.0,0.004672897196261682,0.0,0.01515538033395176,-0.036351680755619675,-0.45036351680755615,0.004672897196261682,0.0,0.01538659793814433,0.8730158805847168,0.10974568128585815,0.11676672685926205,0.11531528692286164,0.12574392101838328,0.9579489435537335,0.9181380100606148,0.9747200070725685,0.1655152440071106,0.1713647236947704,-0.09250733256340027,-0.08751368568137924,23,-0.2502508759498596,-0.24536141665622768,0.014018691588785047,-0.036351680755619675,0.7383177570093458,0.7383177570093458,0.2616822429906542,0.0054723043,2.1889217,0.987749,0.0,0.0
180,Basket,25,60,214,50,0.0,0.0,0.0,0.004672897196261682,0.0,0.015153437932625748,-0.020394325256345436,-0.4002039432525635,0.004672897196261682,0.0,0.015465920623898295,0.8650793433189392,0.10974568128585815,0.11634800757203147,0.11531528692286164,0.12574392101838328,0.9588452359927692,0.9218734411722759,0.9737917136840326,0.1650180220603943,0.1713647236947704,-0.10383668541908264,-0.08751368568137924,23,-0.2581244111061096,-0.24536141665622768,0.018691588785046728,-0.020394325256345436,0.7383177570093458,0.7383177570093458,0.2616822429906542,0.0056441366,2.2576547,0.97995067,0.0,0.0
180,Basket,25,65,214,50,0.0,0.0,0.0,0.004672897196261682,0.0,0.015077280341099434,-0.03812551498413308,-0.3503812551498413,0.004672897196261682,0.0,0.015463917525773196,0.6349206566810608,0.10858732461929321,0.11612257779201615,0.11531528692286164,0.12574392101838328,0.9546166843010295,0.9223156765352478,0.970297591743629,0.16476088762283325,0.1713647236947704,-0.12651166319847107,-0.08751368568137924,23,-0.25259530544281006,-0.24536141665622768,0.018691588785046728,-0.03812551498413308,0.7336448598130841,0.7336448598130841,0.26635514018691586,0.005889799,2.3559196,0.96869636,0.0,0.0
180,Basket,25,70,214,50,0.0,0.0,0.0,0.004672897196261682,0.0,0.01538659793814433,-0.00602126121520552,-0.3000602126121521,0.004672897196261682,0.0,0.014927238805970147,0.7222222089767456,0.10355192422866821,0.11408297731497577,0.11531528692286164,0.12574392101838328,0.9310372985971668,0.9014614547859611,0.9505139464771452,0.16387665271759033,0.1713647236947704,-0.13284072279930115,-0.08751368568137924,23,-0.23375052213668823,-0.24536141665622768,0.02336448598130841,-0.00602126121520552,0.719626168224299,0.719626168224299,0.2803738317757009,0.0063929013,2.5571604,0.9496937,0.0,0.0
180,Basket,25,75,214,50,0.0,0.0,0.0,0.009345794392523364,0.0,0.03061616954474097,-0.04295706748962402,-0.25042957067489624,0.009345794392523364,0.0,0.030306875865251496,0.579365074634552,0.07918441295623779,0.1066109922444709,0.11531528692286164,0.12574392101838328,0.8656910762792044,0.8277175435250266,0.8952263750072174,0.1551399827003479,0.1713647236947704,-0.12066543102264404,-0.08751368568137924,23,-0.19873809814453125,-0.24536141665622768,0.02336448598130841,-0.04094243049621582,0.6869158878504673,0.6869158878504673,0.3130841121495327,0.007925784,3.1703138,0.90440804,0.0,0.0
180,Basket,25,80,214,50,0.0,0.0,0.0,0.004672897196261682,0.0,0.01570887296775971,-0.030999183654789597,-0.20030999183654785,0.004672897196261682,0.0,0.015077280341099434,0.7301587462425232,0.059069693088531494,0.09347790423954759,0.11531528692286164,0.12574392101838328,0.7501862341145785,0.6991796577904374,0.7918805089665077,0.12524914741516113,0.1713647236947704,-0.10339432954788208,-0.08751368568137924,23,-0.1601428985595703,-0.24536141665622768,0.037383177570093455,-0.030999183654789597,0.6401869158878505,0.6401869158878505,0.3598130841121495,0.008796368,3.518547,0.8051907,0.0,0.0
180,Basket,25,85,214,50,0.0,0.0,0.0,0.009345794392523364,0.0,0.03076923076923077,-0.042388439178464576,-0.15042388439178467,0.009345794392523364,0.0,0.031919160314028895,0.567460298538208,0.03945869207382202,0.07436846238430415,0.11531528692286164,0.12574392101838328,0.5902192770471669,0.5303580128667869,0.6371643087583249,0.08586615324020386,0.1713647236947704,-0.08061844110488892,-0.08751368568137924,23,-0.11998379230499268,-0.24536141665622768,0.04205607476635514,-0.023079514503476783,0.616822429906542,0.616822429906542,0.38317757009345793,0.008278434,3.3113737,0.6511453,0.0,0.0
180,Basket,25,88,214,50,0.0,0.0,0.0,0.009345794392523364,0.0,0.03093184124779659,-0.08634972572326705,-0.12086349725723267,0.009345794392523364,0.0,0.033153775322283606,0.5198413133621216,0.03169053792953491,0.06100753367504227,0.11531528692286164,0.12574392101838328,0.48128460727278155,0.42945668368238465,0.5247898257438673,0.068825364112854,0.1713647236947704,-0.0631265938282013,-0.08751368568137924,23,-0.09565401077270508,-0.24536141665622768,0.0514018691588785,-0.057679891586304155,0.616822429906542,0.616822429906542,0.38317757009345793,0.007186944,2.8747776,0.53889436,0.0,0.0
180,Basket,25,90,214,50,0.0,0.0,0.0,0.009345794392523364,0.0,0.031254090314136125,-0.07202863693237527,-0.10072028636932373,0.009345794392523364,0.0,0.03158312447786132,0.5198413133621216,0.026263773441314697,0.050933200065220625,0.11531528692286164,0.12574392101838328,0.4016412387937038,0.35025458116422525,0.44471693184596023,0.05736023187637329,0.1713647236947704,-0.053622424602508545,-0.08751368568137924,23,-0.07943737506866455,-0.24536141665622768,0.056074766355140186,-0.06571948528290017,0.6121495327102804,0.6121495327102804,0.3878504672897196,0.006156002,2.4624007,0.45652685,0.004672897196261682,0.0
180,Basket,25,92,214,50,0.0,0.0,0.0,0.009345794392523364,0.0,0.031413612565445025,-0.05450677871704501,-0.08054506778717041,0.009345794392523364,0.0,0.03093184124779659,0.4920635223388672,0.02096801996231079,0.04108775831828607,0.11531528692286164,0.12574392101838328,0.3229996944927994,0.28071552525101173,0.35993930189905166,0.043180108070373535,0.1713647236947704,-0.04300615191459656,-0.08751368568137924,23,-0.06396275758743286,-0.24536141665622768,0.07476635514018691,-0.04243683815002841,0.6121495327102804,0.6121495327102804,0.3878504672897196,0.004926891,1.9707564,0.36997417,0.004672897196261682,0.0
180,Basket,25,94,214,50,0.0,0.0,0.0,0.009345794392523364,0.0,0.02912976556950035,-0.04960322380065385,-0.06049603223800659,0.009345794392523364,0.0,0.034482758620689655,0.4920635223388672,0.015361607074737549,0.03111363292854523,0.11531528692286164,0.12574392101838328,0.24395534433255936,0.21075987887188521,0.2768717195664891,0.03278392553329468,0.1713647236947704,-0.03353753685951233,-0.08751368568137924,23,-0.04799056053161621,-0.24536141665622768,0.09813084112149532,-0.036168336868280804,0.616822429906542,0.616822429906542,0.38317757009345793,0.0035795765,1.4318305,0.28040746,0.004672897196261682,0.0
180,Basket,25,95,214,50,0.0,0.0,0.0,0.009345794392523364,0.0,0.030472633544620067,-0.018943548202510208,-0.050189435482025146,0.009345794392523364,0.0,0.032103094591040576,0.420634925365448,0.013278961181640625,0.026412927937284808,0.11531528692286164,0.12574392101838328,0.20560408040439174,0.17917613854997347,0.2325128659849364,0.026880741119384766,0.1713647236947704,-0.025876253843307495,-0.08751368568137924,23,-0.03940194845199585,-0.24536141665622768,0.10747663551401869,-0.01709282398223433,0.6261682242990654,0.6261682242990654,0.37383177570093457,0.002874036,1.1496145,0.23497476,0.014018691588785047,0.0
180,Basket,25,96,214,50,0.0,0.0,0.0,0.014018691588785047,0.0,0.038049329103390886,-0.01966571807860973,-0.04019665718078613,0.014018691588785047,0.0,0.03864734299516908,0.4920634925365448,0.010145366191864014,0.021230745816899238,0.11531528692286164,0.12574392101838328,0.16500807412628504,0.14165019826457334,0.18830217980321817,0.02236485481262207,0.1713647236947704,-0.021314918994903564,-0.08751368568137924,23,-0.03263372182846069,-0.24536141665622768,0.13551401869158877,-0.015153646469112658,0.6355140186915887,0.6355140186915887,0.3644859813084112,0.0021978598,0.8791439,0.18825565,0.018691588785046728,0.0
180,Basket,25,98,214,50,0.0,0.0,0.0,0.018691588785046728,0.0,0.044125816993464045,-0.008992433547971856,-0.020089924335479736,0.018691588785046728,0.0,0.04306737670224512,0.4920635223388672,0.005667507648468018,0.010607802700773578,0.11531528692286164,0.12574392101838328,0.08180691946646423,0.06942954111198502,0.09417699158749361,0.011543810367584229,0.1713647236947704,-0.009744405746459961,-0.08751368568137924,23,-0.015542685985565186,-0.24536141665622768,0.3691588785046729,-0.004474401473997247,0.6308411214953271,0.6308411214953271,0.3691588785046729,0.0008979849,0.359194,0.09290059,0.08878504672897196,0.0
365,All equity (ex-basket),6,50,1581,98,0.0018975332068311196,0.0,0.005310164386211112,0.010120177103099304,0.0038267077068711423,0.01833040602402885,-5.645635724067688,-0.5564563572406769,0.010120177103099304,0.004060148494566305,0.018195710483054166,0.5158730745315552,0.1306706666946411,0.1932372295690593,0.13696212611363423,0.20319162531760965,0.978651481982824,0.9685555742688109,0.9866187377690484,0.23191934823989868,0.23867218500944642,-0.1563670039176941,-0.1403507572570033,288,-0.26993057131767273,-0.24027208635358938,0.026565464895635674,-0.060248374938964844,0.6900695762175838,0.6900695762175838,0.3099304237824162,0.0014296893,2.3828156,0.9743043,0.0,0.0
365,All equity (ex-basket),6,55,1581,98,0.003795066413662239,0.0006788406620454573,0.00778231769767598,0.013282732447817837,0.00591342051800175,0.02201899322036982,-5.4681855440139815,-0.5046818554401398,0.013282732447817837,0.006404894461394804,0.02218144766243732,0.4920634925365448,0.12751543521881104,0.19029081650054733,0.13696212611363423,0.20319162531760965,0.9674467094750147,0.9514811896595244,0.9809448393446232,0.23112618923187256,0.23867218500944642,-0.16430336236953735,-0.1403507572570033,288,-0.30697131156921387,-0.24027208635358938,0.03415559772296015,-0.05386352539062944,0.681214421252372,0.681214421252372,0.3187855787476281,0.0014805284,2.4675474,0.96314573,0.0,0.0
365,All equity (ex-basket),6,60,1581,98,0.004427577482605946,0.0013323124110579676,0.00838669027995368,0.01454775458570525,0.006598285369856011,0.024045506486522816,-9.710750579833983,-0.49710750579833984,0.01454775458570525,0.007276720616787646,0.02316946853267649,0.5634920597076416,0.12426578998565674,0.18766513562971546,0.13696212611363423,0.20319162531760965,0.9544003366723713,0.9362994479539515,0.9686245866210226,0.22744035720825195,0.23867218500944642,-0.17659735679626465,-0.1403507572570033,288,-0.31157374382019043,-0.24027208635358938,0.043010752688172046,-0.1831686496734597,0.6742567994939912,0.6742567994939912,0.32574320050600886,0.0015820103,2.636684,0.9482561,0.0006325110689437065,0.0
365,All equity (ex-basket),6,65,1581,98,0.004427577482605946,0.0012851622493983918,0.008124714456352418,0.015812776723592662,0.007976050406043347,0.026711291562524365,-8.240630626678469,-0.43240630626678467,0.01644528779253637,0.008396878567437538,0.026782582165378516,0.5813491940498352,0.11729776859283447,0.18252092724280747,0.13696212611363423,0.20319162531760965,0.9288764380119453,0.908325187213688,0.9465091797750387,0.221599280834198,0.23867218500944642,-0.2007707953453064,-0.1403507572570033,288,-0.2904614508152008,-0.24027208635358938,0.055660974067046176,-0.12071967124939187,0.6641366223908919,0.6641366223908919,0.33586337760910817,0.0017460749,2.9101248,0.92593056,0.0006325110689437065,0.0
365,All equity (ex-basket),6,70,1581,98,0.003795066413662239,0.001086506285873632,0.007353881717553422,0.01644528779253637,0.008141966393510832,0.027868487627962037,-13.316006660461422,-0.43316006660461426,0.01644528779253637,0.008480094492930216,0.027086471596285026,0.5396825671195984,0.1089789867401123,0.17467459242680192,0.13696212611363423,0.20319162531760965,0.8864395364400857,0.857665026634981,0.9112794018627213,0.214613139629364,0.23867218500944642,-0.1991763710975647,-0.1403507572570033,288,-0.25771358609199524,-0.24027208635358938,0.06641366223908918,-0.027550458908076614,0.6407337128399747,0.6407337128399747,0.3592662871600253,0.0020183057,3.3638427,0.8906854,0.0006325110689437065,0.0
365,All equity (ex-basket),6,75,1581,98,0.004427577482605946,0.0012437424677852972,0.008178616167200028,0.020872865275142316,0.011485432654070855,0.03228150402237477,-19.469350576400757,-0.44469350576400757,0.020872865275142316,0.011886030651454573,0.03314962938530185,0.5555555820465088,0.0917198657989502,0.1637381084880672,0.13696212611363423,0.20319162531760965,0.8208411960731065,0.7854609316711078,0.8536572570534919,0.2013372778892517,0.23867218500944642,-0.17512059211730957,-0.1403507572570033,288,-0.21666711568832397,-0.24027208635358938,0.0777988614800759,-0.05474686622619629,0.6084756483238457,0.6084756483238457,0.39152435167615435,0.0024546802,4.0911336,0.835622,0.001265022137887413,0.0
365,All equity (ex-basket),6,80,1581,98,0.005060088551549652,0.0018414236312796338,0.009187026010480085,0.020872865275142316,0.011102691349520643,0.03236498303597362,-15.574865341186527,-0.35574865341186523,0.020872865275142316,0.010805753558891752,0.032943977591036414,0.5555555820465088,0.06078934669494629,0.14578512931156581,0.13696212611363423,0.20319162531760965,0.7188202234575267,0.6769408372279777,0.7565218428683378,0.15968000888824463,0.23867218500944642,-0.14376693964004517,-0.1403507572570033,288,-0.17698559165000916,-0.24027208635358938,0.09487666034155598,-0.07126212120056596,0.5825426944971537,0.5825426944971537,0.4174573055028463,0.0027923663,4.653944,0.7454829,0.002530044275774826,0.0
365,All equity (ex-basket),6,85,1581,98,0.005060088551549652,0.00132890365448505,0.010518980192753057,0.024667931688804556,0.013028755211850996,0.037570911271985585,-4.256067276000975,-0.19256067276000977,0.024667931688804556,0.013209836101714898,0.03897676043531112,0.5634920597076416,0.027921199798583984,0.12113799704244663,0.13696212611363423,0.20319162531760965,0.5852809271409075,0.5367873744386196,0.6268111621879938,0.10651838779449463,0.23867218500944642,-0.10928136110305786,-0.1403507572570033,288,-0.13287699222564697,-0.24027208635358938,0.10752688172043011,-0.07675647735595481,0.5660974067046173,0.5660974067046173,0.43390259329538267,0.0027457175,4.576196,0.61289823,0.0056925996204933585,0.0
365,All equity (ex-basket),6,88,1581,98,0.005060088551549652,0.0007050951551283419,0.011692990230991311,0.0290955091714105,0.0163376126185866,0.045992281240400196,-9.100395917892456,-0.21100395917892456,0.0290955091714105,0.016059475999235035,0.0446592311761594,0.6071428656578064,0.019150733947753906,0.1010451551331213,0.13696212611363423,0.20319162531760965,0.48432700642337345,0.43808091808350463,0.5302629171856686,0.07914566993713379,0.23867218500944642,-0.08721655607223511,-0.1403507572570033,288,-0.10579153895378113,-0.24027208635358938,0.127134724857685,-0.06056773662567183,0.562302340290955,0.562302340290955,0.4376976597090449,0.0024981624,4.1636043,0.51375496,0.007590132827324478,0.0
365,All equity (ex-basket),6,90,1581,98,0.004427577482605946,0.0007251631617113851,0.009253906462295824,0.028462998102466792,0.016166458128519082,0.044944202920736,-8.214285373687746,-0.18214285373687744,0.028462998102466792,0.016675744194587814,0.04364651846005437,0.6071428656578064,0.015599608421325684,0.08751893265951592,0.13696212611363423,0.20319162531760965,0.41634093004754474,0.36817695696919994,0.4578704142168789,0.06326591968536377,0.23867218500944642,-0.07253670692443848,-0.1403507572570033,288,-0.08810943365097046,-0.24027208635358938,0.13915243516761544,-0.056722164154054955,0.5597722960151803,0.5597722960151803,0.44022770398481975,0.0022089565,3.681594,0.4406201,0.010120177103099304,0.0
365,All equity (ex-basket),6,92,1581,98,0.003795066413662239,0.000597710788555727,0.008437042862328005,0.03542061986084757,0.020375043477643618,0.054369083737864074,-5.885831832885746,-0.13885831832885742,0.03542061986084757,0.020752569764987475,0.053599127738722344,0.6150793433189392,0.01107168197631836,0.07349121717619489,0.13696212611363423,0.20319162531760965,0.3460614374424286,0.30135342486190525,0.39468391870414216,0.049072265625,0.23867218500944642,-0.05731832981109619,-0.1403507572570033,288,-0.07034537196159363,-0.24027208635358938,0.1555977229601518,-0.031159639358524505,0.5559772296015181,0.5559772296015181,0.444022770398482,0.001846675,3.0777915,0.36295342,0.017077798861480076,0.0
365,All equity (ex-basket),6,94,1581,98,0.0031625553447185324,0.0,0.007860946151098407,0.038583175205566096,0.022175222676937893,0.05785156572660757,-4.328865051269526,-0.10328865051269531,0.038583175205566096,0.022422544295171338,0.05951591669706726,0.6150793433189392,0.00895833969116211,0.05720674135804101,0.13696212611363423,0.20319162531760965,0.26740294053665103,0.2215296335520148,0.31286296479561476,0.0363810658454895,0.23867218500944642,-0.042458951473236084,-0.1403507572570033,288,-0.05251303315162659,-0.24027208635358938,0.19165085388994307,-0.029677391052240765,0.5585072738772928,0.5585072738772928,0.4414927261227071,0.0014153972,2.3589952,0.27940232,0.0290955091714105,0.0
365,All equity (ex-basket),6,95,1581,98,0.002530044275774826,0.0,0.007004602494431584,0.04364326375711575,0.025254825479679926,0.06372369052660053,-3.588147163391109,-0.08588147163391113,0.04364326375711575,0.025565006908658896,0.06350926784870388,0.6150793433189392,0.006703376770019531,0.04871872902519713,0.13696212611363423,0.20319162531760965,0.22677449332481392,0.18549443504082624,0.2743256075338683,0.03011232614517212,0.23867218500944642,-0.03563976287841797,-0.1403507572570033,288,-0.043323665857315063,-0.24027208635358938,0.21948134092346616,-0.01703023910522017,0.5521821631878557,0.5521821631878557,0.4478178368121442,0.0011783271,1.9638786,0.23554435,0.043010752688172046,0.0
365,All equity (ex-basket),6,96,1581,98,0.001265022137887413,0.0,0.00392451990774121,0.04996837444655281,0.030779298884779042,0.07303895634940628,-2.888562440872189,-0.06888562440872192,0.04996837444655281,0.03035974273849645,0.07191747994337867,0.6269841194152832,0.005431771278381348,0.04027476475104586,0.13696212611363423,0.20319162531760965,0.18615079325389075,0.1495488636471169,0.2305187754949176,0.023996949195861816,0.23867218500944642,-0.028036832809448242,-0.1403507572570033,288,-0.033866703510284424,-0.24027208635358938,0.2530044275774826,-0.01844382286071422,0.5534471853257432,0.5534471853257432,0.4465528146742568,0.0009280943,1.5468239,0.19083558,0.058191018342821,0.0
365,All equity (ex-basket),6,98,1581,98,0.0006325110689437065,0.0,0.0022166767691604305,0.06261859582542695,0.04096016719940988,0.08723894167542834,-1.347885608673094,-0.03347885608673096,0.06325110689437065,0.04163447797459526,0.0880372977729642,0.5833333730697632,0.003078460693359375,0.021112608276236896,0.13696212611363423,0.20319162531760965,0.09654206382467038,0.0720828898913478,0.12698488464894317,0.011635363101959229,0.23867218500944642,-0.013660192489624023,-0.1403507572570033,288,-0.01678711175918579,-0.24027208635358938,0.4459203036053131,-0.02352404594421209,0.5540796963946869,0.5540796963946869,0.4459203036053131,0.00041614994,0.6935833,0.09686808,0.21062618595825428,0.0
365,All equity (ex-basket),25,50,1581,98,0.0018975332068311196,0.0,0.00481420616952649,0.010120177103099304,0.0034914376228758295,0.01866383997828443,-5.6404173374176025,-0.556404173374176,0.010120177103099304,0.003614927773664356,0.018417329646655694,0.5158730745315552,0.12637555599212646,0.18807775287368794,0.13696212611363423,0.20319162531760965,0.9638292586548176,0.9522710210542722,0.9728088656166906,0.227239727973938,0.23867218500944642,-0.16021859645843506,-0.1403507572570033,288,-0.2737976610660553,-0.24027208635358938,0.0290955091714105,-0.08026957511901855,0.6843769765970904,0.6843769765970904,0.31562302340290954,0.0059462567,2.3785026,0.973574,0.0,0.0
365,All equity (ex-basket),25,55,1581,98,0.003795066413662239,0.0006813329068381396,0.007555857487922705,0.013282732447817837,0.006194027942614725,0.022650140573079628,-5.414732098579411,-0.5041473209857941,0.013282732447817837,0.005831586588183803,0.02264218154267279,0.4285714328289032,0.12323236465454102,0.1850283345152199,0.13696212611363423,0.20319162531760965,0.9521015844342966,0.9342456203806749,0.9653251197136115,0.22644954919815063,0.23867218500944642,-0.17022371292114258,-0.1403507572570033,288,-0.3149372339248657,-0.24027208635358938,0.036053130929791274,-0.06564736366272417,0.6761543327008223,0.6761543327008223,0.32384566729917774,0.0061567603,2.4627042,0.96212256,0.0,0.0
365,All equity (ex-basket),25,60,1581,98,0.004427577482605946,0.0012507426760713578,0.007926649942029336,0.01454775458570525,0.007026955359547093,0.023923854063712946,-9.90178346633911,-0.4990178346633911,0.01454775458570525,0.007510162192339367,0.02443194675193978,0.5634920597076416,0.11999499797821045,0.1819646732856924,0.13696212611363423,0.20319162531760965,0.9378000362121278,0.91729224397921,0.953223692500428,0.22266942262649536,0.23867218500944642,-0.18197864294052124,-0.1403507572570033,288,-0.3187408447265625,-0.24027208635358938,0.04680581910183428,-0.17555117607116477,0.6679316888045541,0.6679316888045541,0.33206831119544594,0.006582401,2.6329603,0.9467007,0.0006325110689437065,0.0
365,All equity (ex-basket),25,65,1581,98,0.004427577482605946,0.0012933913752056873,0.008095295195222093,0.015812776723592662,0.008010642718132186,0.0259666244056925,-8.456244468688967,-0.43456244468688965,0.015812776723592662,0.008070284950181052,0.025595582002319976,0.5952380895614624,0.11260533332824707,0.17594894915724918,0.13696212611363423,0.20319162531760965,0.9095873079115826,0.882698556573245,0.9299566076018656,0.21642273664474487,0.23867218500944642,-0.21010476350784302,-0.1403507572570033,288,-0.2936144471168518,-0.24027208635358938,0.05945604048070841,-0.0502133369445823,0.6559139784946236,0.6559139784946236,0.34408602150537637,0.00727386,2.9095442,0.92338693,0.0,0.0
365,All equity (ex-basket),25,70,1581,98,0.003795066413662239,0.0006578731240058095,0.00762117446068885,0.01644528779253637,0.008959566220854538,0.025543167589797633,-13.556159734725949,-0.4355615973472595,0.01644528779253637,0.008498351447858838,0.02593779784516575,0.5198413133621216,0.10223174095153809,0.16683869490813485,0.13696212611363423,0.20319162531760965,0.8623827737794295,0.8335285064586548,0.8881521070200549,0.20750713348388672,0.23867218500944642,-0.2066514492034912,-0.1403507572570033,288,-0.26010313630104065,-0.24027208635358938,0.07147375079063883,-0.05925416946410689,0.6274509803921569,0.6274509803921569,0.37254901960784315,0.008407266,3.3629062,0.8864763,0.001265022137887413,0.0
365,All equity (ex-basket),25,75,1581,98,0.004427577482605946,0.0012792663789006136,0.007941891909660282,0.02024035420619861,0.011591673369860476,0.03144392978155865,-21.03169560432434,-0.4603169560432434,0.02024035420619861,0.010532549005676895,0.032320578946308166,0.5714285969734192,0.08217227458953857,0.1535681560776944,0.13696212611363423,0.20319162531760965,0.7877111250755136,0.7479256167177111,0.8238659267802778,0.18877416849136353,0.23867218500944642,-0.18086832761764526,-0.1403507572570033,288,-0.21983325481414795,-0.24027208635358938,0.08412397216951296,-0.04591941833496094,0.5977229601518027,0.5977229601518027,0.40227703984819735,0.0102683855,4.107354,0.82870007,0.001265022137887413,0.0
365,All equity (ex-basket),25,80,1581,98,0.005060088551549652,0.0017090874811463046,0.009284699048325299,0.02403542061986085,0.013111364095904493,0.034529021087450894,-12.940787076950077,-0.32940787076950073,0.02403542061986085,0.013353066204989442,0.0359480895161803,0.5753968358039856,0.04604446887969971,0.13419090159553126,0.13696212611363423,0.20319162531760965,0.6788538338656349,0.6283679745399952,0.7182789153294739,0.14393258094787598,0.23867218500944642,-0.1475558876991272,-0.1403507572570033,288,-0.17900651693344116,-0.24027208635358938,0.10056925996204934,-0.0943619012832686,0.5686274509803921,0.5686274509803921,0.43137254901960786,0.011597136,4.6388545,0.73533726,0.002530044275774826,0.0
365,All equity (ex-basket),25,85,1581,98,0.005060088551549652,0.0012610340479192938,0.010109081092458122,0.024667931688804556,0.013896926939272167,0.03801664118213678,-4.289803504943846,-0.19289803504943848,0.024667931688804556,0.013567426869690246,0.03732032489849694,0.5952380895614624,0.015198707580566406,0.10905180269219618,0.13696212611363423,0.20319162531760965,0.5421033557531098,0.493309059056242,0.5855551983553382,0.09078454971313477,0.23867218500944642,-0.11185067892074585,-0.1403507572570033,288,-0.13413307070732117,-0.24027208635358938,0.1157495256166983,-0.06761908531188743,0.5445920303605313,0.5445920303605313,0.45540796963946867,0.0113304965,4.5321984,0.60118455,0.006325110689437065,0.0
365,All equity (ex-basket),25,88,1581,98,0.0056925996204933585,0.0013026580477909922,0.012263883524730443,0.0290955091714105,0.016753264529904263,0.04399234968584083,-9.31003737449646,-0.2131003737449646,0.0290955091714105,0.01612594563045772,0.04424885935634014,0.6071428656578064,0.011118412017822266,0.0903390302528391,0.13696212611363423,0.20319162531760965,0.4455718874959926,0.3984174081078785,0.4936954828024387,0.06782877445220947,0.23867218500944642,-0.0889737606048584,-0.1403507572570033,288,-0.10653665661811829,-0.24027208635358938,0.13029728020240355,-0.06767559051513716,0.5376344086021505,0.5376344086021505,0.46236559139784944,0.010241343,4.096537,0.50246364,0.006957621758380772,0.0
365,All equity (ex-basket),25,90,1581,98,0.004427577482605946,0.0010607071469935978,0.009399712380538798,0.03099304237824162,0.017715541239163288,0.045258494370250445,-7.981344461441042,-0.1798134446144104,0.03099304237824162,0.018333123187492122,0.04458864114154353,0.6071428656578064,0.008849501609802246,0.0779135323716899,0.13696212611363423,0.20319162531760965,0.381263992939675,0.3296251134294606,0.42813830030916683,0.05435335636138916,0.23867218500944642,-0.07404589653015137,-0.1403507572570033,288,-0.08912250399589539,-0.24027208635358938,0.1461100569259962,-0.05313396453857644,0.5395319418089817,0.5395319418089817,0.4604680581910183,0.009010216,3.6040864,0.43031168,0.009487666034155597,0.0
365,All equity (ex-basket),25,92,1581,98,0.0031625553447185324,0.0,0.007774459948681652,0.03225806451612903,0.017543006348556215,0.04996822274979569,-5.734167814254764,-0.1373416781425476,0.03289057558507274,0.017583206581004443,0.05115008193153595,0.6150793433189392,0.006371736526489258,0.06501090635912543,0.13696212611363423,0.20319162531760965,0.31484983426798585,0.2685386157834409,0.3612541983213043,0.04265892505645752,0.23867218500944642,-0.0583077073097229,-0.1403507572570033,288,-0.07080978155136108,-0.24027208635358938,0.16382036685641999,-0.04021954536438388,0.5351043643263758,0.5351043643263758,0.4648956356736243,0.0075059417,3.0023768,0.3537617,0.017077798861480076,0.0
365,All equity (ex-basket),25,94,1581,98,0.0031625553447185324,0.0,0.007802112516089952,0.038583175205566096,0.02119808099780712,0.05698499594484996,-4.2867543697357124,-0.10286754369735718,0.038583175205566096,0.02184751996821446,0.05723391521197007,0.6150793433189392,0.005277037620544434,0.05082485371944951,0.13696212611363423,0.20319162531760965,0.24388432680704278,0.1988490654069129,0.2932471034641762,0.031882405281066895,0.23867218500944642,-0.043556928634643555,-0.1403507572570033,288,-0.052562594413757324,-0.24027208635358938,0.2049335863377609,-0.03022575378417436,0.5370018975332068,0.5370018975332068,0.4629981024667932,0.005724785,2.289914,0.27217793,0.030360531309297913,0.0
365,All equity (ex-basket),25,95,1581,98,0.0018975332068311196,0.0,0.006061633281972264,0.044275774826059454,0.02661992174280412,0.06615565563129165,-3.5300385951995805,-0.08530038595199585,0.044275774826059454,0.02581205912769073,0.06479041616130089,0.6150793433189392,0.0040073394775390625,0.04347453544895382,0.13696212611363423,0.20319162531760965,0.20730121177387656,0.16371136008058693,0.25329480544010263,0.025981903076171875,0.23867218500944642,-0.036198198795318604,-0.1403507572570033,288,-0.043512821197509766,-0.24027208635358938,0.22833649588867805,-0.01778125762939009,0.5376344086021505,0.5376344086021505,0.46236559139784944,0.0047547314,1.9018925,0.22966334,0.046173308032890575,0.0
365,All equity (ex-basket),25,96,1581,98,0.001265022137887413,0.0,0.004228329809725159,0.048703352308665404,0.030615378362728443,0.06935052474182378,-2.8912982940673793,-0.06891298294067383,0.048703352308665404,0.029374180946950372,0.06966692195531467,0.6150793433189392,0.0036373138427734375,0.036090010370656254,0.13696212611363423,0.20319162531760965,0.17058208708487946,0.13499361812937014,0.21312751154656812,0.020909011363983154,0.23867218500944642,-0.028324782848358154,-0.1403507572570033,288,-0.034147709608078,-0.24027208635358938,0.2605945604048071,-0.01933193206786754,0.5395319418089817,0.5395319418089817,0.4604680581910183,0.0037467424,1.498697,0.18619676,0.06198608475648324,0.0
365,All equity (ex-basket),25,98,1581,98,0.0006325110689437065,0.0,0.002099889467788638,0.06514864010120178,0.04365681427282068,0.08891304794226468,-1.3487200736999494,-0.03348720073699951,0.06514864010120178,0.04283556606987565,0.09050673881290665,0.579365074634552,0.00245511531829834,0.01940729363970482,0.13696212611363423,0.20319162531760965,0.09020323940106581,0.06509881718407073,0.12138996213242279,0.010826289653778076,0.23867218500944642,-0.013799548149108887,-0.1403507572570033,288,-0.016979128122329712,-0.24027208635358938,0.4573055028462998,-0.025932073593137872,0.5426944971537002,0.5426944971537002,0.4573055028462998,0.0016766972,0.67067885,0.09483204,0.2137887413029728,0.0
365,Index/ETF,6,50,597,98,0.0,0.0,0.0,0.0,0.0,0.0,0.13819336891174316,-0.49861806631088257,0.0,0.0,0.0,,0.11079156398773193,0.10789469768054522,0.11224736751056641,0.11167240450632668,0.9904018035881402,0.9837179914731475,0.9934645235331103,0.18302643299102783,0.18619894760196187,-0.12169790267944336,-0.11918011579956772,97,-0.22276175022125244,-0.208381160752506,0.008375209380234505,,0.7018425460636516,0.7018425460636516,0.2981574539363484,0.0013312357,2.2187262,0.99067706,0.0,0.0
365,Index/ETF,6,55,597,98,0.0,0.0,0.0,0.0,0.0,0.0,0.08795976638793501,-0.4491204023361206,0.0,0.0,0.0,,0.11079156398773193,0.10641197573200142,0.11224736751056641,0.11167240450632668,0.9837704485269951,0.9685974087826078,0.9923374602512746,0.18302643299102783,0.18619894760196187,-0.1255817413330078,-0.11918011579956772,97,-0.2250480055809021,-0.208381160752506,0.010050251256281407,,0.6934673366834171,0.6934673366834171,0.3065326633165829,0.0013698048,2.283008,0.98412454,0.0,0.0
365,Index/ETF,6,60,597,98,0.0,0.0,0.0,0.0,0.0,0.0,0.04968881607055886,-0.39950311183929443,0.0,0.0,0.0,,0.10962140560150146,0.10469585687071833,0.11224736751056641,0.11167240450632668,0.9755205020423318,0.9564757286749968,0.9888869670680509,0.18109416961669922,0.18619894760196187,-0.1325557827949524,-0.11918011579956772,97,-0.25053584575653076,-0.208381160752506,0.011725293132328308,,0.6901172529313233,0.6901172529313233,0.3098827470686767,0.001450146,2.41691,0.97380966,0.0,0.0
365,Index/ETF,6,65,597,98,0.0,0.0,0.0,0.0016750418760469012,0.0,0.005586852747436004,-0.004752874374391869,-0.3500475287437439,0.0016750418760469012,0.0,0.005076357222747999,0.9444444179534912,0.10962140560150146,0.10298566922071192,0.11224736751056641,0.11167240450632668,0.9622619697586933,0.9405687835581213,0.979986949387105,0.18109416961669922,0.18619894760196187,-0.16094517707824707,-0.11918011579956772,97,-0.2457095980644226,-0.208381160752506,0.021775544388609715,-0.004752874374391869,0.6850921273031826,0.6850921273031826,0.3149078726968174,0.0015703769,2.6172948,0.956709,0.0,0.0
365,Index/ETF,6,70,597,98,0.0,0.0,0.0,0.0016750418760469012,0.0,0.005369419453403494,-0.0414800643920854,-0.3004148006439209,0.0016750418760469012,0.0,0.005386238585433269,0.5158730149269104,0.10542333126068115,0.10057221445406302,0.11224736751056641,0.11167240450632668,0.936071846998421,0.9116743286858345,0.9592198213182109,0.17466223239898682,0.18619894760196187,-0.15772917866706848,-0.11918011579956772,97,-0.22192847728729248,-0.208381160752506,0.03015075376884422,-0.0414800643920854,0.6750418760469011,0.6750418760469011,0.3249581239530988,0.0017726807,2.9544675,0.9279736,0.0,0.0
365,Index/ETF,6,75,597,98,0.0,0.0,0.0,0.0033500837520938024,0.0,0.008265837928521334,-0.06282329559326172,-0.2506282329559326,0.0033500837520938024,0.0,0.008610190043332286,0.7063491940498352,0.09555995464324951,0.09664952655134089,0.11224736751056641,0.11167240450632668,0.8811061220049071,0.8497284730462131,0.9086972942019009,0.16544950008392334,0.18619894760196187,-0.14240264892578125,-0.11918011579956772,97,-0.19134074449539185,-0.208381160752506,0.035175879396984924,-0.058785080909729004,0.6549413735343383,0.6549413735343383,0.34505862646566166,0.0021637392,3.606232,0.8792066,0.0,0.0
365,Index/ETF,6,80,597,98,0.0,0.0,0.0,0.005025125628140704,0.0,0.010564046152862713,-0.04408240318298784,-0.20044082403182983,0.005025125628140704,0.0,0.010836754610310943,0.89682537317276,0.071197509765625,0.08694607199136935,0.11224736751056641,0.11167240450632668,0.7735463963377041,0.7371858049738899,0.8050725023095042,0.14209020137786865,0.18619894760196187,-0.11752983927726746,-0.11918011579956772,97,-0.15440714359283447,-0.208381160752506,0.04522613065326633,-0.005100965499882371,0.644891122278057,0.644891122278057,0.35510887772194305,0.00248344,4.139067,0.78540117,0.0,0.0
365,Index/ETF,6,85,597,98,0.0016750418760469012,0.0,0.005646049294834713,0.006700167504187605,0.0015622573757763977,0.012907137698603752,-2.700564861297605,-0.17700564861297607,0.006700167504187605,0.001507957443066913,0.013914867740954696,0.8432539701461792,0.04541337490081787,0.06985458876419706,0.11224736751056641,0.11167240450632668,0.610925982418044,0.5714384055080418,0.6444654725658895,0.0987769365310669,0.18619894760196187,-0.08854684233665466,-0.11918011579956772,97,-0.11504179239273071,-0.208381160752506,0.051926298157453935,-0.023633837699887916,0.6348408710217756,0.6348408710217756,0.36515912897822445,0.0023538994,3.9231656,0.6368672,0.0,0.0
365,Index/ETF,6,88,597,98,0.0016750418760469012,0.0,0.005773620024592785,0.006700167504187605,0.0015527348452019835,0.013629035203947783,-9.100395917892456,-0.21100395917892456,0.006700167504187605,0.0015119654433437544,0.013179100261559393,0.6686508059501648,0.036968231201171875,0.05703657516083326,0.11224736751056641,0.11167240450632668,0.4969765914057431,0.46141206472332247,0.5295551156533005,0.07536137104034424,0.18619894760196187,-0.07147645950317383,-0.11918011579956772,97,-0.09209734201431274,-0.208381160752506,0.06365159128978225,-0.02916502952575728,0.6348408710217756,0.6348408710217756,0.36515912897822445,0.002034164,3.390273,0.52586836,0.0,0.0
365,Index/ETF,6,90,597,98,0.0016750418760469012,0.0,0.00555633147113594,0.008375209380234505,0.0015722653357424247,0.01732766186869953,-8.214285373687746,-0.18214285373687744,0.008375209380234505,0.00162067997880967,0.017826773034101868,0.7896825671195984,0.030156493186950684,0.04791688719386831,0.11224736751056641,0.11167240450632668,0.41673852284673746,0.3837304657907877,0.44557980938202113,0.062032461166381836,0.18619894760196187,-0.0576816201210022,-0.11918011579956772,97,-0.07658398151397705,-0.208381160752506,0.07537688442211055,-0.019862651824953392,0.6348408710217756,0.6348408710217756,0.36515912897822445,0.0017250131,2.8750217,0.4450685,0.0016750418760469012,0.0
365,Index/ETF,6,92,597,98,0.0016750418760469012,0.0,0.005357622887864823,0.010050251256281407,0.00148803995966886,0.021964667016334108,-5.885831832885746,-0.13885831832885742,0.010050251256281407,0.0015893259590738585,0.02245298946265355,0.8253968358039856,0.024030447006225586,0.03864640067370493,0.11224736751056641,0.11167240450632668,0.3345022828357198,0.30534674281483737,0.3633042538380887,0.04891049861907959,0.18619894760196187,-0.04591396450996399,-0.11918011579956772,97,-0.06140899658203125,-0.208381160752506,0.09380234505862646,-0.005529642105106536,0.6331658291457286,0.6331658291457286,0.36683417085427134,0.0013675495,2.2792492,0.3611575,0.006700167504187605,0.0
365,Index/ETF,6,94,597,98,0.0016750418760469012,0.0,0.005760402285303789,0.010050251256281407,0.0015694924937315518,0.02315375162307549,-4.328865051269526,-0.10328865051269531,0.010050251256281407,0.0015998089171974524,0.02310954728712294,0.8650793433189392,0.017424345016479492,0.029065128147502242,0.11224736751056641,0.11167240450632668,0.25102570012145825,0.22743092892065353,0.276675573212786,0.03635096549987793,0.18619894760196187,-0.03455659747123718,-0.11918011579956772,97,-0.04593157768249512,-0.208381160752506,0.12897822445561138,-0.015947461128229534,0.6348408710217756,0.6348408710217756,0.36515912897822445,0.0009834114,1.639019,0.2736128,0.008375209380234505,0.0
365,Index/ETF,6,95,597,98,0.0016750418760469012,0.0,0.0056370499654990434,0.011725293132328308,0.001692047377326565,0.025218518064159964,-3.588147163391109,-0.08588147163391113,0.011725293132328308,0.0016715532036613273,0.025103629735609423,0.7301587462425232,0.014724373817443848,0.023992070500774797,0.11224736751056641,0.11167240450632668,0.20740467420798386,0.1884712842065992,0.22704001665456308,0.02989351749420166,0.18619894760196187,-0.02855384349822998,-0.11918011579956772,97,-0.037956178188323975,-0.208381160752506,0.1440536013400335,-0.014437437057490676,0.6348408710217756,0.6348408710217756,0.36515912897822445,0.0007910164,1.3183606,0.22861679,0.021775544388609715,0.0
365,Index/ETF,6,96,597,98,0.0016750418760469012,0.0,0.005770348837209302,0.011725293132328308,0.0018140732617085771,0.025823834492191937,-2.888562440872189,-0.06888562440872192,0.011725293132328308,0.0015454759789760967,0.024531792631842755,0.7301587462425232,0.011434793472290039,0.01888774008407465,0.11224736751056641,0.11167240450632668,0.16386355606117187,0.14909219842014437,0.17976001059094718,0.02396988868713379,0.18619894760196187,-0.02250128984451294,-0.11918011579956772,97,-0.030457913875579834,-0.208381160752506,0.1708542713567839,-0.007750749588009143,0.6298157453936348,0.6298157453936348,0.37018425460636517,0.00059979537,0.99965894,0.18301496,0.02847571189279732,0.0
365,Index/ETF,6,98,597,98,0.0016750418760469012,0.0,0.005862293015438245,0.01675041876046901,0.0033606442577030814,0.032415606789810335,-1.347885608673094,-0.03347885608673096,0.018425460636515914,0.005317749160134378,0.03464909277644642,0.5198412537574768,0.005585432052612305,0.009084756550078017,0.11224736751056641,0.11167240450632668,0.07906763544678712,0.07332392469214387,0.08475303340077098,0.011723875999450684,0.18619894760196187,-0.011102855205535889,-0.11918011579956772,97,-0.014825761318206787,-0.208381160752506,0.36515912897822445,-0.013921737670896661,0.6348408710217756,0.6348408710217756,0.36515912897822445,0.00023875384,0.39792302,0.08993628,0.152428810720268,0.0
365,Index/ETF,25,50,597,98,0.0,0.0,0.0,0.0,0.0,0.0,0.11829733848571777,-0.4988170266151428,0.0,0.0,0.0,,0.10657203197479248,0.1033759282861323,0.11224736751056641,0.11167240450632668,0.9691858377998979,0.9608218921145194,0.9739464781646556,0.17853248119354248,0.18619894760196187,-0.12503427267074585,-0.11918011579956772,97,-0.22571426630020142,-0.208381160752506,0.008375209380234505,,0.695142378559464,0.695142378559464,0.304857621440536,0.0055397623,2.215905,0.9902665,0.0,0.0
365,Index/ETF,25,55,597,98,0.0,0.0,0.0,0.0,0.0,0.0,0.0767123699188188,-0.44923287630081177,0.0,0.0,0.0,,0.10657203197479248,0.10175378328591735,0.11224736751056641,0.11167240450632668,0.9617645454067141,0.9437805223843575,0.9714910866498931,0.17853248119354248,0.18619894760196187,-0.1292712688446045,-0.11918011579956772,97,-0.23484641313552856,-0.208381160752506,0.010050251256281407,,0.6884422110552764,0.6884422110552764,0.31155778894472363,0.0057038735,2.2815495,0.9834375,0.0,0.0
365,Index/ETF,25,60,597,98,0.0,0.0,0.0,0.0,0.0,0.0,0.04073619842529519,-0.39959263801574707,0.0,0.0,0.0,,0.10540640354156494,0.09981520651173552,0.11224736751056641,0.11167240450632668,0.9531509016806201,0.9309957553096253,0.9674879052892095,0.17660760879516602,0.18619894760196187,-0.13632142543792725,-0.11918011579956772,97,-0.2560582160949707,-0.208381160752506,0.01507537688442211,,0.6850921273031826,0.6850921273031826,0.3149078726968174,0.0060331123,2.413245,0.97261155,0.0,0.0
365,Index/ETF,25,65,597,98,0.0,0.0,0.0,0.0,0.0,0.0,0.02755880355834739,-0.3497244119644165,0.0,0.0,0.0,,0.10540640354156494,0.09769448962443239,0.11224736751056641,0.11167240450632668,0.9387139427080222,0.9156804102573429,0.9572344625584122,0.17660760879516602,0.18619894760196187,-0.16825777292251587,-0.11918011579956772,97,-0.2526007890701294,-0.208381160752506,0.02512562814070352,,0.6767169179229481,0.6767169179229481,0.3232830820770519,0.006533758,2.613503,0.9546706,0.0,0.0
365,Index/ETF,25,70,597,98,0.0,0.0,0.0,0.0016750418760469012,0.0,0.005416023175518153,-0.016416311264033645,-0.3001641631126404,0.0016750418760469012,0.0,0.005218766715060746,0.5158730149269104,0.099853515625,0.09454543546615933,0.11224736751056641,0.11167240450632668,0.9083906081221457,0.8791208687195089,0.9309992864617538,0.17020010948181152,0.18619894760196187,-0.1671471893787384,-0.11918011579956772,97,-0.2258473038673401,-0.208381160752506,0.03350083752093802,-0.016416311264033645,0.6649916247906198,0.6649916247906198,0.33500837520938026,0.0073787523,2.951501,0.92469203,0.0,0.0
365,Index/ETF,25,75,597,98,0.0,0.0,0.0,0.0016750418760469012,0.0,0.005347832314744079,-0.05772709846496582,-0.25057727098464966,0.0016750418760469012,0.0,0.005425447074692405,0.89682537317276,0.08764863014221191,0.08893982988705787,0.11224736751056641,0.11167240450632668,0.8427009243244723,0.8094008433471185,0.8708082178572666,0.1558992862701416,0.18619894760196187,-0.14915615320205688,-0.11918011579956772,97,-0.1952839493751526,-0.208381160752506,0.038525963149078725,-0.05772709846496582,0.6482412060301508,0.6482412060301508,0.35175879396984927,0.009063719,3.6254878,0.8734963,0.0,0.0
365,Index/ETF,25,80,597,98,0.0,0.0,0.0,0.005025125628140704,0.0,0.011129218859173897,-0.04267573356628862,-0.20042675733566284,0.005025125628140704,0.0,0.011238227700810878,0.89682537317276,0.05865943431854248,0.07773179454819441,0.11224736751056641,0.11167240450632668,0.723368420346682,0.6820490824877298,0.7574178512316273,0.12971282005310059,0.18619894760196187,-0.12333795428276062,-0.11918011579956772,97,-0.15817397832870483,-0.208381160752506,0.048576214405360134,-0.0076699256897017065,0.626465661641541,0.626465661641541,0.37353433835845895,0.01033112,4.1324477,0.77620196,0.0,0.0
365,Index/ETF,25,85,597,98,0.0016750418760469012,0.0,0.005319385132837005,0.006700167504187605,0.0016152495740813253,0.01389070680628272,-3.4411942958831765,-0.1844119429588318,0.006700167504187605,0.001547749464158133,0.01288566528383887,0.8432539701461792,0.035774946212768555,0.06075025643136234,0.11224736751056641,0.11167240450632668,0.5589255377500622,0.5182307357520561,0.6000563291457646,0.0845712423324585,0.18619894760196187,-0.09250038862228394,-0.11918011579956772,97,-0.11705368757247925,-0.208381160752506,0.05695142378559464,-0.01267552375793235,0.6113902847571189,0.6113902847571189,0.38860971524288107,0.009699916,3.8799663,0.6262258,0.0,0.0
365,Index/ETF,25,88,597,98,0.0016750418760469012,0.0,0.005929663707639473,0.006700167504187605,0.0015999361022364217,0.013245346678707606,-9.31003737449646,-0.2131003737449646,0.006700167504187605,0.0015619583012326658,0.013817523351919249,0.6686508059501648,0.027857422828674316,0.04913266390012936,0.11224736751056641,0.11167240450632668,0.45121411549325363,0.4085615891000794,0.4880147746771947,0.06760823726654053,0.18619894760196187,-0.07411554455757141,-0.11918011579956772,97,-0.0945315957069397,-0.208381160752506,0.06365159128978225,-0.03171312808990523,0.6063651591289783,0.6063651591289783,0.3936348408710218,0.008322297,3.3289185,0.5158754,0.0,0.0
365,Index/ETF,25,90,597,98,0.0016750418760469012,0.0,0.00572546451038489,0.010050251256281407,0.0016444680942552458,0.022842757943668884,-7.981344461441042,-0.1798134446144104,0.010050251256281407,0.0016474464579901153,0.02298982996980772,0.807539701461792,0.02362239360809326,0.04129896461464452,0.11224736751056641,0.11167240450632668,0.377634536627879,0.34114171656638487,0.40953794945307553,0.05553412437438965,0.18619894760196187,-0.05923432111740112,-0.11918011579956772,97,-0.07844769954681396,-0.208381160752506,0.08040201005025126,-0.01575291156769021,0.609715242881072,0.609715242881072,0.39028475711892796,0.0070176227,2.8070493,0.43641493,0.0016750418760469012,0.0
365,Index/ETF,25,92,597,98,0.0016750418760469012,0.0,0.005608532657479274,0.010050251256281407,0.0017451246875969135,0.02279927519289221,-5.734167814254764,-0.1373416781425476,0.010050251256281407,0.0016578319531638046,0.02289473899035635,0.8234127163887024,0.019102811813354492,0.033339131217905424,0.11224736751056641,0.11167240450632668,0.30318757927501633,0.27506145952589406,0.33346224753170634,0.0432131290435791,0.18619894760196187,-0.04710996150970459,-0.11918011579956772,97,-0.06220090389251709,-0.208381160752506,0.10050251256281408,-0.005625009536747161,0.609715242881072,0.609715242881072,0.39028475711892796,0.0055737034,2.2294815,0.35396573,0.005025125628140704,0.0
365,Index/ETF,25,94,597,98,0.0016750418760469012,0.0,0.005567429086592848,0.010050251256281407,0.0017035050817601318,0.023144420747060038,-4.2867543697357124,-0.10286754369735718,0.010050251256281407,0.0015127452121311692,0.022583319259134153,0.8115079402923584,0.014728069305419922,0.02521171272300196,0.11224736751056641,0.11167240450632668,0.22828616407927527,0.20481096711974986,0.25297862284515416,0.03244304656982422,0.18619894760196187,-0.035723865032196045,-0.11918011579956772,97,-0.046399831771850586,-0.208381160752506,0.1373534338358459,-0.018495559692377483,0.6197654941373534,0.6197654941373534,0.38023450586264657,0.0039937194,1.5974878,0.2683126,0.010050251256281407,0.0
365,Index/ETF,25,95,597,98,0.0016750418760469012,0.0,0.005566121345462822,0.011725293132328308,0.0016094183879189015,0.024273662775899055,-3.5300385951995805,-0.08530038595199585,0.011725293132328308,0.0016312549484300525,0.02528557540405881,0.7301587462425232,0.012334227561950684,0.02095443439643387,0.11224736751056641,0.11167240450632668,0.18939609719975684,0.1711656242372089,0.20975771345532082,0.027366042137145996,0.18619894760196187,-0.02916961908340454,-0.11918011579956772,97,-0.038197219371795654,-0.208381160752506,0.1490787269681742,-0.01798391342162642,0.6214405360134003,0.6214405360134003,0.3785594639865997,0.003202224,1.2808895,0.22438313,0.023450586264656615,0.0
365,Index/ETF,25,96,597,98,0.0016750418760469012,0.0,0.005445391259422151,0.011725293132328308,0.001677712060335346,0.025643086816720253,-2.8912982940673793,-0.06891298294067383,0.011725293132328308,0.0016285982892402214,0.025318753015231222,0.7301587462425232,0.009099006652832031,0.016498290514027455,0.11224736751056641,0.11167240450632668,0.1497155851564794,0.13430385820729432,0.16423475736112597,0.021786808967590332,0.18619894760196187,-0.02289101481437683,-0.11918011579956772,97,-0.030812084674835205,-0.208381160752506,0.18090452261306533,-0.011529684066768908,0.6180904522613065,0.6180904522613065,0.38190954773869346,0.0024334877,0.973395,0.17972939,0.031825795644891124,0.0
365,Index/ETF,25,98,597,98,0.0016750418760469012,0.0,0.00569341440097339,0.020100502512562814,0.007257896042512632,0.03577199754636198,-1.3487200736999494,-0.03348720073699951,0.020100502512562814,0.006386608149299326,0.03577609778349236,0.648809552192688,0.005063533782958984,0.008242393158987739,0.11224736751056641,0.11167240450632668,0.07410330991867659,0.06855442949002509,0.07947768343588418,0.011109113693237305,0.18619894760196187,-0.011403679847717285,-0.11918011579956772,97,-0.015053868293762207,-0.208381160752506,0.37185929648241206,-0.016371488571165216,0.628140703517588,0.628140703517588,0.37185929648241206,0.00097377674,0.38951066,0.08869418,0.15577889447236182,0.0
365,Single stock,6,50,984,64,0.003048780487804878,0.0,0.008090006329790294,0.016260162601626018,0.005662346019488877,0.029325644516060647,-5.645635724067688,-0.5564563572406769,0.016260162601626018,0.0053974162407071195,0.028809659868804835,0.5158730745315552,0.15345609188079834,0.24501516812337124,0.15873523903372688,0.2587170062366502,0.9751905634299818,0.9619078827635504,0.9863933680746609,0.29182374477386475,0.295550439850661,-0.179607093334198,-0.1578497404702519,191,-0.33695077896118164,-0.26495635276862384,0.037601626016260166,-0.060248374938964844,0.6829268292682927,0.6829268292682927,0.3170731707317073,0.0014894218,2.4823697,0.96437085,0.0,0.0
365,Single stock,6,55,984,64,0.006097560975609756,0.0018379415122213268,0.011620666817298939,0.021341463414634148,0.009781708195609798,0.036351385400229974,-5.4681855440139815,-0.5046818554401398,0.021341463414634148,0.009409403079772276,0.03571695095948827,0.4920634925365448,0.1476435661315918,0.24118072294243953,0.15873523903372688,0.2587170062366502,0.9626387447882272,0.9424944510637238,0.9775030261304687,0.2900707721710205,0.295550439850661,-0.19588208198547363,-0.1578497404702519,191,-0.35598647594451904,-0.26495635276862384,0.04878048780487805,-0.05386352539062944,0.6737804878048781,0.6737804878048781,0.32621951219512196,0.0015477051,2.5795083,0.95041764,0.0,0.0
365,Single stock,6,60,984,64,0.007113821138211382,0.0020461570904676918,0.013402061855670102,0.023373983739837397,0.011410418957099454,0.0385403170253731,-9.710750579833983,-0.49710750579833984,0.023373983739837397,0.010699094285466757,0.038659734872680526,0.5634920597076416,0.1450575590133667,0.2380032041450826,0.15873523903372688,0.2587170062366502,0.9481796412205189,0.9254796226285417,0.9667673285086049,0.28897058963775635,0.295550439850661,-0.22614949941635132,-0.1578497404702519,191,-0.3397431969642639,-0.26495635276862384,0.061991869918699184,-0.1831686496734597,0.6646341463414634,0.6646341463414634,0.3353658536585366,0.0016620135,2.7700224,0.93275243,0.0010162601626016261,0.0
365,Single stock,6,65,984,64,0.007113821138211382,0.0020875197417443117,0.013485852302964585,0.024390243902439025,0.01151652674188645,0.041160657003895935,-8.240630626678469,-0.43240630626678467,0.02540650406504065,0.013264799297202324,0.0413866528616288,0.567460298538208,0.1332799792289734,0.23077555025011542,0.15873523903372688,0.2587170062366502,0.9190431236483154,0.8878510884912958,0.9419662306263827,0.27705860137939453,0.295550439850661,-0.2362012267112732,-0.1578497404702519,191,-0.3100590109825134,-0.26495635276862384,0.07621951219512195,-0.12420356273651345,0.6514227642276422,0.6514227642276422,0.3485772357723577,0.0018526723,3.087787,0.90725696,0.0010162601626016261,0.0
365,Single stock,6,70,984,64,0.006097560975609756,0.0010393934306977787,0.012168245169202214,0.02540650406504065,0.012193107338562372,0.04294919439160504,-13.316006660461422,-0.43316006660461426,0.02540650406504065,0.01246755625327054,0.042577803915206575,0.5555555820465088,0.11398684978485107,0.21963304735538436,0.15873523903372688,0.2587170062366502,0.8718209251201999,0.833087141599522,0.9005157461775781,0.26643967628479004,0.295550439850661,-0.22409826517105103,-0.1578497404702519,191,-0.2710202932357788,-0.26495635276862384,0.08841463414634146,-0.027043819427485793,0.6199186991869918,0.6199186991869918,0.3800813008130081,0.002167328,3.6122139,0.86806226,0.0010162601626016261,0.0
365,Single stock,6,75,984,64,0.007113821138211382,0.00200180240060599,0.013516474117739938,0.031504065040650404,0.01864665119679583,0.047071706173853985,-19.469350576400757,-0.44469350576400757,0.031504065040650404,0.01725674448902656,0.047619047619047616,0.5555555820465088,0.08700168132781982,0.204441242041142,0.15873523903372688,0.2587170062366502,0.8030908733799241,0.7561866510788873,0.8422293612790033,0.23173844814300537,0.295550439850661,-0.19785672426223755,-0.1578497404702519,191,-0.22903770208358765,-0.26495635276862384,0.10365853658536585,-0.02855658531188965,0.5802845528455285,0.5802845528455285,0.41971544715447157,0.0026311968,4.3853273,0.8091789,0.0020325203252032522,0.0
365,Single stock,6,80,984,64,0.008130081300813009,0.0029210584642663643,0.014135335303705815,0.03048780487804878,0.01711726832572754,0.04602287028515324,-15.574865341186527,-0.35574865341186523,0.03048780487804878,0.016730643044619423,0.04582780866944194,0.5396825671195984,0.04454922676086426,0.1814832159174167,0.15873523903372688,0.2587170062366502,0.7027012751079454,0.6436519038492083,0.7477786992775708,0.18403708934783936,0.295550439850661,-0.1636250615119934,-0.1578497404702519,191,-0.18451714515686035,-0.26495635276862384,0.125,-0.10703682899475542,0.5447154471544715,0.5447154471544715,0.45528455284552843,0.0029797943,4.9663234,0.72126424,0.0040650406504065045,0.0
365,Single stock,6,85,984,64,0.007113821138211382,0.0020491803278688526,0.013129205479901962,0.03556910569105691,0.019646783260066907,0.05512839615851738,-4.256067276000975,-0.19256067276000977,0.03556910569105691,0.020544821528022242,0.0532548526240115,0.5555555820465088,0.015109717845916748,0.15225201608931146,0.15873523903372688,0.2587170062366502,0.5777274787691495,0.517874543735155,0.6312543650887477,0.11249291896820068,0.295550439850661,-0.12241178750991821,-0.1578497404702519,191,-0.13835746049880981,-0.26495635276862384,0.14126016260162602,-0.08919596672057883,0.524390243902439,0.524390243902439,0.47560975609756095,0.002983437,4.972395,0.59835607,0.009146341463414634,0.0
365,Single stock,6,88,984,64,0.007113821138211382,0.0011451831591743227,0.014693560296918111,0.042682926829268296,0.02425265121759623,0.06548615396482567,-3.404850244522095,-0.15404850244522095,0.042682926829268296,0.02341421234151304,0.06463734465269866,0.6071428656578064,0.00806349515914917,0.12774548261630825,0.15873523903372688,0.2587170062366502,0.4806012204558276,0.41768650649102146,0.5329803361218495,0.08282351493835449,0.295550439850661,-0.09771937131881714,-0.1578497404702519,191,-0.110728919506073,-0.26495635276862384,0.16565040650406504,-0.06746399402618453,0.5182926829268293,0.5182926829268293,0.4817073170731707,0.0027796738,4.6327896,0.50640565,0.012195121951219513,0.0
365,Single stock,6,90,984,64,0.006097560975609756,0.0010899591290812667,0.012052204378000345,0.04065040650406504,0.023700472547047043,0.059746410245027984,-5.326857566833498,-0.15326857566833496,0.04065040650406504,0.023462379253003495,0.06081820779075923,0.5952380895614624,0.005881547927856445,0.1115457834145887,0.15873523903372688,0.2587170062366502,0.41622382378088907,0.35413050127825824,0.4726659108078792,0.06401968002319336,0.295550439850661,-0.08096951246261597,-0.1578497404702519,191,-0.09150159358978271,-0.26495635276862384,0.17784552845528456,-0.07018983364105447,0.5142276422764228,0.5142276422764228,0.48577235772357724,0.0025025683,4.170947,0.43792117,0.01524390243902439,0.0
365,Single stock,6,92,984,64,0.00508130081300813,0.0009794319294809011,0.010499993533989045,0.0508130081300813,0.030199777935118435,0.07518136283205952,-3.747676134109501,-0.11747676134109497,0.0508130081300813,0.030290928453867754,0.07692488262910799,0.6031745672225952,0.003257453441619873,0.09463182231032752,0.15873523903372688,0.2587170062366502,0.34946605001196307,0.28766163216768414,0.40947540520473175,0.049138426780700684,0.295550439850661,-0.06404048204421997,-0.1578497404702519,191,-0.07318508625030518,-0.26495635276862384,0.19308943089430894,-0.04042220115662021,0.5091463414634146,0.5091463414634146,0.49085365853658536,0.002137364,3.562273,0.364043,0.023373983739837397,0.0
365,Single stock,6,94,984,64,0.0040650406504065045,0.0,0.009574722996397254,0.05589430894308943,0.03172940465188939,0.08189232251370979,-2.5776627063751167,-0.08577662706375122,0.05589430894308943,0.033066844110803524,0.08283573660330773,0.6071428656578064,0.002639949321746826,0.07428046400711788,0.15873523903372688,0.2587170062366502,0.27222666341855545,0.21443591060668923,0.3335259377689731,0.036411166191101074,0.295550439850661,-0.04824709892272949,-0.1578497404702519,191,-0.054504215717315674,-0.26495635276862384,0.22967479674796748,-0.03684186935424272,0.5121951219512195,0.5121951219512195,0.4878048780487805,0.001677486,2.7958102,0.28291488,0.041666666666666664,0.0
365,Single stock,6,95,984,64,0.003048780487804878,0.0,0.008168745337337642,0.06300813008130081,0.03826641842240663,0.0919022869022869,-2.1271777153015092,-0.07127177715301514,0.06300813008130081,0.03885405468040866,0.09121005642719637,0.6111111044883728,0.00023168325424194336,0.06372057367873386,0.15873523903372688,0.2587170062366502,0.23247964494520082,0.178252422786979,0.2904935079394025,0.030179142951965332,0.295550439850661,-0.04024100303649902,-0.1578497404702519,191,-0.04549670219421387,-0.26495635276862384,0.2652439024390244,-0.017560720443721145,0.5020325203252033,0.5020325203252033,0.49796747967479676,0.0014133115,2.355519,0.23974736,0.05589430894308943,0.0
365,Single stock,6,96,984,64,0.0010162601626016261,0.0,0.0032895639551678317,0.07317073170731707,0.04787165138090056,0.10223982948203386,-1.6767940521240199,-0.056767940521240234,0.07317073170731707,0.0464556695098302,0.10173235351467289,0.6210317611694336,0.0005854368209838867,0.05325042910692168,0.15873523903372688,0.2587170062366502,0.19271523593748335,0.14350300389565923,0.24940370096287257,0.024187564849853516,0.295550439850661,-0.0314486026763916,-0.1578497404702519,191,-0.03622239828109741,-0.26495635276862384,0.30284552845528456,-0.02061343193053844,0.5071138211382114,0.5071138211382114,0.4928861788617886,0.0011272758,1.8787931,0.1955804,0.07621951219512195,0.0
365,Single stock,6,98,984,64,0.0,0.0,0.0,0.09044715447154472,0.06139551464869069,0.11988851847320772,-0.7265131473541242,-0.02726513147354126,0.09044715447154472,0.0612245766692501,0.12025477350640365,0.5873016119003296,0.0004601478576660156,0.028409993927168652,0.15873523903372688,0.2587170062366502,0.10168895047209361,0.07001756021106216,0.13821237761692742,0.011235475540161133,0.295550439850661,-0.01510077714920044,-0.1578497404702519,191,-0.01818019151687622,-0.26495635276862384,0.4949186991869919,-0.024894952774046075,0.5050813008130082,0.5050813008130082,0.4949186991869919,0.0005237775,0.8729625,0.10107367,0.2459349593495935,0.0
365,Single stock,25,50,984,64,0.003048780487804878,0.0,0.007952682312499505,0.016260162601626018,0.005555247597930525,0.029414008736760214,-5.6404173374176025,-0.556404173374176,0.016260162601626018,0.0061593464387808515,0.02997393762699885,0.5158730745315552,0.14907443523406982,0.23946696962040614,0.15873523903372688,0.2587170062366502,0.9622515414853924,0.9473239505912506,0.9745909922865578,0.2869166135787964,0.295550439850661,-0.18272346258163452,-0.1578497404702519,191,-0.3404899835586548,-0.26495635276862384,0.041666666666666664,-0.08026957511901855,0.6778455284552846,0.6778455284552846,0.32215447154471544,0.0061928798,2.477152,0.96344656,0.0,0.0
365,Single stock,25,55,984,64,0.006097560975609756,0.001049317943336831,0.012935914380580896,0.021341463414634148,0.009983240301814817,0.03741839468245746,-5.414732098579411,-0.5041473209857941,0.021341463414634148,0.009642506119724056,0.03575179086189591,0.4285714328289032,0.14321672916412354,0.2355516140720224,0.15873523903372688,0.2587170062366502,0.949255473321074,0.9283209495723156,0.9662926094270679,0.28517019748687744,0.295550439850661,-0.200023353099823,-0.1578497404702519,191,-0.3653565049171448,-0.26495635276862384,0.051829268292682924,-0.06564736366272417,0.6686991869918699,0.6686991869918699,0.3313008130081301,0.00643153,2.572612,0.94919056,0.0,0.0
365,Single stock,25,60,984,64,0.007113821138211382,0.002136695126289577,0.013415892672858616,0.023373983739837397,0.01159650432152681,0.0390648531626506,-9.90178346633911,-0.4990178346633911,0.023373983739837397,0.011542107220101282,0.039179165970588625,0.5634920597076416,0.1407078504562378,0.2318053558711114,0.15873523903372688,0.2587170062366502,0.9332786199576097,0.9102573802258932,0.9533902080039125,0.28306806087493896,0.295550439850661,-0.23041534423828125,-0.1578497404702519,191,-0.3433406352996826,-0.26495635276862384,0.06605691056910569,-0.17555117607116477,0.657520325203252,0.657520325203252,0.34247967479674796,0.006915659,2.7662637,0.9309803,0.0010162601626016261,0.0
365,Single stock,25,65,984,64,0.007113821138211382,0.0020482020759535384,0.013052536780286976,0.02540650406504065,0.012930820250908344,0.04108644439129921,-8.456244468688967,-0.43456244468688965,0.02540650406504065,0.013513162695405687,0.04117104512725457,0.5952380895614624,0.12589776515960693,0.22342650234941544,0.15873523903372688,0.2587170062366502,0.9010084013816326,0.8698183284736953,0.9269091230502292,0.2683025598526001,0.295550439850661,-0.24421089887619019,-0.1578497404702519,191,-0.3134775757789612,-0.26495635276862384,0.08028455284552846,-0.0502133369445823,0.6432926829268293,0.6432926829268293,0.3567073170731707,0.007722886,3.089154,0.9044068,0.0,0.0
365,Single stock,25,70,984,64,0.006097560975609756,0.0010613476366074421,0.012387620058074603,0.02540650406504065,0.013314549180327869,0.04061036555102923,-13.556159734725949,-0.4355615973472595,0.02540650406504065,0.012694749963997696,0.041110579708192437,0.523809552192688,0.10486233234405518,0.21069954438665048,0.15873523903372688,0.2587170062366502,0.8488317091531847,0.8035215093907616,0.8841007350677116,0.2603788375854492,0.295550439850661,-0.2304103970527649,-0.1578497404702519,191,-0.2736853361129761,-0.26495635276862384,0.09451219512195122,-0.07479310035705122,0.6046747967479674,0.6046747967479674,0.3953252032520325,0.0090312725,3.6125088,0.86329055,0.0020325203252032522,0.0
365,Single stock,25,75,984,64,0.007113821138211382,0.0020298962346849327,0.013398386776008703,0.031504065040650404,0.018086976593633425,0.04980203810878122,-21.03169560432434,-0.4603169560432434,0.031504065040650404,0.0176504344974586,0.049256385350669986,0.5555555820465088,0.07081806659698486,0.1927786344677452,0.15873523903372688,0.2587170062366502,0.771514528690297,0.7241408597929414,0.8170049489812493,0.22163832187652588,0.295550439850661,-0.2021881341934204,-0.1578497404702519,191,-0.23159575462341309,-0.26495635276862384,0.11178861788617886,-0.04369020462036133,0.5670731707317073,0.5670731707317073,0.4329268292682927,0.010999265,4.399706,0.80152184,0.0020325203252032522,0.0
365,Single stock,25,80,984,64,0.008130081300813009,0.002809249970737545,0.014707693422196463,0.03556910569105691,0.020595546594068922,0.05402895480225989,-12.940787076950077,-0.32940787076950073,0.03556910569105691,0.020263025632434244,0.054210255682825614,0.5555555820465088,0.028203368186950684,0.16844505495656797,0.15873523903372688,0.2587170062366502,0.6657425877738975,0.6077292561432853,0.7168243666957406,0.16722941398620605,0.295550439850661,-0.16635346412658691,-0.1578497404702519,191,-0.18580007553100586,-0.26495635276862384,0.13211382113821138,-0.12565732002258745,0.5335365853658537,0.5335365853658537,0.46646341463414637,0.012365238,4.9460955,0.71054435,0.0040650406504065045,0.0
365,Single stock,25,85,984,64,0.007113821138211382,0.0020659031391354623,0.013579887365999563,0.03556910569105691,0.019726422801433226,0.05556235716617694,-4.289803504943846,-0.19289803504943848,0.03556910569105691,0.020017307130138988,0.05389985173118163,0.5555555820465088,0.003711104393005371,0.13835670423459231,0.15873523903372688,0.2587170062366502,0.5371485805794498,0.4690525426223231,0.5919521304716582,0.09236347675323486,0.295550439850661,-0.12421542406082153,-0.1578497404702519,191,-0.1393972635269165,-0.26495635276862384,0.15142276422764228,-0.0954306125640847,0.5040650406504065,0.5040650406504065,0.4959349593495935,0.012319782,4.927913,0.5859918,0.01016260162601626,0.0
365,Single stock,25,88,984,64,0.008130081300813009,0.0019342359767891683,0.015825727410914862,0.042682926829268296,0.024223275265842486,0.06464395179815688,-5.222172021865845,-0.17222172021865845,0.042682926829268296,0.02420094810272572,0.06223845340122638,0.6071428656578064,-0.0016185939311981201,0.1153392342290258,0.15873523903372688,0.2587170062366502,0.4439100358283538,0.3796517500631935,0.5027037869863645,0.06850993633270264,0.295550439850661,-0.09883242845535278,-0.1578497404702519,191,-0.11112117767333984,-0.26495635276862384,0.17073170731707318,-0.07232177257537886,0.4959349593495935,0.4959349593495935,0.5040650406504065,0.011405641,4.5622563,0.49432665,0.011178861788617886,0.0
365,Single stock,25,90,984,64,0.006097560975609756,0.0011353368017524644,0.012384541254590336,0.04369918699186992,0.02568689720065867,0.06504954903199862,-4.963424205780031,-0.1496342420578003,0.04369918699186992,0.02669263783751858,0.06255850905766584,0.5992063283920288,-0.0028749406337738037,0.10012785854136072,0.15873523903372688,0.2587170062366502,0.38233300646187024,0.31170553657837385,0.4412315676714263,0.05258500576019287,0.295550439850661,-0.08197945356369019,-0.1578497404702519,191,-0.09238779544830322,-0.26495635276862384,0.18597560975609756,-0.05454063415527566,0.4969512195121951,0.4969512195121951,0.5030487804878049,0.010219138,4.087655,0.4266088,0.014227642276422764,0.0
365,Single stock,25,92,984,64,0.0040650406504065045,0.0,0.009318470326880355,0.04573170731707317,0.025718186134852803,0.07177081871882575,-3.5334033966064493,-0.11533403396606445,0.046747967479674794,0.026725314690165515,0.06907855410205319,0.6051587462425232,-0.002241373062133789,0.08422640408199977,0.15873523903372688,0.2587170062366502,0.31828481383951396,0.2599776158703813,0.38290333428067375,0.04108130931854248,0.295550439850661,-0.06462866067886353,-0.1578497404702519,191,-0.07357370853424072,-0.26495635276862384,0.20223577235772358,-0.04332494735718173,0.4898373983739837,0.4898373983739837,0.5101626016260162,0.008678244,3.471298,0.35363793,0.024390243902439025,0.0
365,Single stock,25,94,984,64,0.0040650406504065045,0.0,0.010215289522597497,0.05589430894308943,0.03159548096862968,0.08407519899455382,-2.4557354450225777,-0.08455735445022583,0.05589430894308943,0.0336935787475286,0.08342948500527265,0.6150793433189392,-0.001704782247543335,0.06636453377522104,0.15873523903372688,0.2587170062366502,0.2484785815507053,0.19135587958073852,0.3111801654644753,0.030541062355041504,0.295550439850661,-0.04883080720901489,-0.1578497404702519,191,-0.05498605966567993,-0.26495635276862384,0.2459349593495935,-0.03751540184020463,0.4867886178861789,0.4867886178861789,0.5132113821138211,0.006775035,2.710014,0.27452305,0.042682926829268296,0.0
365,Single stock,25,95,984,64,0.0020325203252032522,0.0,0.006467278003155283,0.06402439024390244,0.03955862174111907,0.09130220897653638,-1.9922268390655473,-0.06992226839065552,0.06402439024390244,0.03979457572502685,0.09246086888125638,0.6150793433189392,-0.0018463432788848877,0.05713764553874489,0.15873523903372688,0.2587170062366502,0.21257495195749013,0.1601794419666606,0.26807909002795516,0.024718761444091797,0.295550439850661,-0.04074901342391968,-0.1578497404702519,191,-0.04568606615066528,-0.26495635276862384,0.2764227642276423,-0.017578601837153762,0.4867886178861789,0.4867886178861789,0.5132113821138211,0.0056966487,2.2786596,0.2328669,0.059959349593495935,0.0
365,Single stock,25,96,984,64,0.0010162601626016261,0.0,0.003219143987027446,0.07113821138211382,0.045939556338402056,0.09764719543046879,-1.6339323520660365,-0.0563393235206604,0.07113821138211382,0.046440139084045824,0.09961914062499999,0.6150793433189392,-0.001444011926651001,0.04797645016172068,0.15873523903372688,0.2587170062366502,0.1767280689637283,0.13234538110215208,0.2298137448885025,0.019712209701538086,0.295550439850661,-0.0317230224609375,-0.1578497404702519,191,-0.03612685203552246,-0.26495635276862384,0.3089430894308943,-0.020318388938900256,0.491869918699187,0.491869918699187,0.508130081300813,0.0045435037,1.8174014,0.1901206,0.08028455284552846,0.0
365,Single stock,25,98,984,64,0.0,0.0,0.0,0.09247967479674797,0.062179373841751304,0.12809350036115094,-0.7215838432311994,-0.02721583843231201,0.09247967479674797,0.06192809944132981,0.1258959715495949,0.579365074634552,-0.000626981258392334,0.026181120455749635,0.15873523903372688,0.2587170062366502,0.09494528362050608,0.06391838327586022,0.13219787019003626,0.010158777236938477,0.295550439850661,-0.015181958675384521,-0.1578497404702519,191,-0.018331408500671387,-0.26495635276862384,0.5091463414634146,-0.028572559356687677,0.49085365853658536,0.49085365853658536,0.5091463414634146,0.0021031639,0.8412657,0.09855593,0.24898373983739838,0.0
365,Basket,6,50,106,49,0.0,0.0,0.0,0.009433962264150943,0.0,0.03193223866790008,-0.001963973045349121,-0.5000196397304535,0.009433962264150943,0.0,0.030303030303030304,0.8650793433189392,0.267047643661499,0.25292167545489547,0.2726424539112168,0.26553169208199606,0.9688393735562438,0.8979327342971913,0.9961817619298868,0.3370426893234253,0.34293165330216646,-0.09197282791137695,-0.0908822341852521,12,-0.27300697565078735,-0.20009522311828304,0.009433962264150943,-0.001963973045349121,0.7547169811320755,0.7547169811320755,0.24528301886792453,0.0014420591,2.4034317,0.9784145,0.0,0.0
365,Basket,6,55,106,49,0.0,0.0,0.0,0.009433962264150943,0.0,0.031258223684210516,-0.002770423889164597,-0.4500277042388916,0.009433962264150943,0.0,0.030612244897959183,0.8611111044883728,0.267047643661499,0.25379677313678667,0.2726424539112168,0.26553169208199606,0.9687918455016008,0.8961399199872944,0.9961874663042637,0.3370426893234253,0.34293165330216646,-0.1074933409690857,-0.0908822341852521,12,-0.277864545583725,-0.20009522311828304,0.02830188679245283,-0.002770423889164597,0.7547169811320755,0.7547169811320755,0.24528301886792453,0.0014242749,2.3737915,0.9714508,0.0,0.0
365,Basket,6,60,106,49,0.0,0.0,0.0,0.009433962264150943,0.0,0.03,-0.024226903915403053,-0.40024226903915405,0.009433962264150943,0.0,0.031578947368421054,0.8650793433189392,0.267047643661499,0.2532493309029993,0.2726424539112168,0.26553169208199606,0.9680356208466065,0.8872381805659635,0.994938157659033,0.3370426893234253,0.34293165330216646,-0.12517023086547852,-0.0908822341852521,12,-0.28312915563583374,-0.20009522311828304,0.02830188679245283,-0.024226903915403053,0.7547169811320755,0.7547169811320755,0.24528301886792453,0.0014911083,2.4851806,0.9654717,0.0,0.0
365,Basket,6,65,106,49,0.0,0.0,0.0,0.009433962264150943,0.0,0.03031076066790352,-0.06388664245605691,-0.35063886642456055,0.009433962264150943,0.0,0.030612244897959183,0.817460298538208,0.261052668094635,0.25128197782444506,0.2726424539112168,0.26553169208199606,0.9586406013946362,0.8972901750305572,0.9892359906931043,0.33439791202545166,0.34293165330216646,-0.14833134412765503,-0.0908822341852521,12,-0.2638603746891022,-0.20009522311828304,0.03773584905660377,-0.06388664245605691,0.7547169811320755,0.7547169811320755,0.24528301886792453,0.0015877647,2.6462746,0.95492196,0.0,0.0
365,Basket,6,70,106,49,0.0,0.0,0.0,0.009433962264150943,0.0,0.03158734602463605,-0.04411458969115767,-0.3004411458969116,0.009433962264150943,0.0,0.03296703296703297,0.817460298538208,0.24895524978637695,0.24474902422922962,0.2726424539112168,0.26553169208199606,0.9314940453741597,0.8723661266728426,0.9728549347010016,0.33439791202545166,0.34293165330216646,-0.1512330174446106,-0.0908822341852521,12,-0.2353605031967163,-0.20009522311828304,0.04716981132075472,-0.04411458969115767,0.7169811320754716,0.7169811320754716,0.2830188679245283,0.0018332575,3.0554295,0.9343271,0.0,0.0
365,Basket,6,75,106,49,0.0,0.0,0.0,0.018867924528301886,0.0,0.051033557752998095,-0.042754411697387695,-0.2504275441169739,0.018867924528301886,0.0,0.04673999294657026,0.5158730149269104,0.20049011707305908,0.23547383355644513,0.2726424539112168,0.26553169208199606,0.8917580418883015,0.8187578065994905,0.9395512573410082,0.32763922214508057,0.34293165330216646,-0.14932960271835327,-0.0908822341852521,12,-0.20278006792068481,-0.20009522311828304,0.05660377358490566,-0.0383228063583374,0.6981132075471698,0.6981132075471698,0.3018867924528302,0.002254217,3.7570279,0.89559776,0.0,0.0
365,Basket,6,80,106,49,0.0,0.0,0.0,0.009433962264150943,0.0,0.031914893617021274,-0.03104090690613237,-0.20031040906906128,0.009433962264150943,0.0,0.03159592529711374,0.817460298538208,0.16473162174224854,0.21653687054256224,0.2726424539112168,0.26553169208199606,0.8125022877514638,0.7304180286144949,0.8741137636540898,0.2971764802932739,0.34293165330216646,-0.12872952222824097,-0.0908822341852521,12,-0.16330775618553162,-0.20009522311828304,0.05660377358490566,-0.03104090690613237,0.6792452830188679,0.6792452830188679,0.32075471698113206,0.0026556088,4.426014,0.81987345,0.0,0.0
365,Basket,6,85,106,49,0.0,0.0,0.0,0.018867924528301886,0.0,0.050025510204081615,-0.04122018814086692,-0.1504122018814087,0.018867924528301886,0.0,0.049517326732673256,0.4742063581943512,0.10687142610549927,0.1856573134098413,0.2726424539112168,0.26553169208199606,0.689281801648849,0.6031716866627911,0.7529303027453892,0.25317537784576416,0.34293165330216646,-0.09821188449859619,-0.0908822341852521,12,-0.12282398343086243,-0.20009522311828304,0.0660377358490566,-0.02196192741393821,0.6698113207547169,0.6698113207547169,0.330188679245283,0.0027366576,4.5610957,0.70165884,0.009433962264150943,0.0
365,Basket,6,88,106,49,0.0,0.0,0.0,0.018867924528301886,0.0,0.04854368932038835,-0.05638647079467818,-0.12056386470794678,0.018867924528301886,0.0,0.05154639175257732,0.4742063581943512,0.08026885986328125,0.15956125056968545,0.2726424539112168,0.26553169208199606,0.5888055608268749,0.5022701555685151,0.653853558565114,0.18043029308319092,0.34293165330216646,-0.08150291442871094,-0.0908822341852521,12,-0.09789836406707764,-0.20009522311828304,0.07547169811320754,-0.042033672332764116,0.6698113207547169,0.6698113207547169,0.330188679245283,0.0026212716,4.368786,0.6074472,0.009433962264150943,0.0
365,Basket,6,90,106,49,0.0,0.0,0.0,0.018867924528301886,0.0,0.04854368932038835,-0.06001234054565652,-0.10060012340545654,0.018867924528301886,0.0,0.04854368932038835,0.4742063581943512,0.06521159410476685,0.13604773946528165,0.2726424539112168,0.26553169208199606,0.5010564271034301,0.419251174364697,0.5675785118965178,0.14011311531066895,0.34293165330216646,-0.0686568021774292,-0.0908822341852521,12,-0.08182314038276672,-0.20009522311828304,0.07547169811320754,-0.031110048294069603,0.6698113207547169,0.6698113207547169,0.330188679245283,0.0024966716,4.1611185,0.53085035,0.009433962264150943,0.0
365,Basket,6,92,106,49,0.0,0.0,0.0,0.018867924528301886,0.0,0.05154639175257732,-0.07273387908935947,-0.08072733879089355,0.018867924528301886,0.0,0.049019607843137254,0.4642857015132904,0.05053466558456421,0.10998845100402832,0.2726424539112168,0.26553169208199606,0.40477979409618386,0.33336405307987554,0.4583221268331824,0.10894489288330078,0.34293165330216646,-0.055690109729766846,-0.0908822341852521,12,-0.06518206000328064,-0.20009522311828304,0.10377358490566038,-0.04855227470398349,0.6698113207547169,0.6698113207547169,0.330188679245283,0.002190161,3.6502686,0.440545,0.009433962264150943,0.0
365,Basket,6,94,106,49,0.0,0.0,0.0,0.018867924528301886,0.0,0.04854368932038835,-0.01820945739745561,-0.06018209457397461,0.018867924528301886,0.0,0.05102694924123495,0.4960317313671112,0.03723740577697754,0.08215984420956306,0.2726424539112168,0.26553169208199606,0.30238336995081455,0.24820966722115503,0.34258607517693934,0.08046913146972656,0.34293165330216646,-0.040727198123931885,-0.0908822341852521,12,-0.04950571060180664,-0.20009522311828304,0.1320754716981132,-0.015959382057184612,0.6698113207547169,0.6698113207547169,0.330188679245283,0.0017071442,2.8452404,0.34188282,0.018867924528301886,0.0
365,Basket,6,95,106,49,0.0,0.0,0.0,0.018867924528301886,0.0,0.05263157894736842,-0.039632320404048293,-0.05039632320404053,0.018867924528301886,0.0,0.04716981132075472,0.4642857015132904,0.030558884143829346,0.06861957064214742,0.2726424539112168,0.26553169208199606,0.2520676919050838,0.2048667935287147,0.28745454354304945,0.06675028800964355,0.34293165330216646,-0.03287476301193237,-0.0908822341852521,12,-0.041641175746917725,-0.20009522311828304,0.1509433962264151,-0.027404427528376907,0.6698113207547169,0.6698113207547169,0.330188679245283,0.001416256,2.360427,0.28945193,0.018867924528301886,0.0
365,Basket,6,96,106,49,0.0,0.0,0.0,0.02830188679245283,0.0,0.06382978723404255,-0.02360558509826305,-0.040236055850982666,0.02830188679245283,0.0,0.06306543385490754,0.3928571343421936,0.024698197841644287,0.055027069348209307,0.2726424539112168,0.26553169208199606,0.20214755016017044,0.16432953060446773,0.23006785328310292,0.05366182327270508,0.34293165330216646,-0.02570098638534546,-0.0908822341852521,12,-0.03316590189933777,-0.20009522311828304,0.1792452830188679,-0.016631841659542346,0.6792452830188679,0.6792452830188679,0.32075471698113206,0.0011081054,1.8468425,0.23473084,0.03773584905660377,0.0
365,Basket,6,98,106,49,0.0,0.0,0.0,0.04716981132075472,0.00854341736694678,0.10476190476190476,-0.06003785133361639,-0.02060037851333618,0.04716981132075472,0.008847616829684832,0.10098883503548549,0.3928571343421936,0.012691497802734375,0.026485114165072172,0.2726424539112168,0.26553169208199606,0.09740972209426726,0.07921011896683473,0.11217079143302916,0.025808334350585938,0.34293165330216646,-0.011886239051818848,-0.0908822341852521,12,-0.016233235597610474,-0.20009522311828304,0.330188679245283,-0.006715536117551935,0.6698113207547169,0.6698113207547169,0.330188679245283,0.0004717385,0.78623086,0.11782476,0.11320754716981132,0.0
365,Basket,25,50,106,49,0.0,0.0,0.0,0.009433962264150943,0.0,0.030935889175257726,-0.02549886703491211,-0.5002549886703491,0.009433962264150943,0.0,0.03333333333333333,0.817460298538208,0.26223450899124146,0.2478539285794744,0.2726424539112168,0.26553169208199606,0.95510392594205,0.8784782149641485,0.9840864364112144,0.3319636583328247,0.34293165330216646,-0.09542214870452881,-0.0908822341852521,12,-0.2758346498012543,-0.20009522311828304,0.009433962264150943,-0.02549886703491211,0.7547169811320755,0.7547169811320755,0.24528301886792453,0.0059689768,2.387591,0.97724366,0.0,0.0
365,Basket,25,55,106,49,0.0,0.0,0.0,0.009433962264150943,0.0,0.030927835051546393,-0.0009703636169478003,-0.45000970363616943,0.009433962264150943,0.0,0.029710396039603952,0.8611111044883728,0.26223450899124146,0.24878544571264735,0.2726424539112168,0.26553169208199606,0.9553624302825159,0.8879998763450827,0.9839919398811505,0.3319636583328247,0.34293165330216646,-0.12250638008117676,-0.0908822341852521,12,-0.28197693824768066,-0.20009522311828304,0.02830188679245283,-0.0009703636169478003,0.7547169811320755,0.7547169811320755,0.24528301886792453,0.0059205205,2.3682082,0.9706917,0.0,0.0
365,Basket,25,60,106,49,0.0,0.0,0.0,0.009433962264150943,0.0,0.029710396039603952,-0.022629499435422584,-0.40022629499435425,0.009433962264150943,0.0,0.03296703296703297,0.8650793433189392,0.26223450899124146,0.24771132615377317,0.2726424539112168,0.26553169208199606,0.9536220929092863,0.8921831266665273,0.9823719082671161,0.3319636583328247,0.34293165330216646,-0.12849342823028564,-0.0908822341852521,12,-0.2888150215148926,-0.20009522311828304,0.02830188679245283,-0.022629499435422584,0.7547169811320755,0.7547169811320755,0.24528301886792453,0.006181717,2.4726868,0.96407175,0.0,0.0
365,Basket,25,65,106,49,0.0,0.0,0.0,0.009433962264150943,0.0,0.03175025329280648,-0.07161140441894753,-0.35071611404418945,0.009433962264150943,0.0,0.031578947368421054,0.817460298538208,0.2561846375465393,0.24553232879008888,0.2726424539112168,0.26553169208199606,0.9434740244169141,0.8844010643864629,0.9755635485734204,0.32932889461517334,0.34293165330216646,-0.15245920419692993,-0.0908822341852521,12,-0.26823610067367554,-0.20009522311828304,0.04716981132075472,-0.07161140441894753,0.7452830188679245,0.7452830188679245,0.25471698113207547,0.0066225687,2.6490273,0.9540827,0.0,0.0
365,Basket,25,70,106,49,0.0,0.0,0.0,0.009433962264150943,0.0,0.03260869565217391,-0.046868324279780715,-0.30046868324279785,0.009433962264150943,0.0,0.03225806451612903,0.817460298538208,0.2373342514038086,0.23740698593967366,0.2726424539112168,0.26553169208199606,0.9113925391071079,0.8495190727564653,0.9549717527228916,0.32932889461517334,0.34293165330216646,-0.15774399042129517,-0.0908822341852521,12,-0.23969531059265137,-0.20009522311828304,0.04716981132075472,-0.046868324279780715,0.7169811320754716,0.7169811320754716,0.2830188679245283,0.0076616895,3.064676,0.9321113,0.0,0.0
365,Basket,25,75,106,49,0.0,0.0,0.0,0.018867924528301886,0.0,0.048786465805834525,-0.04295706748962402,-0.25042957067489624,0.018867924528301886,0.0,0.047630494505494496,0.5158730149269104,0.19367045164108276,0.22616845819185366,0.2726424539112168,0.26553169208199606,0.8654347746604292,0.7959093726729445,0.9200747248511703,0.3089749813079834,0.34293165330216646,-0.15552693605422974,-0.0908822341852521,12,-0.2061326503753662,-0.20009522311828304,0.05660377358490566,-0.041356682777404785,0.6792452830188679,0.6792452830188679,0.32075471698113206,0.00946717,3.786868,0.89052624,0.0,0.0
365,Basket,25,80,106,49,0.0,0.0,0.0,0.009433962264150943,0.0,0.03479799923047325,-0.011663436889652878,-0.20011663436889648,0.009433962264150943,0.0,0.03409333721833721,0.7460317611694336,0.14403045177459717,0.2052423284863526,0.2726424539112168,0.26553169208199606,0.778976346672025,0.6868792069548526,0.8463578158856319,0.2904702425003052,0.34293165330216646,-0.1386832594871521,-0.0908822341852521,12,-0.16648763418197632,-0.20009522311828304,0.0660377358490566,-0.011663436889652878,0.6698113207547169,0.6698113207547169,0.330188679245283,0.01112122,4.448488,0.8119455,0.0,0.0
365,Basket,25,85,106,49,0.0,0.0,0.0,0.018867924528301886,0.0,0.04807692307692308,-0.042388439178464576,-0.15042388439178467,0.018867924528301886,0.0,0.04807692307692308,0.4742063581943512,0.089680016040802,0.17365001170140393,0.2726424539112168,0.26553169208199606,0.6521291503899079,0.5563995347453998,0.7207166017312951,0.2427746057510376,0.34293165330216646,-0.10162234306335449,-0.0908822341852521,12,-0.12430456280708313,-0.20009522311828304,0.0660377358490566,-0.025466680526731178,0.660377358490566,0.660377358490566,0.33962264150943394,0.011303438,4.5213757,0.6908056,0.009433962264150943,0.0
365,Basket,25,88,106,49,0.0,0.0,0.0,0.018867924528301886,0.0,0.050505050505050504,-0.054699659347534624,-0.12054699659347534,0.018867924528301886,0.0,0.05001262626262625,0.4742063581943512,0.066478431224823,0.14725274747272707,0.2726424539112168,0.26553169208199606,0.5500063953087643,0.45917201540350383,0.6193718404451364,0.15947949886322021,0.34293165330216646,-0.08395230770111084,-0.0908822341852521,12,-0.0989128053188324,-0.20009522311828304,0.07547169811320754,-0.041854858398437944,0.6509433962264151,0.6509433962264151,0.3490566037735849,0.010901852,4.3607407,0.596566,0.009433962264150943,0.0
365,Basket,25,90,106,49,0.0,0.0,0.0,0.018867924528301886,0.0,0.049028685548293385,-0.05941033363342507,-0.10059410333633423,0.018867924528301886,0.0,0.05,0.4742063581943512,0.0548630952835083,0.12358656750535066,0.2726424539112168,0.26553169208199606,0.4615708930012336,0.3743600584689275,0.527539537397374,0.12384474277496338,0.34293165330216646,-0.07115596532821655,-0.0908822341852521,12,-0.0831763744354248,-0.20009522311828304,0.08490566037735849,-0.0554853677749656,0.6509433962264151,0.6509433962264151,0.3490566037735849,0.010317492,4.126997,0.5192665,0.009433962264150943,0.0
365,Basket,25,92,106,49,0.0,0.0,0.0,0.018867924528301886,0.0,0.04807692307692308,-0.07246565818787021,-0.08072465658187866,0.018867924528301886,0.0,0.05102040816326531,0.4642857015132904,0.042881786823272705,0.09991539480551234,0.2726424539112168,0.26553169208199606,0.37276223083494536,0.3055921718091365,0.4266370251783743,0.10053455829620361,0.34293165330216646,-0.05675148963928223,-0.0908822341852521,12,-0.06649526953697205,-0.20009522311828304,0.11320754716981132,-0.05141627788544101,0.660377358490566,0.660377358490566,0.33962264150943394,0.008910659,3.5642633,0.43040085,0.009433962264150943,0.0
365,Basket,25,94,106,49,0.0,0.0,0.0,0.018867924528301886,0.0,0.04952783093435392,-0.022733449935907757,-0.06022733449935913,0.018867924528301886,0.0,0.04902362584378013,0.4642857015132904,0.03212815523147583,0.0744448776515025,0.2726424539112168,0.26553169208199606,0.2775097083895531,0.22343355498113684,0.3216918183396581,0.07048177719116211,0.34293165330216646,-0.04087322950363159,-0.0908822341852521,12,-0.05032286047935486,-0.20009522311828304,0.1320754716981132,-0.016251444816584026,0.6509433962264151,0.6509433962264151,0.3490566037735849,0.006925413,2.770165,0.3336201,0.018867924528301886,0.0
365,Basket,25,95,106,49,0.0,0.0,0.0,0.018867924528301886,0.0,0.04952995299529951,-0.041271448135371536,-0.05041271448135376,0.018867924528301886,0.0,0.04716981132075472,0.4642857015132904,0.02683919668197632,0.062178551026110376,0.2726424539112168,0.26553169208199606,0.23117324119319196,0.18727687946803612,0.26757946894584056,0.05844414234161377,0.34293165330216646,-0.03406864404678345,-0.0908822341852521,12,-0.039680302143096924,-0.20009522311828304,0.1509433962264151,-0.03010749816894087,0.660377358490566,0.660377358490566,0.33962264150943394,0.0057168873,2.2867548,0.2824517,0.018867924528301886,0.0
365,Basket,25,96,106,49,0.0,0.0,0.0,0.02830188679245283,0.0,0.0659366576819407,-0.02765870094298961,-0.04027658700942993,0.02830188679245283,0.0,0.060981831757093076,0.3928571343421936,0.021691858768463135,0.04999231223790151,0.2726424539112168,0.26553169208199606,0.18582567900617825,0.15182710165796762,0.2133397133063752,0.04660916328430176,0.34293165330216646,-0.026602625846862793,-0.0908822341852521,12,-0.03248605132102966,-0.20009522311828304,0.18867924528301888,-0.01966571807860973,0.6509433962264151,0.6509433962264151,0.3490566037735849,0.0044749593,1.7899837,0.2292531,0.03773584905660377,0.0
365,Basket,25,98,106,49,0.0,0.0,0.0,0.04716981132075472,0.008618847627468318,0.1009225853004845,-0.06219553947448553,-0.020621955394744873,0.04716981132075472,0.00909090909090909,0.09678202317569683,0.3928571343421936,0.010100185871124268,0.02470756308087763,0.2726424539112168,0.26553169208199606,0.09164615668711686,0.07502863765960896,0.10540198566447671,0.02289295196533203,0.34293165330216646,-0.012379884719848633,-0.0908822341852521,12,-0.01639571785926819,-0.20009522311828304,0.3584905660377358,-0.008992433547971856,0.6415094339622641,0.6415094339622641,0.3584905660377358,0.0019017806,0.76071215,0.115478456,0.12264150943396226,0.0
