term,group,cost,floor,n,n_years,breach_mat,breach_mat_lo,breach_mat_hi,breach_any,breach_any_lo,breach_any_hi,worst_shortfall_pts,worst_ret,lock,lock_lo,lock_hi,lock_when_med,med_ret,mean_ret,med_hold,mean_hold,capture_up,capture_lo,capture_hi,med_up_ret,med_up_hold,med_down_ret,med_down_hold,n_sev,med_sev_ret,med_sev_hold,near_floor,breach_depth_med_pts,pct_gain,pct_ge_dep,pct_down_gt0,cost_paid,turnover,avg_exp,mostly_cash,never_above_2pct
7,All equity (ex-basket),6,50,403572,99,2.4778725977025165e-05,0.0,6.240330229885257e-05,3.716808896553775e-05,0.0,8.715531141029049e-05,-22.988691926002502,-0.729886919260025,3.716808896553775e-05,0.0,8.379350570268375e-05,0.800000011920929,0.0021257996559143066,0.002348799431898707,0.003329576121815614,0.003555511168689615,0.9617909660865324,0.9587135147442043,0.9643640117678024,0.020199716091156006,0.02142573629496025,-0.022163808345794678,-0.020988700839868923,7727,-0.12863320112228394,-0.12758148004650416,5.451319714945536e-05,-2.0578354597091675,0.5282626148493949,0.5282849157027742,0.47171508429722575,0.0012017811,2.0029685,0.99994373,4.955745195405033e-06,4.955745195405033e-06
7,All equity (ex-basket),6,55,403572,99,3.9645961563240263e-05,0.0,8.677148330683428e-05,5.203532455175285e-05,0.0,0.00011913630783975334,-20.53570926189423,-0.6553570926189423,5.203532455175285e-05,0.0,0.00011490120363875509,0.800000011920929,0.002125561237335205,0.0023468888118722353,0.003329576121815614,0.003555511168689615,0.961695306391378,0.9587357448774707,0.9643038627259952,0.020199358463287354,0.02142573629496025,-0.022163808345794678,-0.020988700839868923,7727,-0.1286526322364807,-0.12758148004650416,8.424766832188557e-05,-2.4450349807739302,0.5282601369767972,0.5282824378301765,0.47171756216982347,0.0012017963,2.0029938,0.9998718,7.433617793107549e-06,7.433617793107549e-06
7,All equity (ex-basket),6,60,403572,99,6.690256013796794e-05,1.3763099673848306e-05,0.0001316251094583775,0.00010159277650580318,2.564923930634524e-05,0.00019261672015762106,-20.83780229091644,-0.6083780229091644,0.00010159277650580318,3.272850161930146e-05,0.00020397702848501422,0.6000000238418579,0.0021250247955322266,0.002343458051495686,0.003329576121815614,0.003555511168689615,0.9616445981670023,0.9589628318979023,0.9641092896279101,0.020198583602905273,0.02142573629496025,-0.02216482162475586,-0.020988700839868923,7727,-0.12879759073257446,-0.12758148004650416,0.00017345108183917615,-1.6783154010772683,0.5282502254864064,0.5282725263397857,0.4717274736602143,0.0012018451,2.0030751,0.9997064,1.2389362988512582e-05,9.911490390810066e-06
7,All equity (ex-basket),6,65,403572,99,0.00012141575728742331,3.468500867689123e-05,0.0002293520057341946,0.0001660174640460686,5.1894531401349216e-05,0.0003077402575781306,-25.837802290916446,-0.6083780229091644,0.0001660174640460686,5.464682405357007e-05,0.0003030377516730578,0.6000000238418579,0.002121150493621826,0.002326090129439469,0.003329576121815614,0.003555511168689615,0.9612855993724414,0.9586019788051122,0.963544455074666,0.020191490650177002,0.02142573629496025,-0.022169649600982666,-0.020988700839868923,7727,-0.12976765632629395,-0.12758148004650416,0.0002849553487357894,-3.4103477001190208,0.5281907565440616,0.5282130573974408,0.47178694260255916,0.0012020369,2.0033946,0.99919593,2.9734471172430198e-05,2.4778725977025165e-05
7,All equity (ex-basket),6,70,403572,99,0.00018831831742539126,6.563126321978909e-05,0.00033370751741515275,0.00027256598574727683,0.00011129518358142328,0.0004865240385830616,-30.83780229091644,-0.6083780229091644,0.0002700881131495743,0.00010245007107441146,0.000473135143828092,0.6000000238418579,0.0020941495895385742,0.0022768165273039597,0.003329576121815614,0.003555511168689615,0.9595534408234961,0.9571548748882138,0.9617245148287681,0.020165085792541504,0.02142573629496025,-0.022242844104766846,-0.020988700839868923,7727,-0.12941616773605347,-0.12758148004650416,0.0004286719594025354,-3.439943194389339,0.5278215535270039,0.5278413765077855,0.47215862349221455,0.0012033151,2.005525,0.99664146,4.7079579356347816e-05,4.4601706758645296e-05
7,All equity (ex-basket),6,75,403572,99,0.00027256598574727683,0.00013119898181877514,0.00046617830652340777,0.00035681365406916237,0.00014793165571695363,0.000581496666943663,-35.83780229091644,-0.6083780229091644,0.00035681365406916237,0.0001682746112091374,0.0006005730956971654,0.6000000238418579,0.001431286334991455,0.0021427753171199752,0.003329576121815614,0.003555511168689615,0.9357375232086358,0.9320790369131601,0.9386283229153837,0.019608497619628906,0.02142573629496025,-0.022846579551696777,-0.020988700839868923,7727,-0.11750483512878418,-0.12758148004650416,0.0006492026205980594,-3.683200478553772,0.5190920083652979,0.519124220709068,0.480875779290932,0.0012206653,2.0344422,0.96558666,0.00011150426689661324,9.168128611499311e-05
7,All equity (ex-basket),6,80,403572,99,0.00029238896652889694,0.00014536757624987283,0.00048316199163634635,0.00039645961563240263,0.00018179543663258036,0.0006607659371438066,-28.67024421691895,-0.48670244216918945,0.00039645961563240263,0.0001913034389995218,0.0006479508170699801,0.6000000238418579,0.000683903694152832,0.0017620621277381321,0.003329576121815614,0.003555511168689615,0.7629813936720587,0.7582083223381005,0.7668120827276917,0.01525038480758667,0.02142573629496025,-0.01869797706604004,-0.020988700839868923,7727,-0.09480667114257812,-0.12758148004650416,0.0007309724163222424,-3.013249039649968,0.5117352046227192,0.5117624612212939,0.4882375387787062,0.0010293698,1.7156165,0.79687685,0.00011398213949431576,9.415915871269563e-05
7,All equity (ex-basket),6,85,403572,99,0.00027256598574727683,0.00012565281201894516,0.0004591299727291962,0.0004038932334255102,0.00019886061068670469,0.0006766116638077079,-22.119895219802853,-0.37119895219802856,0.0004038932334255102,0.00019437961280514786,0.000669297310510617,0.6000000238418579,0.0005148649215698242,0.0013249438344382482,0.003329576121815614,0.003555511168689615,0.5722542294776055,0.5682205766996442,0.5758703603083546,0.011406958103179932,0.02142573629496025,-0.01400989294052124,-0.020988700839868923,7727,-0.07109904289245605,-0.12758148004650416,0.0008771668995866908,-2.0004963874816872,0.5117153816419375,0.511752549730903,0.48824745026909694,0.0007732137,1.2886895,0.59882265,0.00012389362988512583,9.911490390810066e-05
7,All equity (ex-basket),6,88,403572,99,0.00026265449535646675,0.00011755047931182241,0.00044626205391713926,0.0004063711060232127,0.00017656437506374963,0.0006686884085739165,-17.695916175842285,-0.29695916175842285,0.0004063711060232127,0.00019371139551262659,0.0006993625876285908,0.6000000238418579,0.0004303455352783203,0.0010609544162529627,0.003329576121815614,0.003555511168689615,0.4574939384954765,0.4542345554606022,0.4608339441150241,0.00910937786102295,0.02142573629496025,-0.011190056800842285,-0.020988700839868923,7727,-0.056846022605895996,-0.12758148004650416,0.001050617981425867,-1.588190078735352,0.512052372315225,0.5121044076397768,0.48789559236022323,0.00061653444,1.0275574,0.47883052,0.00013132724767823338,0.00010159277650580318
7,All equity (ex-basket),6,90,403572,99,0.00023539789678173907,0.00010694026476690687,0.0003865149782442133,0.0004113268512186177,0.0001983681843605496,0.0006770851115917605,-14.746596813201906,-0.24746596813201904,0.0004113268512186177,0.00019377069613960696,0.0006870761947322941,0.6000000238418579,0.0003714561462402344,0.0008849254279149276,0.003329576121815614,0.003555511168689615,0.38096254126011153,0.37818034029718234,0.38403226341019614,0.007579207420349121,0.02142573629496025,-0.009311795234680176,-0.020988700839868923,7727,-0.04736602306365967,-0.12758148004650416,0.001261237152230581,-1.3234907388687156,0.5123175046831792,0.5124042302240988,0.4875957697759012,0.0005118439,0.8530732,0.39871335,0.00015858384625296105,0.0001040706491035057
7,All equity (ex-basket),6,92,403572,99,0.00021557491600011894,9.572156408227275e-05,0.0003583527651305913,0.0004088489786209152,0.00018766498874867217,0.0006679736867772767,-11.797277450561527,-0.19797277450561523,0.0004088489786209152,0.0001806085725354922,0.0006650225401732085,0.6000000238418579,0.00031507015228271484,0.0007086706676296754,0.003329576121815614,0.003555511168689615,0.3044586952883941,0.3021869328769041,0.3067715785533471,0.006063342094421387,0.02142573629496025,-0.007440507411956787,-0.020988700839868923,7727,-0.037897586822509766,-0.12758148004650416,0.0017047763472193313,-1.0703845024108927,0.513135202640421,0.5132244060539384,0.4867755939460617,0.00040715587,0.67859316,0.3185472,0.00019822980781620132,0.0001065485217012082
7,All equity (ex-basket),6,94,403572,99,0.0001957519352184988,8.367926309541076e-05,0.00031641566074484904,0.0004138047238163203,0.00018530433882793854,0.0007078752099302708,-8.847958087921137,-0.14847958087921143,0.0004138047238163203,0.00020071305950844292,0.0006837093610547187,0.6000000238418579,0.00026684999465942383,0.0005315710611442538,0.003329576121815614,0.003555511168689615,0.22800338228054015,0.22623271508339132,0.22975943400477913,0.004564464092254639,0.02142573629496025,-0.005569517612457275,-0.020988700839868923,7727,-0.028407931327819824,-0.12758148004650416,0.002797518162806141,-0.8027853965759224,0.5146293598168357,0.5147532534467207,0.4852467465532792,0.00030275498,0.50459164,0.23844367,0.0003171676925059221,0.00011646001209201827
7,All equity (ex-basket),6,95,403572,99,0.0001610617188506636,7.345389016114539e-05,0.0002586211087958399,0.0004088489786209152,0.00018033726805403934,0.0007053086966649941,-10.97834229469299,-0.15978342294692993,0.0004088489786209152,0.00018876509696079746,0.0006944406679862808,0.6000000238418579,0.0002415180206298828,0.00044242456278738057,0.003329576121815614,0.003555511168689615,0.18981927358307765,0.18823024846600528,0.19127453665923425,0.003820657730102539,0.02142573629496025,-0.004639804363250732,-0.020988700839868923,7727,-0.023668110370635986,-0.12758148004650416,0.004328843428186296,-0.7964026927947954,0.5156452875818937,0.5157741369569743,0.4842258630430258,0.00025078893,0.41798156,0.19846556,0.0004138047238163203,0.00011893788468972079
7,All equity (ex-basket),6,96,403572,99,0.00013380512027593588,5.513218202915324e-05,0.0002134509262259522,0.0004088489786209152,0.00019016162476598162,0.0007022636667705002,-9.059782981872555,-0.13059782981872559,0.0004088489786209152,0.00018319539950549255,0.0006745957509123621,0.6000000238418579,0.00021159648895263672,0.000353453211450081,0.003329576121815614,0.003555511168689615,0.15173011354603513,0.15040615461871037,0.15302028874767112,0.0030781030654907227,0.02142573629496025,-0.0037116408348083496,-0.020988700839868923,7727,-0.018937647342681885,-0.12758148004650416,0.008206714043590736,-0.5965194702148402,0.5172583826429981,0.5174095328714579,0.48259046712854214,0.00019913362,0.33188936,0.15858617,0.0006194681494256292,0.00012884937508053087
7,All equity (ex-basket),6,98,403572,99,5.699106974715788e-05,1.3974047384073521e-05,0.00010608866216343555,0.00044353919498875047,0.0002051144821913523,0.0007438219149505692,-10.179964780807493,-0.12179964780807495,0.00044353919498875047,0.00021257977555613723,0.0007379258829566964,0.6000000238418579,0.00013947486877441406,0.00017714209369210703,0.003329576121815614,0.003555511168689615,0.07604133642878701,0.07540204971822168,0.07666763719785147,0.0015832781791687012,0.02142573629496025,-0.0018320083618164062,-0.020988700839868923,7727,-0.009563207626342773,-0.12758148004650416,0.47684428057447,-0.25728154182433904,0.5229649232355069,0.523314303271783,0.47668569672821703,9.757926e-05,0.16263211,0.07934711,0.006065832119175761,0.00024283151457484662
7,All equity (ex-basket),25,50,403572,99,2.4778725977025165e-05,0.0,6.201805333346521e-05,3.716808896553775e-05,0.0,8.710455254192369e-05,-23.012927174568176,-0.7301292717456818,3.716808896553775e-05,0.0,8.559036894066246e-05,0.800000011920929,-0.001680910587310791,-0.001458861850657051,0.003329576121815614,0.003555511168689615,0.8411568992808175,0.8297277252872678,0.8520476142857427,0.016324341297149658,0.02142573629496025,-0.025878310203552246,-0.020988700839868923,7727,-0.1319432258605957,-0.12758148004650416,5.451319714945536e-05,-2.130076289176941,0.4762718920044007,0.4762842813673892,0.5237157186326108,0.005002654,2.0010614,0.9999428,4.955745195405033e-06,4.955745195405033e-06
7,All equity (ex-basket),25,55,403572,99,4.212383416094278e-05,0.0,9.14890692675199e-05,5.203532455175285e-05,0.0,0.00011945310115978447,-20.41300415992737,-0.6541300415992737,5.203532455175285e-05,0.0,0.00011972729941804139,0.800000011920929,-0.0016811490058898926,-0.0014608137016898122,0.003329576121815614,0.003555511168689615,0.8410620410080151,0.8293096518261496,0.8520342034308964,0.01632392406463623,0.02142573629496025,-0.025878608226776123,-0.020988700839868923,7727,-0.1319625973701477,-0.12758148004650416,8.672554091958807e-05,-2.547399997711186,0.4762669362592053,0.4762793256221938,0.5237206743778062,0.005002717,2.001087,0.9998693,7.433617793107549e-06,7.433617793107549e-06
7,All equity (ex-basket),25,60,403572,99,7.681405052877801e-05,1.7759766777107825e-05,0.00014473420162451977,0.00010159277650580318,2.8399898736738792e-05,0.00019669609010183593,-20.986566543579098,-0.609865665435791,0.00010159277650580318,2.7991058761105028e-05,0.00019703095096835032,0.6000000238418579,-0.0016822516918182373,-0.0014645462747160994,0.003329576121815614,0.003555511168689615,0.8410073502651545,0.8291273878200092,0.8511946036237603,0.01632314920425415,0.02142573629496025,-0.025879263877868652,-0.020988700839868923,7727,-0.13215911388397217,-0.12758148004650416,0.00018088469963228372,-1.7680144309997536,0.4762644583866076,0.4762768477495961,0.5237231522504039,0.0050029247,2.00117,0.99969965,1.2389362988512582e-05,9.911490390810066e-06
7,All equity (ex-basket),25,65,403572,99,0.00012884937508053087,3.671549429147533e-05,0.00022814176224757732,0.00017097320924147364,5.727950021467788e-05,0.00031229526366601776,-25.986566543579105,-0.609865665435791,0.00017097320924147364,5.4354885402310566e-05,0.0003259691837828311,0.6000000238418579,-0.0016855299472808838,-0.0014831064135081662,0.003329576121815614,0.003555511168689615,0.8406292579724856,0.8297133922835448,0.851389397085727,0.016316115856170654,0.02142573629496025,-0.02588409185409546,-0.020988700839868923,7727,-0.13310593366622925,-0.12758148004650416,0.00029238896652889694,-3.501471281051638,0.47621737880725123,0.47622976817023976,0.5237702318297602,0.005003743,2.0014973,0.99917006,2.9734471172430198e-05,2.4778725977025165e-05
7,All equity (ex-basket),25,70,403572,99,0.00020318555301160636,8.110521284565879e-05,0.0003548198634147105,0.00027256598574727683,0.000104808699524643,0.0004926953370562969,-30.986566543579098,-0.609865665435791,0.00027256598574727683,0.00010042896690149277,0.0004946942691903619,0.6000000238418579,-0.001717597246170044,-0.001538026629407429,0.003329576121815614,0.003555511168689615,0.8387594657029884,0.8265693768883878,0.8489665755681283,0.016289174556732178,0.02142573629496025,-0.025961875915527344,-0.020988700839868923,7727,-0.13261276483535767,-0.12758148004650416,0.000446017067586453,-3.6647659540176347,0.47581100770122803,0.47582091919161884,0.5241790808083812,0.0050093196,2.003728,0.996469,4.7079579356347816e-05,4.4601706758645296e-05
7,All equity (ex-basket),25,75,403572,99,0.0002849553487357894,0.00012310261463423756,0.0004884278478311933,0.00037663663485078253,0.00017301910540305196,0.0006179000004065084,-35.9865665435791,-0.609865665435791,0.00037663663485078253,0.00018281770399502864,0.0006263858991177595,0.6000000238418579,-0.002504706382751465,-0.0017371001453037303,0.003329576121815614,0.003555511168689615,0.8106967491050026,0.800908858933197,0.8183631260890656,0.01559978723526001,0.02142573629496025,-0.02659320831298828,-0.020988700839868923,7727,-0.12042617797851562,-0.12758148004650416,0.0006615919835865719,-3.2883673906326294,0.46499509381225657,0.46502730615602667,0.5349726938439733,0.00508719,2.034876,0.96247333,0.00011398213949431576,9.415915871269563e-05
7,All equity (ex-basket),25,80,403572,99,0.00029486683912659944,0.00014055803572542324,0.00047652074814456195,0.0004162825964140228,0.00021962775399329116,0.0006949336428645404,-28.789250850677494,-0.4878925085067749,0.0004138047238163203,0.00019649491489982402,0.0006671684711127794,0.6000000238418579,-0.0024884939193725586,-0.0015004102492579873,0.003329576121815614,0.003555511168689615,0.6535811945046391,0.6445559052015073,0.6617297344875652,0.011864900588989258,0.02142573629496025,-0.02168041467666626,-0.020988700839868923,7727,-0.0970994234085083,-0.12758148004650416,0.0007607068874946726,-2.618782520294194,0.4559310358498607,0.45596077032103316,0.5440392296789668,0.004272554,1.7090216,0.79192555,0.00011893788468972079,9.663703131039814e-05
7,All equity (ex-basket),25,85,403572,99,0.00027999960354038435,0.00011809199502119283,0.0004642290474077306,0.0004261940868048328,0.00021136636403028174,0.0006854578334741037,-22.075281143188473,-0.37075281143188477,0.0004237162142071303,0.0002152713792280784,0.0006638840765032789,0.6000000238418579,-0.001853257417678833,-0.001124556582380929,0.003329576121815614,0.003555511168689615,0.4898645106818523,0.48307131048214397,0.49635978270725156,0.008878350257873535,0.02142573629496025,-0.01624053716659546,-0.020988700839868923,7727,-0.0728156566619873,-0.12758148004650416,0.0009093792433568236,-1.93683862686157,0.45613917714806773,0.456178823109631,0.543821176890369,0.003208506,1.2834024,0.59483385,0.00012637150248282834,0.00010159277650580318
7,All equity (ex-basket),25,88,403572,99,0.0002700881131495743,0.00011752058915723336,0.00045044062107667607,0.0004336277045979404,0.00022035780052384157,0.0006956786136949816,-17.66022491455078,-0.2966022491455078,0.0004311498320002379,0.00020574626202336544,0.0007070523247888996,0.6000000238418579,-0.0014621615409851074,-0.0008926956363739154,0.003329576121815614,0.003555511168689615,0.39180091856884786,0.3861887341789495,0.3975588487751507,0.00709986686706543,0.02142573629496025,-0.012969136238098145,-0.020988700839868923,7727,-0.05825251340866089,-0.12758148004650416,0.0010828303251959998,-1.4859085083007817,0.4567883797686658,0.45682306998503364,0.5431769300149664,0.0025585983,1.0234394,0.47559172,0.00014123873806904346,0.00010159277650580318
7,All equity (ex-basket),25,90,403572,99,0.00024778725977025166,0.00011431648745839461,0.0004032782965830409,0.0004385834497933454,0.0002180095141680689,0.0006986950842656406,-14.716854095458986,-0.24716854095458984,0.0004336277045979404,0.0002132742780087947,0.0006998612411543757,0.6000000238418579,-0.0011988282203674316,-0.0007371080532225022,0.003329576121815614,0.003555511168689615,0.32647377933061456,0.3217107993057395,0.3310012741551533,0.005915462970733643,0.02142573629496025,-0.010792672634124756,-0.020988700839868923,7727,-0.04852008819580078,-0.12758148004650416,0.0013504405657478716,-1.2320959568023704,0.45757634325473523,0.45762837857928695,0.542371621420713,0.0021243368,0.84973466,0.3960216,0.0001635395914483661,0.0001040706491035057
7,All equity (ex-basket),25,92,403572,99,0.00021805278859782145,9.265957108904486e-05,0.00035854866652842407,0.00044106132239104796,0.00020574181510031519,0.0007087562414161817,-11.773483276367191,-0.19773483276367188,0.0004385834497933454,0.00022122754955066623,0.0007118370269250449,0.6000000238418579,-0.0009339749813079834,-0.0005812642150857562,0.003329576121815614,0.003555511168689615,0.2612263799950091,0.2575268819669489,0.26521595298079764,0.004756331443786621,0.02142573629496025,-0.008617937564849854,-0.020988700839868923,7727,-0.03879576921463013,-0.12758148004650416,0.0017964576333343244,-0.9881420135498087,0.45872607614006916,0.45877811146462094,0.5412218885353791,0.0016901281,0.6760513,0.31643856,0.0002130970434024164,0.00010902639429891072
7,All equity (ex-basket),25,94,403572,99,0.00019822980781620132,9.126265949566895e-05,0.000312358825765197,0.00044353919498875047,0.00021767868026991216,0.0006988373167476066,-8.830112457275385,-0.1483011245727539,0.00044106132239104796,0.00020406798465889034,0.0007081205416117791,0.6000000238418579,-0.0006675124168395996,-0.00042757376111736585,0.003329576121815614,0.003555511168689615,0.19601425696820166,0.19331998021539337,0.19892000826610365,0.0036011934280395508,0.02142573629496025,-0.006453752517700195,-0.020988700839868923,7727,-0.0290757417678833,-0.12758148004650416,0.0029461905186682923,-0.7551434040069527,0.46076288741538063,0.46083722359331175,0.5391627764066883,0.001257151,0.50286037,0.23696062,0.00033946854588524477,0.00011893788468972079
7,All equity (ex-basket),25,95,403572,99,0.0001660174640460686,7.30479959049115e-05,0.0002606710931299048,0.0004385834497933454,0.00020378360020724168,0.0007226533853870627,-11.34237170219421,-0.16342371702194214,0.0004361055771956429,0.00020687475457540282,0.000711935649649906,0.6000000238418579,-0.0005346834659576416,-0.00035259945022218943,0.003329576121815614,0.003555511168689615,0.16338866079858422,0.16102398880437407,0.16604719501192927,0.003023982048034668,0.02142573629496025,-0.00537717342376709,-0.020988700839868923,7727,-0.024229824542999268,-0.12758148004650416,0.004541940471588713,-0.6774199008941606,0.462192619904255,0.4622867790629677,0.5377132209370323,0.0010416738,0.41666952,0.19729553,0.0004261940868048328,0.00012141575728742331
7,All equity (ex-basket),25,96,403572,99,0.00013876086547134092,6.353969511504792e-05,0.00022963496331572048,0.0004385834497933454,0.00020690588885784978,0.000717830345830943,-9.127630949020382,-0.13127630949020386,0.0004361055771956429,0.00021811593894721374,0.0007132433755626662,0.6000000238418579,-0.0004073679447174072,-0.00027760613851140884,0.003329576121815614,0.003555511168689615,0.13089041117111044,0.12904031423525125,0.13287701789589618,0.002447843551635742,0.02142573629496025,-0.004301905632019043,-0.020988700839868923,7727,-0.019368290901184082,-0.12758148004650416,0.00894016433251068,-0.5419335365295375,0.46442022736958954,0.46457881121584255,0.5354211887841575,0.00082742306,0.3309692,0.15773986,0.0006442468754026543,0.00013380512027593588
7,All equity (ex-basket),25,98,403572,99,5.451319714945536e-05,1.3307904702431034e-05,0.00010431150327620974,0.00045592855797726306,0.00020129400845857916,0.0007459719883737604,-10.234622240066527,-0.12234622240066528,0.00045592855797726306,0.0002224228520488927,0.0007579369025783541,0.6000000238418579,-0.00016674399375915527,-0.0001319837952655487,0.003329576121815614,0.003555511168689615,0.06605276013092286,0.06517347856683078,0.06703335481478638,0.0012710094451904297,0.02142573629496025,-0.002132117748260498,-0.020988700839868923,7727,-0.009795188903808594,-0.12758148004650416,0.5291521711119701,-0.24968194961547674,0.4706669441883976,0.4710361472054553,0.5289638527945447,0.00040588397,0.1623536,0.07906663,0.006407778537658708,0.0002552208775633592
7,Index/ETF,6,50,152630,99,0.0,0.0,0.0,0.0,0.0,0.0,8.066576719284058,-0.4193342328071594,0.0,0.0,0.0,,0.0023112893104553223,0.0008959068790735208,0.003515132739967841,0.002098283418615981,0.9421696269441558,0.9374017068973008,0.9464373384074511,0.014468789100646973,0.0156872698671936,-0.01676386594772339,-0.01558292507693726,1064,-0.12459450960159302,-0.12354308141100373,0.0,,0.5418069842101815,0.5418331913778418,0.45816680862215814,0.0012008991,2.0014987,0.9999959,0.0,0.0
7,Index/ETF,6,55,152630,99,0.0,0.0,0.0,0.0,0.0,0.0,3.2878351211547807,-0.41712164878845215,0.0,0.0,0.0,,0.0023112893104553223,0.0008956979679762985,0.003515132739967841,0.002098283418615981,0.9421696269441558,0.9372292739338924,0.9464628581134015,0.014468789100646973,0.0156872698671936,-0.01676386594772339,-0.01558292507693726,1064,-0.12459450960159302,-0.12354308141100373,0.0,,0.5418069842101815,0.5418331913778418,0.45816680862215814,0.0012008991,2.0014987,0.99998933,0.0,0.0
7,Index/ETF,6,60,152630,99,1.965537574526633e-05,0.0,6.632405703106422e-05,2.6207167660355107e-05,0.0,8.613220029725211e-05,-1.760677099227903,-0.41760677099227905,2.6207167660355107e-05,0.0,8.596111657128301e-05,0.7000000476837158,0.0023112893104553223,0.0008934868933965031,0.003515132739967841,0.002098283418615981,0.9421696269441558,0.9374424104362925,0.9464723106496971,0.014468789100646973,0.0156872698671936,-0.01676386594772339,-0.01558292507693726,1064,-0.1246308982372284,-0.12354308141100373,2.6207167660355107e-05,-1.6154891252517678,0.5418069842101815,0.5418331913778418,0.45816680862215814,0.0012009083,2.001514,0.99996907,0.0,0.0
7,Index/ETF,6,65,152630,99,2.6207167660355107e-05,0.0,8.714030793635794e-05,2.6207167660355107e-05,0.0,8.756283477618732e-05,-6.760677099227907,-0.41760677099227905,2.6207167660355107e-05,0.0,9.001366785352547e-05,0.7000000476837158,0.00231093168258667,0.0008836560134360341,0.003515132739967841,0.002098283418615981,0.9421231075434975,0.9373564376159018,0.9463576549805198,0.014468669891357422,0.0156872698671936,-0.01676398515701294,-0.01558292507693726,1064,-0.12575331330299377,-0.12354308141100373,3.2758959575443885e-05,-6.615489125251772,0.5418004324182664,0.5418266395859268,0.45817336041407325,0.0012009728,2.0016212,0.99986136,0.0,0.0
7,Index/ETF,6,70,152630,99,3.2758959575443885e-05,0.0,0.00011617924589221382,3.2758959575443885e-05,0.0,0.00010982722614452536,-6.310601234436031,-0.36310601234436035,3.2758959575443885e-05,0.0,0.00010238089983273413,0.6000000238418579,0.002300858497619629,0.0008527896772602208,0.003515132739967841,0.002098283418615981,0.9414843958379837,0.9368264029160077,0.9457009721090417,0.014458537101745605,0.0156872698671936,-0.01679980754852295,-0.01558292507693726,1064,-0.12521156668663025,-0.12354308141100373,3.2758959575443885e-05,-5.863208770751949,0.5415973268688986,0.5416169822446439,0.4583830177553561,0.0012015393,2.0025654,0.99895763,6.551791915088777e-06,6.551791915088777e-06
7,Index/ETF,6,75,152630,99,3.2758959575443885e-05,0.0,0.00011502660013151435,3.2758959575443885e-05,0.0,0.00010243311173146448,-8.410340547561646,-0.33410340547561646,3.2758959575443885e-05,0.0,0.00011527142774216318,0.6000000238418579,0.0018905401229858398,0.0007702224006864023,0.003515132739967841,0.002098283418615981,0.9230834747771395,0.9195452710609248,0.9262905120026315,0.01416158676147461,0.0156872698671936,-0.01720649003982544,-0.01558292507693726,1064,-0.11284896731376648,-0.12354308141100373,3.2758959575443885e-05,-4.433143138885498,0.5344755290571972,0.5345082880167726,0.4654917119832274,0.0012136968,2.0228279,0.9756853,6.551791915088777e-06,6.551791915088777e-06
7,Index/ETF,6,80,152630,99,3.2758959575443885e-05,0.0,0.00011127080904504383,3.2758959575443885e-05,0.0,0.00011295970025289759,-6.728272438049321,-0.26728272438049316,3.2758959575443885e-05,0.0,0.00011063356094576763,0.6000000238418579,0.0012874603271484375,0.0005992003551107758,0.003515132739967841,0.002098283418615981,0.7451847471793865,0.7406791883959709,0.749104169264331,0.01116102933883667,0.0156872698671936,-0.013983547687530518,-0.01558292507693726,1064,-0.09083291888237,-0.12354308141100373,3.931075149053266e-05,-3.5465109348297164,0.5296468584157767,0.5296730655834371,0.4703269344165629,0.0010064039,1.6773399,0.7975332,6.551791915088777e-06,6.551791915088777e-06
7,Index/ETF,6,85,152630,99,3.2758959575443885e-05,0.0,0.00011041014984283997,3.2758959575443885e-05,0.0,0.00011716146957926871,-5.0462043285369855,-0.20046204328536987,3.2758959575443885e-05,0.0,0.00011272677899265637,0.6000000238418579,0.0009737014770507812,0.0004421006248435132,0.003515132739967841,0.002098283418615981,0.5577513922508632,0.5541677367300227,0.5607874638880173,0.008353650569915771,0.0156872698671936,-0.010474085807800293,-0.01558292507693726,1064,-0.06803938746452332,-0.12354308141100373,5.896612723579899e-05,-2.659884691238401,0.5300334141387669,0.5300727248902575,0.4699272751097425,0.0007524931,1.2541552,0.5977541,6.551791915088777e-06,6.551791915088777e-06
7,Index/ETF,6,88,152630,99,3.2758959575443885e-05,0.0,0.00011533642203935181,3.2758959575443885e-05,0.0,0.00010478543550043482,-4.03696346282959,-0.1603696346282959,3.2758959575443885e-05,0.0,0.00010673560853326465,0.6000000238418579,0.0007941722869873047,0.00035336511769145095,0.003515132739967841,0.002098283418615981,0.4457797041800441,0.44308884550440136,0.44795267690307067,0.0066697001457214355,0.0156872698671936,-0.008375942707061768,-0.01558292507693726,1064,-0.05441448092460632,-0.12354308141100373,7.206971106597654e-05,-2.127910137176514,0.5304920395728232,0.5305641092838892,0.46943589071611086,0.00059951545,0.9991924,0.47762057,6.551791915088777e-06,6.551791915088777e-06
7,Index/ETF,6,90,152630,99,3.2758959575443885e-05,0.0,0.00010364285734611605,3.2758959575443885e-05,0.0,0.00010851681362716025,-3.3641362190246604,-0.13364136219024658,3.2758959575443885e-05,0.0,0.00010937150181759324,0.6000000238418579,0.0006793737411499023,0.00029463163406596006,0.003515132739967841,0.002098283418615981,0.37118659982574026,0.36903077705788223,0.3731062963538268,0.005561470985412598,0.0156872698671936,-0.0069748759269714355,-0.01558292507693726,1064,-0.045328766107559204,-0.12354308141100373,0.00013103583830177554,-1.773258447647097,0.5308982506715587,0.5310227347179454,0.46897726528205463,0.00049760187,0.8293366,0.39755547,1.3103583830177554e-05,6.551791915088777e-06
7,Index/ETF,6,92,152630,99,3.2758959575443885e-05,0.0,0.00011588437249398107,3.2758959575443885e-05,0.0,0.0001111936714896267,-2.6913089752197306,-0.10691308975219727,3.2758959575443885e-05,0.0,0.00010704097867891131,0.6000000238418579,0.0005588531494140625,0.00023652038614520128,0.003515132739967841,0.002098283418615981,0.2967181227273658,0.2949222058698278,0.2981683554713749,0.004461526870727539,0.0156872698671936,-0.005564987659454346,-0.01558292507693726,1064,-0.03623482584953308,-0.12354308141100373,0.00019000196553757453,-1.4186067581176798,0.5317827425800956,0.5318810194588219,0.468118980541178,0.00039590398,0.65984,0.3175583,1.965537574526633e-05,6.551791915088777e-06
7,Index/ETF,6,94,152630,99,3.2758959575443885e-05,0.0,0.00011292475056595495,3.2758959575443885e-05,0.0,0.0001043166013358717,-2.0184817314147896,-0.08018481731414795,3.2758959575443885e-05,0.0,0.00011830499953182299,0.6000000238418579,0.0004400014877319336,0.0001779102501203448,0.003515132739967841,0.002098283418615981,0.22242621331319737,0.22119437644822776,0.2234238226054616,0.0033650994300842285,0.0156872698671936,-0.004173696041107178,-0.01558292507693726,1064,-0.02717152237892151,-0.12354308141100373,0.00046517722597130313,-1.0492804050445503,0.5333682762235471,0.5335124156456791,0.4664875843543209,0.00029476854,0.49128088,0.23777364,2.6207167660355107e-05,6.551791915088777e-06
7,Index/ETF,6,95,152630,99,6.551791915088777e-06,0.0,2.109436238475428e-05,3.2758959575443885e-05,0.0,0.00010912605983048693,-1.6820681095123247,-0.06682068109512329,3.2758959575443885e-05,0.0,0.000106720678564871,0.6000000238418579,0.00037860870361328125,0.00014896406607523834,0.003515132739967841,0.002098283418615981,0.1854055104240205,0.18443752046764766,0.18619301370072383,0.0028188228607177734,0.0156872698671936,-0.0034786462783813477,-0.01558292507693726,1064,-0.02264675498008728,-0.12354308141100373,0.0010155277468387603,-0.8595538139343217,0.5343117342593199,0.5344755290571972,0.46552447094280286,0.0002445131,0.40752184,0.19801919,2.6207167660355107e-05,6.551791915088777e-06
7,Index/ETF,6,96,152630,99,6.551791915088777e-06,0.0,2.1137478517564692e-05,3.2758959575443885e-05,0.0,0.00010809917763286418,-1.3456544876098597,-0.05345654487609863,3.2758959575443885e-05,0.0,0.00010945607384343754,0.6000000238418579,0.0003153085708618164,0.00011945044760824945,0.003515132739967841,0.002098283418615981,0.14841574921646256,0.1475551012361287,0.1490658708750308,0.0022702813148498535,0.0156872698671936,-0.0027814507484436035,-0.01558292507693726,1064,-0.018115699291229248,-0.12354308141100373,0.0022341610430452728,-0.6876430511474574,0.5354320906768001,0.5356351962261678,0.46436480377383216,0.00019463622,0.3243937,0.1583908,4.586254340562144e-05,6.551791915088777e-06
7,Index/ETF,6,98,152630,99,0.0,0.0,0.0,3.2758959575443885e-05,0.0,0.00010464595990944792,-0.6728272438049299,-0.026728272438049316,3.2758959575443885e-05,0.0,0.00010765428507629233,0.6000000238418579,0.0001747608184814453,6.204711291984174e-05,0.003515132739967841,0.002098283418615981,0.07463906847956087,0.07433402339447474,0.07491909840400864,0.0011487007141113281,0.0156872698671936,-0.001363992691040039,-0.01558292507693726,1064,-0.009237974882125854,-0.12354308141100373,0.46049269475201465,-0.3438215255737287,0.5392321299875515,0.5397431697569285,0.46025683024307146,9.63875e-05,0.16064584,0.079512,0.0016510515626023718,1.965537574526633e-05
7,Index/ETF,25,50,152630,99,0.0,0.0,0.0,0.0,0.0,0.0,7.8474462032318115,-0.4215255379676819,0.0,0.0,0.0,,-0.0014961659908294678,-0.0029061676676742122,0.003515132739967841,0.002098283418615981,0.7592691062285967,0.7380498763931606,0.777665459411895,0.010615170001983643,0.0156872698671936,-0.02049887180328369,-0.01558292507693726,1064,-0.12791988253593445,-0.12354308141100373,0.0,,0.4711262530302038,0.47114590840594905,0.528854091594051,0.0049989866,1.9995946,0.9999958,0.0,0.0
7,Index/ETF,25,55,152630,99,0.0,0.0,0.0,0.0,0.0,0.0,3.066421747207637,-0.4193357825279236,0.0,0.0,0.0,,-0.0014961659908294678,-0.002906393932185573,0.003515132739967841,0.002098283418615981,0.7592691062285967,0.7386909729832359,0.7773624992975605,0.010615170001983643,0.0156872698671936,-0.02049887180328369,-0.01558292507693726,1064,-0.12791988253593445,-0.12354308141100373,0.0,,0.4711262530302038,0.47114590840594905,0.528854091594051,0.0049989866,1.9995946,0.99998915,0.0,0.0
7,Index/ETF,25,60,152630,99,2.6207167660355107e-05,0.0,9.035110733345396e-05,2.6207167660355107e-05,0.0,8.56851945710069e-05,-1.9819116592407204,-0.4198191165924072,2.6207167660355107e-05,0.0,8.647588000274567e-05,0.7000000476837158,-0.0014962852001190186,-0.002908720852530019,0.003515132739967841,0.002098283418615981,0.7592679035250093,0.7379374816708005,0.7770539116242353,0.010615170001983643,0.0156872698671936,-0.02049887180328369,-0.01558292507693726,1064,-0.12791988253593445,-0.12354308141100373,2.6207167660355107e-05,-1.8372720479965188,0.4711262530302038,0.47114590840594905,0.528854091594051,0.0049990276,1.999611,0.9999683,0.0,0.0
7,Index/ETF,25,65,152630,99,2.6207167660355107e-05,0.0,9.074901177362891e-05,2.6207167660355107e-05,0.0,8.631252385992501e-05,-6.981911659240724,-0.4198191165924072,2.6207167660355107e-05,0.0,8.529011773584223e-05,0.7000000476837158,-0.0014965534210205078,-0.002919076511105883,0.003515132739967841,0.002098283418615981,0.7592187262388564,0.7370815815506332,0.7762997917638782,0.010614991188049316,0.0156872698671936,-0.020498991012573242,-0.01558292507693726,1064,-0.1290743052959442,-0.12354308141100373,3.2758959575443885e-05,-6.837272047996523,0.47111970123828867,0.47113935661403394,0.5288606433859661,0.0049993023,1.9997209,0.99985504,0.0,0.0
7,Index/ETF,25,70,152630,99,3.2758959575443885e-05,0.0,0.0001186547800475847,3.2758959575443885e-05,0.0,0.00011204009860276765,-6.375558376312251,-0.36375558376312256,3.2758959575443885e-05,0.0,0.00010901986021258247,0.6000000238418579,-0.0015068352222442627,-0.0029527171207335006,0.003515132739967841,0.002098283418615981,0.7585106559838575,0.7400646383024083,0.776204626103308,0.010604560375213623,0.0156872698671936,-0.02053898572921753,-0.01558292507693726,1064,-0.12835729122161865,-0.12354308141100373,3.2758959575443885e-05,-5.9298586845397905,0.4709362510646662,0.47095590644041146,0.5290440935595886,0.005001787,2.0007148,0.998888,6.551791915088777e-06,6.551791915088777e-06
7,Index/ETF,25,75,152630,99,3.2758959575443885e-05,0.0,0.00010962222215399517,3.2758959575443885e-05,0.0,0.00011472231145669631,-8.663290739059448,-0.3366329073905945,3.2758959575443885e-05,0.0,0.00010928334713389082,0.6000000238418579,-0.0020182132720947266,-0.0030818751089024465,0.003515132739967841,0.002098283418615981,0.7355032535016489,0.7168435391183827,0.7509498597272773,0.010210096836090088,0.0156872698671936,-0.02096503973007202,-0.01558292507693726,1064,-0.11567831039428711,-0.12354308141100373,3.2758959575443885e-05,-4.521352052688599,0.4621109873550416,0.46215029810653213,0.5378497018934678,0.0050578294,2.0231316,0.9725437,6.551791915088777e-06,6.551791915088777e-06
7,Index/ETF,25,80,152630,99,3.2758959575443885e-05,0.0,0.00010623860758683824,3.2758959575443885e-05,0.0,0.00010710892374398531,-6.930630207061772,-0.2693063020706177,3.2758959575443885e-05,0.0,0.00011211462701028757,0.6000000238418579,-0.0018450617790222168,-0.0025833520470335343,0.003515132739967841,0.002098283418615981,0.5862163093832687,0.5704339571779141,0.5984717297888711,0.007876276969909668,0.0156872698671936,-0.016957342624664307,-0.01558292507693726,1064,-0.09310436248779297,-0.12354308141100373,3.931075149053266e-05,-3.6170768737793013,0.4556771276944244,0.4557033348620848,0.5442966651379152,0.0041775103,1.6710042,0.7926605,6.551791915088777e-06,6.551791915088777e-06
7,Index/ETF,25,85,152630,99,3.2758959575443885e-05,0.0,0.00010475571306412781,3.2758959575443885e-05,0.0,0.00010701092310089994,-5.197975635528563,-0.20197975635528564,3.2758959575443885e-05,0.0,0.00011054921589310502,0.6000000238418579,-0.0013659000396728516,-0.0019363376394149509,0.003515132739967841,0.002098283418615981,0.43900777239396116,0.42921061780898406,0.448318287058683,0.005909979343414307,0.0156872698671936,-0.01271289587020874,-0.01558292507693726,1064,-0.06972265243530273,-0.12354308141100373,6.551791915088777e-05,-2.7128076553344704,0.4563388586778484,0.4563781694293389,0.543621830570661,0.0031234496,1.24938,0.5939509,6.551791915088777e-06,6.551791915088777e-06
7,Index/ETF,25,88,152630,99,3.2758959575443885e-05,0.0,0.00010717026929850031,3.2758959575443885e-05,0.0,0.00012045633077852725,-4.1583781242370605,-0.1615837812423706,3.2758959575443885e-05,0.0,0.00011890685144887507,0.6000000238418579,-0.0010703504085540771,-0.0015416828065979787,0.003515132739967841,0.002098283418615981,0.3513052429653228,0.3425321899995246,0.359358698948496,0.004750430583953857,0.0156872698671936,-0.010162174701690674,-0.01558292507693726,1064,-0.05577975511550903,-0.12354308141100373,7.206971106597654e-05,-2.170247316360474,0.4573281792570268,0.45736093821660223,0.5426390617833977,0.0024888124,0.99552494,0.4745921,6.551791915088777e-06,6.551791915088777e-06
7,Index/ETF,25,90,152630,99,3.2758959575443885e-05,0.0,0.00011203935371220864,3.2758959575443885e-05,0.0,0.00010906983836137225,-3.465315103530886,-0.13465315103530884,3.2758959575443885e-05,0.0,0.00011158759927010399,0.6000000238418579,-0.0008729994297027588,-0.0012782032259527653,0.003515132739967841,0.002098283418615981,0.2929245337322072,0.2861489489464761,0.2991551845760507,0.003974437713623047,0.0156872698671936,-0.008458256721496582,-0.01558292507693726,1064,-0.04648309946060181,-0.12354308141100373,0.00015724300596213064,-1.8085384368896507,0.4582519819170543,0.45829784446045996,0.54170215553954,0.0020660248,0.82640994,0.39507714,1.3103583830177554e-05,6.551791915088777e-06
7,Index/ETF,25,92,152630,99,3.2758959575443885e-05,0.0,0.00010608553247883399,3.2758959575443885e-05,0.0,0.0001073454818397083,-2.772252082824711,-0.10772252082824707,3.2758959575443885e-05,0.0,0.00010204210722695608,0.6000000238418579,-0.0006758570671081543,-0.001014915231888911,0.003515132739967841,0.002098283418615981,0.2346465112350753,0.22937833644959504,0.23958801982272476,0.0032001137733459473,0.0156872698671936,-0.006754279136657715,-0.01558292507693726,1064,-0.03714650869369507,-0.12354308141100373,0.00021620913319792963,-1.4468295574188272,0.45973923868177946,0.4598178601847605,0.5401821398152394,0.0016442687,0.65770745,0.31568322,1.965537574526633e-05,6.551791915088777e-06
7,Index/ETF,25,94,152630,99,3.2758959575443885e-05,0.0,0.0001164741975691598,3.2758959575443885e-05,0.0,0.00010502904751848313,-2.079189062118525,-0.0807918906211853,3.2758959575443885e-05,0.0,0.00011003310346849771,0.6000000238418579,-0.00048467516899108887,-0.0007541296031116885,0.003515132739967841,0.002098283418615981,0.17644827637501248,0.1722929921277957,0.18004138971569916,0.0024251341819763184,0.0156872698671936,-0.005065500736236572,-0.01558292507693726,1064,-0.027865171432495117,-0.12354308141100373,0.00048483260171656946,-1.0851266384124703,0.4618096049269475,0.4619275371814191,0.5380724628185809,0.0012248214,0.4899285,0.23651288,2.6207167660355107e-05,6.551791915088777e-06
7,Index/ETF,25,95,152630,99,6.551791915088777e-06,0.0,2.1268623492140604e-05,3.2758959575443885e-05,0.0,0.00011215562885629851,-1.7326605319976762,-0.0673266053199768,3.2758959575443885e-05,0.0,0.00011161822489349287,0.6000000238418579,-0.00039258599281311035,-0.0006246076919363467,0.003515132739967841,0.002098283418615981,0.1473508356637555,0.14390368004607548,0.15019346683604545,0.0020368099212646484,0.0156872698671936,-0.0042228102684021,-0.01558292507693726,1064,-0.02318599820137024,-0.12354308141100373,0.0010941492498198256,-0.8915972709655717,0.4629954792635786,0.46317237764528596,0.536827622354714,0.0010164058,0.4065623,0.19705264,2.6207167660355107e-05,6.551791915088777e-06
7,Index/ETF,25,96,152630,99,6.551791915088777e-06,0.0,2.201428682972185e-05,3.2758959575443885e-05,0.0,0.00011462159088106414,-1.38612604141235,-0.053861260414123535,3.2758959575443885e-05,0.0,0.00011455826950359118,0.6000000238418579,-0.00030046701431274414,-0.0004964726011679509,0.003515132739967841,0.002098283418615981,0.11825295351674439,0.11544210901349973,0.12057697946190286,0.0016457438468933105,0.0156872698671936,-0.003379225730895996,-0.01558292507693726,1064,-0.018594801425933838,-0.12354308141100373,0.0025420952630544453,-0.7002732753753627,0.4647448077049073,0.4649741204219354,0.5350258795780646,0.0008094291,0.32377166,0.15771814,5.2414335320710214e-05,6.551791915088777e-06
7,Index/ETF,25,98,152630,99,0.0,0.0,0.0,3.2758959575443885e-05,0.0,0.00011247007080320678,-0.693063020706175,-0.026930630207061768,3.2758959575443885e-05,0.0,0.0001073829388145073,0.6000000238418579,-0.00013008713722229004,-0.0002429449803502877,0.003515132739967841,0.002098283418615981,0.05988629956528035,0.058515033100449886,0.061104755120028484,0.0008401274681091309,0.0156872698671936,-0.0016646981239318848,-0.01558292507693726,1064,-0.009474575519561768,-0.12354308141100373,0.5312520474349735,-0.3501396179199201,0.46855139880757385,0.4690493349931206,0.5309506650068794,0.0004011433,0.16045733,0.07929683,0.0017493284413287035,1.965537574526633e-05
7,Single stock,6,50,250942,65,3.984984578109683e-05,0.0,9.48551205461312e-05,5.977476867164524e-05,0.0,0.0001296317125796601,-22.988691926002502,-0.729886919260025,5.977476867164524e-05,0.0,0.00013598597717190606,0.800000011920929,0.001921534538269043,0.0032324896485133358,0.0031248800859658976,0.004441838174506651,0.9685346599772782,0.9662001131572715,0.9705731058068733,0.0260809063911438,0.027314451950594343,-0.026327788829803467,-0.025158077788325683,6663,-0.12953025102615356,-0.12844039142805197,8.766966071841302e-05,-2.0578354597091675,0.5200245475050012,0.5200444724278918,0.4799555275721083,0.0012023173,2.0038624,0.99991196,7.969969156219366e-06,7.969969156219366e-06
7,Single stock,6,55,250942,65,6.375975324975493e-05,0.0,0.00013518075931685165,8.368467614030334e-05,0.0,0.0002025690099516371,-20.53570926189423,-0.6553570926189423,8.368467614030334e-05,0.0,0.00019828867746476945,0.800000011920929,0.0019214153289794922,0.003229544001134443,0.0031248800859658976,0.004441838174506651,0.9684061228267615,0.9660975104670879,0.9704310661084276,0.026079833507537842,0.027314451950594343,-0.02632880210876465,-0.025158077788325683,6663,-0.12954461574554443,-0.12844039142805197,0.00013548947565572922,-2.4450349807739302,0.5200205625204231,0.5200404874433135,0.4799595125566864,0.001202342,2.0039034,0.99980026,1.1954953734329049e-05,1.1954953734329049e-05
7,Single stock,6,60,250942,65,9.563962987463239e-05,2.1090467193320664e-05,0.00019243056599250677,0.00014744442939005825,3.7065147075678464e-05,0.00027891262973025625,-20.83780229091644,-0.6083780229091644,0.00014744442939005825,4.118065492635177e-05,0.0002805600277679356,0.6000000238418579,0.0019211769104003906,0.003225371393465855,0.0031248800859658976,0.004441838174506651,0.968337986600125,0.9662423977817247,0.9703923894200912,0.026076197624206543,0.027314451950594343,-0.026332199573516846,-0.025158077788325683,6663,-0.1296168565750122,-0.12844039142805197,0.00026300898215523904,-1.6783154010772683,0.5200046225821106,0.5200245475050012,0.47997545249499884,0.0012024149,2.0040247,0.99954665,1.9924922890548414e-05,1.593993831243873e-05
7,Single stock,6,65,250942,65,0.00017932430601493571,6.120777353355752e-05,0.0003235029533448721,0.00025105402842091,7.343534772326188e-05,0.0004713007108667348,-25.837802290916446,-0.6083780229091644,0.00025105402842091,7.034486431630749e-05,0.0004591384203569027,0.6000000238418579,0.0019124150276184082,0.003203419229891383,0.0031248800859658976,0.004441838174506651,0.96787159119189,0.9657293702115138,0.9698327516382796,0.026069700717926025,0.027314451950594343,-0.026340991258621216,-0.025158077788325683,6663,-0.13081324100494385,-0.12844039142805197,0.0004383483035920651,-3.2254719734191917,0.5199129679368141,0.5199328928597047,0.4800671071402954,0.0012026841,2.0044734,0.99879116,4.7819814937316194e-05,3.984984578109683e-05
7,Single stock,6,70,250942,65,0.00028293390504578747,0.0001251235393052709,0.0004924794260989061,0.00041842338070151666,0.00015279204422945935,0.0007240326985450403,-30.83780229091644,-0.6083780229091644,0.000414438396123407,0.00015631212117940224,0.0007034487881005399,0.6000000238418579,0.0018662214279174805,0.0031429498095850283,0.0031248800859658976,0.004441838174506651,0.9657636239000043,0.9639065133437346,0.9674597629893155,0.026036322116851807,0.027314451950594343,-0.026450902223587036,-0.025158077788325683,6663,-0.13024479150772095,-0.12844039142805197,0.0006694774091224267,-3.359962701797481,0.5194427397565972,0.5194626646794877,0.4805373353205123,0.0012043952,2.0073252,0.9952327,7.172972240597429e-05,6.774473782786461e-05
7,Single stock,6,75,250942,65,0.00041842338070151666,0.00019059436148973752,0.0006913726893109845,0.0005539128563572459,0.00024234374268935487,0.0009336373698215508,-35.83780229091644,-0.6083780229091644,0.0005539128563572459,0.0002362666759465267,0.0009491749831607272,0.6000000238418579,0.0009353160858154297,0.002977600701612233,0.0031248800859658976,0.004441838174506651,0.9400866162283056,0.9360204242901731,0.9432496565277111,0.02520352602005005,0.027314451950594343,-0.027143418788909912,-0.025158077788325683,6663,-0.11840969324111938,-0.12844039142805197,0.0010241410365741885,-3.2876312732696533,0.509735317324322,0.5097671972009469,0.4902328027990532,0.0012249037,2.041506,0.9594446,0.00017533932143682605,0.00014345944481194858
7,Single stock,6,80,250942,65,0.0004503032573263941,0.0002312533308831112,0.0007245907679023613,0.0006176726096070008,0.000306816773950765,0.001030843159897323,-28.67024421691895,-0.48670244216918945,0.0006176726096070008,0.0002876288745459321,0.001010701217722447,0.6000000238418579,6.908178329467773e-05,0.002469347446083062,0.0031248800859658976,0.004441838174506651,0.7690979556129918,0.7641324301382648,0.7731463329125164,0.019548416137695312,0.027314451950594343,-0.022238999605178833,-0.025158077788325683,6663,-0.0955348014831543,-0.12844039142805197,0.0011516605430736983,-2.6266384124755904,0.5008408317459812,0.500868726638028,0.4991312733619721,0.0010433382,1.7388971,0.7964776,0.00017932430601493571,0.00014744442939005825
7,Single stock,6,85,250942,65,0.00041842338070151666,0.0001938348430165659,0.0007131523496675874,0.0006296275633413299,0.0003056977128801649,0.0009759042896943818,-22.119895219802853,-0.37119895219802856,0.0006296275633413299,0.0003088219838725107,0.0010649945008973105,0.6000000238418579,3.838539123535156e-05,0.0018619139672994048,0.0031248800859658976,0.004441838174506651,0.5772387360953642,0.5730508412148588,0.5814853977772036,0.014600098133087158,0.027314451950594343,-0.01666906476020813,-0.025158077788325683,6663,-0.07163113355636597,-0.12844039142805197,0.0013748196794478404,-1.9626832008361794,0.5005738377792478,0.5006097026404508,0.4993902973595492,0.0007858165,1.3096943,0.5994726,0.00019526424432737445,0.00015541439854627762
7,Single stock,6,88,250942,65,0.00040248344238907793,0.00017699711713154066,0.000646109576654781,0.0006336125479194395,0.00031990365634361787,0.001036100120233972,-17.695916175842285,-0.29695916175842285,0.0006336125479194395,0.00030991039592163146,0.001055273564241839,0.6000000238418579,4.601478576660156e-05,0.0014913301789369435,0.0031248800859658976,0.004441838174506651,0.4615200250849048,0.4581033925132851,0.4649176512154046,0.011659324169158936,0.027314451950594343,-0.013321280479431152,-0.025158077788325683,6663,-0.05728203058242798,-0.12844039142805197,0.001645798630759299,-1.5649383068084721,0.500836846761403,0.5008766966071841,0.49912330339281585,0.0006268859,1.0448099,0.47956648,0.0002072191980617035,0.00015939938312438731
7,Single stock,6,90,250942,65,0.00035864861202987143,0.00017051629298102202,0.0005845301805166328,0.0006415825170756589,0.0002998208553896667,0.0010376038526011078,-14.746596813201906,-0.24746596813201904,0.0006415825170756589,0.0003001400141255887,0.0010484566880860028,0.6000000238418579,4.464387893676758e-05,0.001243958757350287,0.0031248800859658976,0.004441838174506651,0.38432245242870644,0.38119380842975226,0.387341045281964,0.009704351425170898,0.027314451950594343,-0.011084526777267456,-0.025158077788325683,6663,-0.04773503541946411,-0.12844039142805197,0.0019486574586956348,-1.2595438957214378,0.5010161710674179,0.5010799308206677,0.4989200691793323,0.0005205064,0.8675106,0.3994176,0.0002470690438428003,0.00016338436770249698
7,Single stock,6,92,250942,65,0.00032676873540499397,0.00015804170133931555,0.0005214595391668998,0.0006375975324975493,0.0002763002202487148,0.001056334378152602,-11.797277450561527,-0.19797277450561523,0.0006375975324975493,0.00030051893139115224,0.0010418398715348472,0.6000000238418579,6.079673767089844e-05,0.0009958457816519406,0.0031248800859658976,0.004441838174506651,0.30711906681104634,0.30463292859726715,0.3096816337539958,0.00775599479675293,0.027314451950594343,-0.008858144283294678,-0.025158077788325683,6663,-0.038188040256500244,-0.12844039142805197,0.002626104836974281,-1.0390503406524698,0.5017932430601494,0.5018769277362897,0.49812307226371033,0.00041399963,0.68999934,0.3191487,0.0003068438125144456,0.00016736935228060668
7,Single stock,6,94,250942,65,0.0002948888587801165,0.00013707139115696817,0.0004977277939163182,0.0006455675016537686,0.0002821356920473367,0.0010548978973297036,-8.847958087921137,-0.14847958087921143,0.0006455675016537686,0.00030620524240416736,0.0010665913092860317,0.6000000238418579,7.95125961303711e-05,0.0007466775382847056,0.0031248800859658976,0.004441838174506651,0.22992020967034346,0.2278013948307488,0.23206208174349002,0.0058089494705200195,0.027314451950594343,-0.006628304719924927,-0.025158077788325683,6663,-0.028620362281799316,-0.12844039142805197,0.004216113683640044,-0.7877054214477486,0.5032318224928469,0.503343402061034,0.496656597938966,0.0003076126,0.5126876,0.23885119,0.0004941380876856006,0.0001833092905930454
7,Single stock,6,95,250942,65,0.0002550390129990197,0.00012144463724942713,0.0004192940906392344,0.0006375975324975493,0.0002926418037816739,0.0010451061042709758,-10.97834229469299,-0.15978342294692993,0.0006375975324975493,0.00028511316618769287,0.0010411704750363188,0.6000000238418579,8.666515350341797e-05,0.0006209155113459092,0.0031248800859658976,0.004441838174506651,0.19133624790552076,0.1895423121838551,0.19321318641241755,0.004854321479797363,0.027314451950594343,-0.00551450252532959,-0.025158077788325683,6663,-0.023844540119171143,-0.12844039142805197,0.0063440954483506146,-0.6823521852493242,0.5042918283906241,0.5043994229742331,0.49560057702576693,0.0002546061,0.42434344,0.19873704,0.0006495524862318783,0.00018729427517115508
7,Single stock,6,96,250942,65,0.00021120418263981318,9.235161006255467e-05,0.00033744704186072127,0.0006375975324975493,0.0003001112175660243,0.0010577892513981403,-9.059782981872555,-0.13059782981872559,0.0006375975324975493,0.0003062690718425268,0.0011014045040565797,0.6000000238418579,0.00010466575622558594,0.0004957802903973228,0.0031248800859658976,0.004441838174506651,0.15286923347657913,0.1514654905285864,0.15433419133804815,0.003915309906005859,0.027314451950594343,-0.004408687353134155,-0.025158077788325683,6663,-0.019075632095336914,-0.12844039142805197,0.011839389181563867,-0.5458793640136683,0.5062046209881168,0.5063241705254601,0.4936758294745399,0.00020186907,0.33644846,0.15870498,0.0009683512524806529,0.0002032342134835938
7,Single stock,6,98,250942,65,9.16546452965227e-05,2.6367342575688063e-05,0.00016876438376637717,0.0006933873165910848,0.0003369653065684804,0.0011417995783927972,-10.179964780807493,-0.12179964780807495,0.0006933873165910848,0.00032882927303351495,0.0011217288242943082,0.6000000238418579,0.00010353326797485352,0.00024714610623393285,0.0031248800859658976,0.004441838174506651,0.07652328446167951,0.07575019978199883,0.0773377646999964,0.0020246505737304688,0.027314451950594343,-0.0021923482418060303,-0.025158077788325683,6663,-0.009646117687225342,-0.12844039142805197,0.4867897761235664,-0.24777460098266424,0.5130707494161998,0.5133218034446206,0.4866781965553793,9.830412e-05,0.16384019,0.07924682,0.008751026133528864,0.00037857353492041986
7,Single stock,25,50,250942,65,3.984984578109683e-05,0.0,9.68444150902958e-05,5.977476867164524e-05,0.0,0.00014093417188831408,-23.012927174568176,-0.7301292717456818,5.977476867164524e-05,0.0,0.00013889404403720523,0.800000011920929,-0.00188446044921875,-0.0005785696442853423,0.0031248800859658976,0.004441838174506651,0.8693010644535337,0.8596268221786231,0.8775856447440579,0.02218317985534668,0.027314451950594343,-0.03002646565437317,-0.025158077788325683,6663,-0.13283687829971313,-0.12844039142805197,8.766966071841302e-05,-2.130076289176941,0.47940161471575105,0.47940958468490724,0.5205904153150928,0.0050048847,2.0019538,0.99991053,7.969969156219366e-06,7.969969156219366e-06
7,Single stock,25,55,250942,65,6.774473782786461e-05,0.0,0.00015057348526661932,8.368467614030334e-05,0.0,0.00019993876792201342,-20.41300415992737,-0.6541300415992737,8.368467614030334e-05,0.0,0.00019821657672387016,0.800000011920929,-0.001884549856185913,-0.0005815710456953279,0.0031248800859658976,0.004441838174506651,0.8691736041676811,0.8597313821881045,0.8772644968349688,0.022182106971740723,0.027314451950594343,-0.030027449131011963,-0.025158077788325683,6663,-0.13285118341445923,-0.12844039142805197,0.00013947446023383889,-2.547399997711186,0.47939364474659485,0.47940161471575105,0.520598385284249,0.005004987,2.0019946,0.9997964,1.1954953734329049e-05,1.1954953734329049e-05
7,Single stock,25,60,250942,65,0.00010759458360896144,2.0290124672001168e-05,0.00021259861987907866,0.00014744442939005825,3.810939837111502e-05,0.0002822364130054702,-20.986566543579098,-0.609865665435791,0.00014744442939005825,3.545438744584971e-05,0.00029708082119795336,0.6000000238418579,-0.0018850862979888916,-0.000586158576316714,0.0031248800859658976,0.004441838174506651,0.8691005300228999,0.8593493550366602,0.8767101677096645,0.022178471088409424,0.027314451950594343,-0.03003084659576416,-0.025158077788325683,6663,-0.132948100566864,-0.12844039142805197,0.00027496393588956813,-1.7680144309997536,0.4793896597620167,0.47939762973117295,0.520602370268827,0.0050052954,2.002118,0.9995363,1.9924922890548414e-05,1.593993831243873e-05
7,Single stock,25,65,250942,65,0.00019127925974926478,6.984969398052366e-05,0.0003435676531007032,0.0002590239975771294,8.324919058764453e-05,0.000481535369079014,-25.986566543579105,-0.609865665435791,0.0002590239975771294,8.93710483131427e-05,0.0004860204836371155,0.6000000238418579,-0.0018936693668365479,-0.0006097089113110866,0.0031248800859658976,0.004441838174506651,0.8686093923308358,0.8604084849812945,0.8770649043844917,0.02217203378677368,0.027314451950594343,-0.030039578676223755,-0.025158077788325683,6663,-0.13419979810714722,-0.12844039142805197,0.0004503032573263941,-3.2409930229187034,0.47931793003961076,0.47932590000876696,0.520674099991233,0.005006444,2.0025778,0.9987533,4.7819814937316194e-05,3.984984578109683e-05
7,Single stock,25,70,250942,65,0.0003068438125144456,0.00012378461444340484,0.0005193923826796143,0.00041842338070151666,0.0001718205560445694,0.0007354681961409381,-30.986566543579098,-0.609865665435791,0.00041842338070151666,0.00016634718134864388,0.000762354585080074,0.6000000238418579,-0.00194588303565979,-0.0006775719837478811,0.0031248800859658976,0.004441838174506651,0.866340325700141,0.8578556894327819,0.874236626993447,0.022136986255645752,0.027314451950594343,-0.030164897441864014,-0.025158077788325683,6663,-0.13342785835266113,-0.12844039142805197,0.0006973723011691944,-3.613103628158565,0.4787759721369878,0.47877995712156596,0.521220042878434,0.0050139017,2.0055604,0.99499774,7.172972240597429e-05,6.774473782786461e-05
7,Single stock,25,75,250942,65,0.0004383483035920651,0.0001819514563827226,0.0007017572469210031,0.0005857927329821234,0.000269921690418012,0.0009395049253279877,-35.9865665435791,-0.609865665435791,0.0005857927329821234,0.00026278574105982405,0.0009490781362716753,0.6000000238418579,-0.0030243396759033203,-0.000919170094957148,0.0031248800859658976,0.004441838174506651,0.8365401389595214,0.8294242467640351,0.8433099658603523,0.021157801151275635,0.027314451950594343,-0.030890554189682007,-0.025158077788325683,6663,-0.12140452861785889,-0.12844039142805197,0.0010440659594647369,-3.09564471244812,0.4667492886802528,0.4667771835722996,0.5332228164277004,0.005105048,2.0420191,0.9563482,0.00017932430601493571,0.00014744442939005825
7,Single stock,25,80,250942,65,0.0004542882419045038,0.0002295497070882836,0.0007187745184682136,0.0006495524862318783,0.000311703509573823,0.001035077519556812,-28.789250850677494,-0.4878925085067749,0.0006455675016537686,0.0003402011004492568,0.0010412172820057095,0.6000000238418579,-0.0031647086143493652,-0.0008417345130540768,0.0031248800859658976,0.004441838174506651,0.67673395492264,0.6692512418939457,0.6834217297904088,0.016050875186920166,0.027314451950594343,-0.02519744634628296,-0.025158077788325683,6663,-0.09783005714416504,-0.12844039142805197,0.0011994803580110144,-2.4765181541442916,0.45608546994923127,0.45611734982585617,0.5438826501741438,0.004330362,1.7321451,0.7914785,0.00018729427517115508,0.00015142941396816795
7,Single stock,25,85,250942,65,0.00043037833443584575,0.00021055774114700092,0.0006996164497418043,0.000665492424544317,0.00031882919186295783,0.0010413458876556135,-22.075281143188473,-0.37075281143188477,0.0006615074399662073,0.0003163475105798984,0.001038041472763707,0.6000000238418579,-0.0023684799671173096,-0.0006308084543867996,0.0031248800859658976,0.004441838174506651,0.5073435559603988,0.501795764374209,0.5136005528475402,0.011987388134002686,0.027314451950594343,-0.01887601613998413,-0.025158077788325683,6663,-0.07336920499801636,-0.12844039142805197,0.0014226394943851568,-1.8481409549713113,0.45601772521140344,0.4560575750571845,0.5439424249428154,0.0032602397,1.3040959,0.5953709,0.00019924922890548414,0.00015939938312438731
7,Single stock,25,88,250942,65,0.000414438396123407,0.00020244928694307916,0.0006808731436842497,0.0006774473782786461,0.0003241684143036943,0.0010597553703692825,-17.66022491455078,-0.2966022491455078,0.0006734623937005364,0.000333385865207173,0.0010411075749936737,0.6000000238418579,-0.001878201961517334,-0.0004979633404995747,0.0031248800859658976,0.004441838174506651,0.4057189512875894,0.4013882033787032,0.41109304423887943,0.009585678577423096,0.027314451950594343,-0.015083909034729004,-0.025158077788325683,6663,-0.05867409706115723,-0.12844039142805197,0.001697603430274725,-1.468164205551148,0.4564600584995736,0.4564959233607766,0.5435040766392234,0.0026010443,1.0404177,0.4761997,0.00022315913637414224,0.00015939938312438731
7,Single stock,25,90,250942,65,0.00037857353492041986,0.00017611911274171229,0.0006153823178030809,0.0006854173474348654,0.00033699089754490196,0.0010956881221154163,-14.716854095458986,-0.24716854095458984,0.0006774473782786461,0.00032996978202671373,0.0010905293792461738,0.6000000238418579,-0.001546323299407959,-0.00040799871236357857,0.0031248800859658976,0.004441838174506651,0.3380043808323483,0.3336286816876484,0.3429098024318913,0.007981181144714355,0.027314451950594343,-0.012549340724945068,-0.025158077788325683,6663,-0.048883795738220215,-0.12844039142805197,0.0020761769651951446,-1.2126171588897727,0.45716540076989903,0.4572211905539926,0.5427788094460074,0.0021598036,0.8639215,0.39659607,0.0002550390129990197,0.00016338436770249698
7,Single stock,25,92,250942,65,0.00033075371998310366,0.00014725068600500346,0.0005178484313749696,0.0006894023320129751,0.0003373312791818316,0.0011271516448739499,-11.773483276367191,-0.19773483276367188,0.0006854173474348654,0.00032492617855864553,0.0010961705598921806,0.6000000238418579,-0.0012074410915374756,-0.0003175054393739762,0.0031248800859658976,0.004441838174506651,0.27036166364066366,0.2667956457147672,0.27443145082989934,0.006392955780029297,0.027314451950594343,-0.010023027658462524,-0.025158077788325683,6663,-0.039103686809539795,-0.12844039142805197,0.0027576093280519006,-0.9651584625244181,0.458109842114911,0.458145706976114,0.541854293023886,0.0017180211,0.6872085,0.316898,0.00033075371998310366,0.00017135433685871635
7,Single stock,25,94,250942,65,0.0002988738433582262,0.000135449059285452,0.0004908232554865795,0.0006933873165910848,0.0003478864333991493,0.0011218968376580428,-8.830112457275385,-0.1483011245727539,0.0006894023320129751,0.00034245109658125045,0.0011548794256382273,0.6000000238418579,-0.0008599162101745605,-0.00022895329039666757,0.0031248800859658976,0.004441838174506651,0.20273892457805784,0.20005907552621277,0.20587352268417242,0.004813492298126221,0.027314451950594343,-0.007502347230911255,-0.025158077788325683,6663,-0.029310941696166992,-0.12844039142805197,0.004443257804592296,-0.7370772361755318,0.4601262443114345,0.46017406412637185,0.5398259358736281,0.0012768147,0.5107259,0.23723295,0.0005300029488885878,0.00018729427517115508
7,Single stock,25,95,250942,65,0.00026300898215523904,0.00012502011914106978,0.00042400581897502113,0.0006854173474348654,0.0003319190036727888,0.0011091494229587382,-11.34237170219421,-0.16342371702194214,0.0006814323628567558,0.00032095158667960885,0.0011288542782775647,0.6000000238418579,-0.000690162181854248,-0.0001871563680245827,0.0031248800859658976,0.004441838174506651,0.16890073021432628,0.16656715355985105,0.17127395504208656,0.004035890102386475,0.027314451950594343,-0.006249070167541504,-0.025158077788325683,6663,-0.024413704872131348,-0.12844039142805197,0.006638984307130731,-0.6463748216628984,0.4617042982043659,0.46174813303472517,0.5382518669652748,0.0010570426,0.42281702,0.19744328,0.0006694774091224267,0.00019127925974926478
7,Single stock,25,96,250942,65,0.00021917415179603254,0.00010134814124970118,0.00034779371411630515,0.0006854173474348654,0.000332079573200573,0.001144309800864092,-9.127630949020382,-0.13127630949020386,0.0006814323628567558,0.0003206990188564078,0.001103084725997294,0.6000000238418579,-0.0005211830139160156,-0.00014448538473058297,0.0031248800859658976,0.004441838174506651,0.13523380207628322,0.13340072128970895,0.1373947775423203,0.0032719969749450684,0.027314451950594343,-0.0049936771392822266,-0.025158077788325683,6663,-0.019526183605194092,-0.12844039142805197,0.012831650341513179,-0.5171022415161097,0.4642228084577313,0.46433837301049646,0.5356616269895036,0.00083836744,0.33534697,0.15775305,0.00100421611368364,0.00021120418263981318
7,Single stock,25,98,250942,65,8.766966071841302e-05,2.056294521659447e-05,0.00016281754843932577,0.0007133122394816332,0.00035257194349240246,0.0011871867155793098,-10.234622240066527,-0.12234622240066528,0.0007133122394816332,0.00035712991881080964,0.0011408922041952023,0.6000000238418579,-0.00020384788513183594,-6.44940738180281e-05,0.0031248800859658976,0.004441838174506651,0.0681721222265628,0.06723557893839295,0.06924381465016073,0.001710653305053711,0.027314451950594343,-0.0024933218955993652,-0.025158077788325683,6663,-0.009870648384094238,-0.12844039142805197,0.5278749671238773,-0.24642157554626287,0.47195367853926407,0.47224458241346606,0.527755417586534,0.0004087674,0.16350697,0.07892661,0.009241179236636355,0.0003984984578109683
7,Basket,6,50,27161,50,0.0,0.0,0.0,0.0,0.0,0.0,10.327082872390747,-0.39672917127609253,0.0,0.0,0.0,,0.00391995906829834,0.003520856942147711,0.005125794082568413,0.004726914441008626,0.9582530356315148,0.9537438035479064,0.9622795534355671,0.02086848020553589,0.02209461248901179,-0.020819544792175293,-0.019643449864237827,343,-0.12686049938201904,-0.12581180661226898,0.0,,0.5543610323625787,0.5544346673539265,0.4455653326460734,0.0012024741,2.0041232,0.9999963,0.0,0.0
7,Basket,6,55,27161,50,0.0,0.0,0.0,0.0,0.0,0.0,6.293596029281612,-0.38706403970718384,0.0,0.0,0.0,,0.00391995906829834,0.0035172859653580905,0.005125794082568413,0.004726914441008626,0.9582530356315148,0.9542293210191727,0.9622854688047705,0.02086848020553589,0.02209461248901179,-0.020819544792175293,-0.019643449864237827,343,-0.12686049938201904,-0.12581180661226898,0.0,,0.5543610323625787,0.5544346673539265,0.4455653326460734,0.001202484,2.0041401,0.9999722,0.0,0.0
7,Basket,6,60,27161,50,0.0,0.0,0.0,0.0,0.0,0.0,4.643758535385134,-0.3535624146461487,0.0,0.0,0.0,,0.00391995906829834,0.003513348350108475,0.005125794082568413,0.004726914441008626,0.9582530356315148,0.9539590104601876,0.9623254545270026,0.02086848020553589,0.02209461248901179,-0.020819544792175293,-0.019643449864237827,343,-0.12686049938201904,-0.12581180661226898,0.0,,0.5543610323625787,0.5544346673539265,0.4455653326460734,0.0012025045,2.004174,0.9998654,0.0,0.0
7,Basket,6,65,27161,50,0.0,0.0,0.0,0.0,0.0,0.0,2.633467912673948,-0.3236653208732605,0.0,0.0,0.0,,0.00391995906829834,0.003505423894919912,0.005125794082568413,0.004726914441008626,0.9582236997693265,0.9538839448023727,0.9623189223594752,0.02086848020553589,0.02209461248901179,-0.02082890272140503,-0.019643449864237827,343,-0.12745702266693115,-0.12581180661226898,0.0,,0.5543610323625787,0.5544346673539265,0.4455653326460734,0.0012026558,2.0044265,0.99956584,0.0,0.0
7,Basket,6,70,27161,50,0.0,0.0,0.0,0.0,0.0,0.0,1.7338204383850142,-0.2826617956161499,0.0,0.0,0.0,,0.0039060115814208984,0.0034657002399492752,0.005125794082568413,0.004726914441008626,0.9572929376896657,0.9529044518152642,0.9611652842207834,0.02085709571838379,0.02209461248901179,-0.020867764949798584,-0.019643449864237827,343,-0.12661105394363403,-0.12581180661226898,3.6817495673944256e-05,,0.554103309892861,0.554176944884209,0.445823055115791,0.0012035127,2.0058544,0.997905,0.0,0.0
7,Basket,6,75,27161,50,0.0,0.0,0.0,0.0,0.0,0.0,1.0594606399536133,-0.23940539360046387,0.0,0.0,0.0,,0.003366827964782715,0.0033336433459836305,0.005125794082568413,0.004726914441008626,0.9364866182914325,0.932563032486636,0.9399350693359454,0.02025449275970459,0.02209461248901179,-0.021455705165863037,-0.019643449864237827,343,-0.11383312940597534,-0.12581180661226898,0.00014726998269577702,,0.545524833400832,0.545524833400832,0.4544751665991679,0.0012198649,2.0331082,0.9698873,0.0,0.0
7,Basket,6,80,27161,50,0.0,0.0,0.0,0.0,0.0,0.0,0.835485458374019,-0.19164514541625977,0.0,0.0,0.0,,0.002257108688354492,0.002758827328326438,0.005125794082568413,0.004726914441008626,0.7638604615312489,0.7576564384821526,0.7708378788964813,0.01593804359436035,0.02209461248901179,-0.01752948760986328,-0.019643449864237827,343,-0.09117758274078369,-0.12581180661226898,0.0001840874783697213,,0.5392290416405876,0.5392658591362616,0.46073414086373843,0.001026831,1.7113848,0.800125,0.0,0.0
7,Basket,6,85,27161,50,0.0,0.0,0.0,0.0,0.0,0.0,0.6266140937805198,-0.14373385906219482,0.0,0.0,0.0,,0.0016782283782958984,0.0020803630183044244,0.005125794082568413,0.004726914441008626,0.5732920587607038,0.567255161593562,0.5810628814447113,0.01190805435180664,0.02209461248901179,-0.013137280941009521,-0.019643449864237827,343,-0.0683179497718811,-0.12581180661226898,0.00033135746106549834,,0.5391185891535658,0.5391554066492397,0.4608445933507603,0.0007691715,1.2819525,0.6005321,0.0,0.0
7,Basket,6,88,27161,50,0.0,0.0,0.0,0.0,0.0,0.0,0.5085403919219966,-0.11491459608078003,0.0,0.0,0.0,,0.0013718605041503906,0.0016708921308234103,0.005125794082568413,0.004726914441008626,0.45866803067918704,0.4528099319682108,0.4665070869716081,0.009505093097686768,0.02209461248901179,-0.010484874248504639,-0.019643449864237827,343,-0.05480349063873291,-0.12581180661226898,0.0004418099480873311,,0.5395972165973271,0.5395972165973271,0.46040278340267293,0.0006130215,1.0217023,0.48009825,3.6817495673944256e-05,0.0
7,Basket,6,90,27161,50,0.0,0.0,0.0,0.0,0.0,0.0,0.4237866401672341,-0.09576213359832764,0.0,0.0,0.0,,0.001164555549621582,0.0013972956259697177,0.005125794082568413,0.004726914441008626,0.3821277569463589,0.37711097150330486,0.3882755432501113,0.007902383804321289,0.02209461248901179,-0.008742034435272217,-0.019643449864237827,343,-0.04554527997970581,-0.12581180661226898,0.0008099849048267736,,0.5402231140237841,0.5402231140237841,0.4597768859762159,0.0005086565,0.8477608,0.39963868,3.6817495673944256e-05,0.0
7,Basket,6,92,27161,50,0.0,0.0,0.0,0.0,0.0,0.0,0.33902692794799405,-0.07660973072052002,0.0,0.0,0.0,,0.000947117805480957,0.0011168515698459713,0.005125794082568413,0.004726914441008626,0.30534587294418625,0.30157410826018977,0.3102726549730879,0.006334125995635986,0.02209461248901179,-0.006978631019592285,-0.019643449864237827,343,-0.036436259746551514,-0.12581180661226898,0.0011781598615662162,,0.5412171864069806,0.5412540039026545,0.45874599609734545,0.0004044737,0.67412287,0.31915897,3.6817495673944256e-05,0.0
7,Basket,6,94,27161,50,0.0,0.0,0.0,0.0,0.0,0.0,0.25427317619324263,-0.05745726823806763,0.0,0.0,0.0,,0.000742793083190918,0.0008357053942245146,0.005125794082568413,0.004726914441008626,0.22858556696007523,0.2256115980857653,0.23258666170855818,0.004775047302246094,0.02209461248901179,-0.005230903625488281,-0.019643449864237827,343,-0.027420878410339355,-0.12581180661226898,0.0017672397923493245,,0.5431685136776997,0.5433157836603955,0.4566842163396046,0.0003005829,0.50097144,0.2387665,7.363499134788851e-05,0.0
7,Basket,6,95,27161,50,0.0,0.0,0.0,0.0,0.0,0.0,0.2118933200836226,-0.04788106679916382,0.0,0.0,0.0,,0.0006400346755981445,0.0006942765569920384,0.005125794082568413,0.004726914441008626,0.1902497230528645,0.18771281845927512,0.19337313639598314,0.003990054130554199,0.02209461248901179,-0.0043599605560302734,-0.019643449864237827,343,-0.022787153720855713,-0.12581180661226898,0.0027613121755458193,,0.5443834910349398,0.5446412135046574,0.45535878649534256,0.00024895387,0.41492307,0.19863723,0.0001840874783697213,0.0
7,Basket,6,96,27161,50,0.0,0.0,0.0,0.0,0.0,0.0,0.16951346397400258,-0.03830486536026001,0.0,0.0,0.0,,0.0005315542221069336,0.0005543745629263664,0.005125794082568413,0.004726914441008626,0.15207920611848458,0.1501133502780425,0.15443569693684073,0.0032191872596740723,0.02209461248901179,-0.003490269184112549,-0.019643449864237827,343,-0.018428921699523926,-0.12581180661226898,0.005043996907330363,,0.54559846839218,0.5459298258532455,0.45407017414675455,0.00019755785,0.32926306,0.15865625,0.0002577224697176098,0.0
7,Basket,6,98,27161,50,0.0,0.0,0.0,0.0,0.0,0.0,0.07005524635315119,-0.019299447536468506,0.0,0.0,0.0,,0.0002962350845336914,0.0002780113127694987,0.005125794082568413,0.004726914441008626,0.07629536881528969,0.07544694273139481,0.07744649512577335,0.0016441941261291504,0.02209461248901179,-0.001721501350402832,-0.019643449864237827,343,-0.009308278560638428,-0.12581180661226898,0.44884208976105444,,0.5508265527778801,0.5513419977173153,0.4486580022826847,9.7010336e-05,0.16168389,0.079438664,0.0038658370457641473,3.6817495673944256e-05
7,Basket,25,50,27161,50,0.0,0.0,0.0,0.0,0.0,0.0,10.097920894622803,-0.399020791053772,0.0,0.0,0.0,,0.00010645389556884766,-0.00029121214948203125,0.005125794082568413,0.004726914441008626,0.8262196207411312,0.8082028143041334,0.8425949298676317,0.0169905424118042,0.02209461248901179,-0.02453911304473877,-0.019643449864237827,343,-0.13017725944519043,-0.12581180661226898,0.0,,0.501343838592099,0.5013806560877729,0.49861934391222706,0.0050055357,2.0022142,0.9999962,0.0,0.0
7,Basket,25,55,27161,50,0.0,0.0,0.0,0.0,0.0,0.0,6.124354600906368,-0.3887564539909363,0.0,0.0,0.0,,0.00010645389556884766,-0.0002947833413320395,0.005125794082568413,0.004726914441008626,0.8262196207411312,0.8067870955392905,0.8422955195024072,0.0169905424118042,0.02209461248901179,-0.02453911304473877,-0.019643449864237827,343,-0.13017725944519043,-0.12581180661226898,0.0,,0.501343838592099,0.5013806560877729,0.49861934391222706,0.0050055785,2.0022316,0.9999712,0.0,0.0
7,Basket,25,60,27161,50,0.0,0.0,0.0,0.0,0.0,0.0,4.493924379348757,-0.35506075620651245,0.0,0.0,0.0,,0.00010645389556884766,-0.00029906934782610847,0.005125794082568413,0.004726914441008626,0.8262196207411312,0.8062266340313328,0.8419823210425487,0.0169905424118042,0.02209461248901179,-0.02453911304473877,-0.019643449864237827,343,-0.13017725944519043,-0.12581180661226898,0.0,,0.501343838592099,0.5013806560877729,0.49861934391222706,0.0050056633,2.0022652,0.9998615,0.0,0.0
7,Basket,25,65,27161,50,0.0,0.0,0.0,0.0,0.0,0.0,2.6028430461883523,-0.32397156953811646,0.0,0.0,0.0,,0.00010645389556884766,-0.000307790926535857,0.005125794082568413,0.004726914441008626,0.8261855989660428,0.8074409080158966,0.8420878679757894,0.0169905424118042,0.02209461248901179,-0.024550020694732666,-0.019643449864237827,343,-0.13082176446914673,-0.12581180661226898,0.0,,0.501343838592099,0.5013806560877729,0.49861934391222706,0.005006325,2.00253,0.99955165,0.0,0.0
7,Basket,25,70,27161,50,0.0,0.0,0.0,0.0,0.0,0.0,1.537268161773686,-0.2846273183822632,0.0,0.0,0.0,,8.71419906616211e-05,-0.00035102570786803907,0.005125794082568413,0.004726914441008626,0.8251616439017885,0.8063122294315658,0.8403172315235196,0.016979217529296875,0.02209461248901179,-0.024592697620391846,-0.019643449864237827,343,-0.129777729511261,-0.12581180661226898,0.00011045248702183278,,0.5011597511137292,0.5011965686094032,0.4988034313905968,0.0050100884,2.0040355,0.9977891,0.0,0.0
7,Basket,25,75,27161,50,0.0,0.0,0.0,0.0,0.0,0.0,0.9226679801940918,-0.24077332019805908,0.0,0.0,0.0,,-0.000582277774810791,-0.0005488995775234225,0.005125794082568413,0.004726914441008626,0.8000048659462968,0.7832538619683415,0.8142362797236169,0.016235411167144775,0.02209461248901179,-0.02522861957550049,-0.019643449864237827,343,-0.11661642789840698,-0.12581180661226898,0.00014726998269577702,,0.4913662972644601,0.49143993225580795,0.508560067744192,0.0050840965,2.0336387,0.9668625,0.0,0.0
7,Basket,25,80,27161,50,0.0,0.0,0.0,0.0,0.0,0.0,0.7259559631347612,-0.19274044036865234,0.0,0.0,0.0,,-0.0009605288505554199,-0.0005005359307317178,0.005125794082568413,0.004726914441008626,0.6452295711685843,0.6285369477522442,0.6609766102923879,0.012514710426330566,0.02209461248901179,-0.02049654722213745,-0.019643449864237827,343,-0.09342777729034424,-0.12581180661226898,0.0002577224697176098,,0.48367144066860573,0.4837450756599536,0.5162549243400464,0.004261305,1.7045219,0.79511124,0.0,0.0
7,Basket,25,85,27161,50,0.0,0.0,0.0,0.0,0.0,0.0,0.5444669723510764,-0.14455533027648926,0.0,0.0,0.0,,-0.0007089972496032715,-0.00035986766333801395,0.005125794082568413,0.004726914441008626,0.4843676607948498,0.47104121623334866,0.49797076421169956,0.009380578994750977,0.02209461248901179,-0.01537179946899414,-0.019643449864237827,343,-0.07007080316543579,-0.12581180661226898,0.0003681749567394426,,0.48378189315562753,0.4838923456426494,0.5161076543573506,0.003191585,1.276634,0.5965274,0.0,0.0
7,Basket,25,88,27161,50,0.0,0.0,0.0,0.0,0.0,0.0,0.4428799152374263,-0.11557120084762573,0.0,0.0,0.0,,-0.0005191564559936523,-0.00027423444638165006,0.005125794082568413,0.004726914441008626,0.3877669698413432,0.3778160787718856,0.3990126645919159,0.007494091987609863,0.02209461248901179,-0.012270569801330566,-0.019643449864237827,343,-0.0560230016708374,-0.12581180661226898,0.0005522624351091638,,0.484150068112367,0.4842237031037149,0.5157762968962851,0.0025435402,1.0174161,0.4768222,3.6817495673944256e-05,0.0
7,Basket,25,90,27161,50,0.0,0.0,0.0,0.0,0.0,0.0,0.3690695762634255,-0.09630930423736572,0.0,0.0,0.0,,-0.00040727853775024414,-0.0002186261656480871,0.005125794082568413,0.004726914441008626,0.32330180601927755,0.314266611739893,0.33330465152014915,0.006255447864532471,0.02209461248901179,-0.010220885276794434,-0.019643449864237827,343,-0.04666870832443237,-0.12581180661226898,0.0008099849048267736,,0.48470233054747613,0.48477596553882407,0.5152240344611759,0.0021109956,0.84439826,0.3969257,3.6817495673944256e-05,0.0
7,Basket,25,92,27161,50,0.0,0.0,0.0,0.0,0.0,0.0,0.2952532768249472,-0.07704746723175049,0.0,0.0,0.0,,-0.00030434131622314453,-0.00016811304953351014,0.005125794082568413,0.004726914441008626,0.25870150444421347,0.25157366816958693,0.26710930371967345,0.005023300647735596,0.02209461248901179,-0.008163690567016602,-0.019643449864237827,343,-0.03742349147796631,-0.12581180661226898,0.0012517948529141049,,0.4857332204263466,0.4859173079047163,0.5140826920952837,0.0016790207,0.6716082,0.31704515,3.6817495673944256e-05,0.0
7,Basket,25,94,27161,50,0.0,0.0,0.0,0.0,0.0,0.0,0.22144293785095748,-0.05778557062149048,0.0,0.0,0.0,,-0.00019747018814086914,-0.00011914258791321459,0.005125794082568413,0.004726914441008626,0.19412380629696868,0.18880831948329205,0.2004432901112179,0.0038051605224609375,0.02209461248901179,-0.006121277809143066,-0.019643449864237827,343,-0.02807837724685669,-0.12581180661226898,0.0019145097750451015,,0.4878318176797614,0.4879790876624572,0.5120209123375428,0.0012480143,0.49920568,0.23727891,0.00011045248702183278,0.0
7,Basket,25,95,27161,50,0.0,0.0,0.0,0.0,0.0,0.0,0.1845347881317183,-0.04815465211868286,0.0,0.0,0.0,,-0.00013774633407592773,-9.494661332440786e-05,0.005125794082568413,0.004726914441008626,0.1618833880698953,0.15743575634157947,0.1669535766489451,0.003207087516784668,0.02209461248901179,-0.0050958991050720215,-0.019643449864237827,343,-0.023366451263427734,-0.12581180661226898,0.002871764662567652,,0.489451787489415,0.4896358749677847,0.5103641250322153,0.0010338266,0.41353065,0.19749875,0.0001840874783697213,0.0
7,Basket,25,96,27161,50,0.0,0.0,0.0,0.0,0.0,0.0,0.14762663841247914,-0.038523733615875244,0.0,0.0,0.0,,-9.167194366455078e-05,-7.237778782278364e-05,0.005125794082568413,0.004726914441008626,0.12967827816656852,0.1262537741039083,0.1332933369771111,0.0025879740715026855,0.02209461248901179,-0.004080533981323242,-0.019643449864237827,343,-0.01873558759689331,-0.12581180661226898,0.005412171864069806,,0.49140311476013404,0.49169765472552557,0.5083023452744744,0.00082089705,0.3283588,0.1578393,0.0002577224697176098,0.0
7,Basket,25,98,27161,50,0.0,0.0,0.0,0.0,0.0,0.0,0.060566186904909,-0.019394338130950928,0.0,0.0,0.0,,-1.0371208190917969e-05,-2.9512096200116247e-05,0.005125794082568413,0.004726914441008626,0.0655284337710938,0.0638474019133158,0.06723586296047308,0.0013303160667419434,0.02209461248901179,-0.002020597457885742,-0.019643449864237827,343,-0.009538769721984863,-0.12581180661226898,0.5020801885055779,,0.4978093590074003,0.4981775339641398,0.5018224660358602,0.0004036339,0.16145355,0.079184495,0.00423401200250359,3.6817495673944256e-05
14,All equity (ex-basket),6,50,80695,99,7.435404919759588e-05,0.0,0.00016583258116910468,0.00012392341532932647,1.3396815527259386e-05,0.0002756168994742017,-10.837802290916443,-0.6083780229091644,0.00012392341532932647,1.31515488835394e-05,0.00026405089923360766,0.7000000476837158,0.005086541175842285,0.00584597690810545,0.006293717094469464,0.007059684230808212,0.9729505692168283,0.971197796265631,0.9747113870725413,0.03016376495361328,0.031401076923102345,-0.030458927154541016,-0.02929442741473276,3273,-0.134660005569458,-0.1335694297212353,0.000210669806059855,-2.0485281944274902,0.5487700601028564,0.5487700601028564,0.45122993989714355,0.001203943,2.0065718,0.99981564,1.2392341532932648e-05,1.2392341532932648e-05
14,All equity (ex-basket),6,55,80695,99,7.435404919759588e-05,1.1783818148626764e-05,0.00015982814770412773,0.00013631575686225912,1.2910505985700154e-05,0.00030861845692523314,-15.837802290916446,-0.6083780229091644,0.00013631575686225912,1.281463720562966e-05,0.00029118322540153954,0.6000000238418579,0.005086302757263184,0.005840649819151015,0.006293717094469464,0.007059684230808212,0.9728470095399344,0.9709631887876002,0.9745506759298141,0.030159354209899902,0.031401076923102345,-0.0304640531539917,-0.02929442741473276,3273,-0.13466638326644897,-0.1335694297212353,0.00032220087985624887,-1.9970345497131392,0.5487452754197906,0.5487452754197906,0.45125472458020943,0.0012040647,2.0067744,0.9996371,1.2392341532932648e-05,1.2392341532932648e-05
14,All equity (ex-basket),6,60,80695,99,0.00017349278146105708,4.285506544659827e-05,0.00035642213242209473,0.0002602391721915856,7.546743028130016e-05,0.00048519686493733136,-20.83780229091644,-0.6083780229091644,0.0002602391721915856,8.651219127610605e-05,0.00048663129934269756,0.8999999761581421,0.005086183547973633,0.005813333031132404,0.006293717094469464,0.007059684230808212,0.9725771032748457,0.9707576312620249,0.9743383958124964,0.03015267848968506,0.031401076923102345,-0.030467331409454346,-0.02929442741473276,3273,-0.1350257396697998,-0.1335694297212353,0.0004709089782514406,-1.9867336750030495,0.5487080983951917,0.5487080983951917,0.45129190160480825,0.0012045274,2.007546,0.99919796,1.2392341532932648e-05,1.2392341532932648e-05
14,All equity (ex-basket),6,65,80695,99,0.00030980853832331617,0.00010163361802983566,0.0005863915772804651,0.0004089472705867774,0.00010824975553160555,0.0007604799404912467,-25.837802290916446,-0.6083780229091644,0.0004089472705867774,0.00013341803948539204,0.0007370435302053635,0.699999988079071,0.005081892013549805,0.0057471477746801,0.006293717094469464,0.007059684230808212,0.9716786622837958,0.9697753045122286,0.973313186250165,0.030135631561279297,0.031401076923102345,-0.030500590801239014,-0.02929442741473276,3273,-0.13737934827804565,-0.1335694297212353,0.0006815787843112957,-3.2254719734191917,0.5485965673213954,0.5485965673213954,0.4514034326786046,0.0012060137,2.0100229,0.9978371,1.2392341532932648e-05,1.2392341532932648e-05
14,All equity (ex-basket),6,70,80695,99,0.0003841625875209121,0.00011956032140766074,0.0007274011192501119,0.0006196170766466323,0.00021951119680179812,0.001047440803750295,-30.83780229091644,-0.6083780229091644,0.0006196170766466323,0.00023109273193964544,0.0011139519169120382,0.6499999761581421,0.004976630210876465,0.005607188465175845,0.006293717094469464,0.007059684230808212,0.9677825671503378,0.9651778240236811,0.9695893244672348,0.030039548873901367,0.031401076923102345,-0.030951321125030518,-0.02929442741473276,3273,-0.13616424798965454,-0.1335694297212353,0.0009789949811016792,-2.4507892131805376,0.5474812565834314,0.5474812565834314,0.45251874341656856,0.0012130518,2.021753,0.99238527,3.717702459879794e-05,2.4784683065865296e-05
14,All equity (ex-basket),6,75,80695,99,0.0005080860028502385,0.00023185914162058218,0.0008692963721109477,0.0007683251750418242,0.00033695018044134506,0.0012692004184049572,-35.83780229091644,-0.6083780229091644,0.0007683251750418242,0.0003684985655074336,0.0012833517543386235,0.6000000238418579,0.00354611873626709,0.005255983172240654,0.006293717094469464,0.007059684230808212,0.9332318624330176,0.9277035652192612,0.938173268085948,0.028792619705200195,0.031401076923102345,-0.03232067823410034,-0.02929442741473276,3273,-0.12229925394058228,-0.1335694297212353,0.0013507652270896586,-2.301338315010071,0.5335026953342834,0.5335150876758163,0.46648491232418365,0.0012605677,2.1009462,0.9539916,0.00012392341532932647,8.674639073052854e-05
14,All equity (ex-basket),6,80,80695,99,0.0005204783443831712,0.00023934674272912469,0.0008962587103130241,0.0007931098581076895,0.0003499675323243074,0.0012978681652031324,-28.67024421691895,-0.48670244216918945,0.0007931098581076895,0.00038275840733195053,0.0013275186205953886,0.550000011920929,0.0017441511154174805,0.004350052640535433,0.006293717094469464,0.007059684230808212,0.7670544030583631,0.7597255788383317,0.7730531954216306,0.022098064422607422,0.031401076923102345,-0.02670001983642578,-0.02929442741473276,3273,-0.09876888990402222,-0.1335694297212353,0.0015986120577483115,-1.8309462070465132,0.5206890141892311,0.520701406530764,0.47929859346923603,0.0011074381,1.8457301,0.7958598,0.00012392341532932647,8.674639073052854e-05
14,All equity (ex-basket),6,85,80695,99,0.0005080860028502385,0.00023402971388794677,0.0008552156203194647,0.0008055021996406221,0.0003551118872526237,0.001324294311347481,-21.502683162689205,-0.3650268316268921,0.0008055021996406221,0.00035316906435549876,0.0013200479544018243,0.5,0.0012633800506591797,0.003253030646238062,0.006293717094469464,0.007059684230808212,0.5750136558854114,0.5677451071975579,0.5806775358709056,0.016456246376037598,0.031401076923102345,-0.02000594139099121,-0.02929442741473276,3273,-0.0740821361541748,-0.1335694297212353,0.002069521035999752,-1.392993927001951,0.5200074354049198,0.5200570047710515,0.4799429952289485,0.000839764,1.3996066,0.6003017,0.00012392341532932647,0.00011153107379639383
14,All equity (ex-basket),6,88,80695,99,0.00048330131978437324,0.0002237459956941426,0.0008453099164065914,0.0008055021996406221,0.0003718500381447704,0.0013521176275181363,-17.20214533805847,-0.2920214533805847,0.0008055021996406221,0.0003496129973259608,0.001338362271482651,0.5,0.0010346174240112305,0.0025965665668882514,0.006293717094469464,0.007059684230808212,0.4593788607300763,0.4534367449329156,0.46522883487745004,0.013151288032531738,0.031401076923102345,-0.015993893146514893,-0.02929442741473276,3273,-0.05919378995895386,-0.1335694297212353,0.0026147840634487885,-1.1143987178802495,0.5200693971125844,0.5201189664787161,0.47988103352128386,0.00066917064,1.1152844,0.48045772,0.00016110043992812443,0.00011153107379639383
14,All equity (ex-basket),6,90,80695,99,0.00039655492905384473,0.00018854506777617343,0.000637074221678934,0.0008302868827064874,0.0003810629477117692,0.0013901030059885208,-14.335122108459474,-0.24335122108459473,0.0008302868827064874,0.00038020453404655804,0.0013458395561777468,0.5,0.0008614063262939453,0.002162561665400304,0.006293717094469464,0.007059684230808212,0.38237186251946503,0.3762139507245561,0.38747431995003645,0.010950684547424316,0.031401076923102345,-0.013304650783538818,-0.02929442741473276,3273,-0.04932534694671631,-0.1335694297212353,0.0032467934816283535,-0.9206140041351341,0.52051552140777,0.5205898754569676,0.4794101245430324,0.0005542522,0.9237536,0.4002006,0.00022306214759278766,0.00011153107379639383
14,All equity (ex-basket),6,92,80695,99,0.0003593779044550468,0.00016417803001613323,0.000580049197927068,0.0008550715657723527,0.0004227176926083915,0.0013851104069232674,-11.468098878860477,-0.19468098878860474,0.0008550715657723527,0.000387688651278253,0.0014332951337045596,0.5,0.0007020235061645508,0.0017258106188611903,0.006293717094469464,0.007059684230808212,0.3053602558977746,0.30067566359267667,0.309376724238641,0.008733034133911133,0.031401076923102345,-0.010622203350067139,-0.02929442741473276,3273,-0.03939944505691528,-0.1335694297212353,0.004535597001053349,-0.7364912033081095,0.5211723155090154,0.521246669558213,0.478753330441787,0.00043921382,0.7320232,0.31976655,0.00027263151372451823,0.00011153107379639383
14,All equity (ex-basket),6,94,80695,99,0.0002850238552574509,0.0001383380099333267,0.00046596627133220204,0.0008674639073052853,0.00038696004502471984,0.0014467061218583406,-8.601069688796992,-0.14601069688796997,0.0008674639073052853,0.0003883679536211712,0.0014599949168586266,0.550000011920929,0.0005631446838378906,0.0012959379424200277,0.006293717094469464,0.007059684230808212,0.22847662106193672,0.22479801743920633,0.2316128840287636,0.006524205207824707,0.031401076923102345,-0.007938563823699951,-0.02929442741473276,3273,-0.029503047466278076,-0.1335694297212353,0.007423012578226656,-0.54530525207519,0.522535473077638,0.5225602577607039,0.47743974223929614,0.000324352,0.54058665,0.2392464,0.00045851663671850795,0.00011153107379639383
14,All equity (ex-basket),6,95,80695,99,0.0002354544891257203,8.708597652243656e-05,0.0003875552833893195,0.0008550715657723527,0.00035524194325452777,0.001401430497283213,-7.167561054229732,-0.12167561054229736,0.0008550715657723527,0.0003512688735176792,0.0014489771600953983,0.6000000238418579,0.0004892349243164062,0.0010779291319355172,0.006293717094469464,0.007059684230808212,0.1899907944111271,0.1870908180243544,0.1929225028762553,0.005435585975646973,0.031401076923102345,-0.006601572036743164,-0.02929442741473276,3273,-0.02453368902206421,-0.1335694297212353,0.011128322696573517,-0.4633378982543901,0.5234648986926079,0.5235020757172067,0.47649792428279325,0.00026729607,0.44549346,0.19899,0.0006815787843112957,0.00011153107379639383
14,All equity (ex-basket),6,96,80695,99,0.00019827746452692237,7.574196873690077e-05,0.00035535520686485225,0.0008922485903711506,0.00040513192242492424,0.0014785605760099436,-5.7340464591979945,-0.09734046459197998,0.0008922485903711506,0.0004190731277846963,0.0015733277147486028,0.6000000238418579,0.0004228353500366211,0.0008622664443267249,0.006293717094469464,0.007059684230808212,0.15166124263567035,0.1493097041581455,0.1538319554815944,0.004374027252197266,0.031401076923102345,-0.005268096923828125,-0.02929442741473276,3273,-0.01962047815322876,-0.1335694297212353,0.019765784745027572,-0.3964713811874354,0.5253485346056137,0.5254724580209431,0.47452754197905694,0.0002107414,0.35123566,0.1588151,0.001127703079496871,0.00013631575686225912
14,All equity (ex-basket),6,98,80695,99,0.00012392341532932647,3.691560607797178e-05,0.00023392581842685806,0.0009666026395687465,0.00046316272424123825,0.0016573271318897414,-2.8670232295989972,-0.04867023229598999,0.0009666026395687465,0.0004410875632112449,0.0015976853075417023,0.699999988079071,0.0002906322479248047,0.0004347001791990145,0.006293717094469464,0.007059684230808212,0.07582609864880095,0.07470495058894061,0.07715061719068149,0.0022783279418945312,0.031401076923102345,-0.002628803253173828,-0.02929442741473276,3273,-0.00990825891494751,-0.1335694297212353,0.4655307020261478,-0.179720997810362,0.5343577669000558,0.5345932213891815,0.46540677861081853,0.0001008289,0.16804814,0.07910411,0.012888035194249954,0.0002354544891257203
14,All equity (ex-basket),25,50,80695,99,7.435404919759588e-05,0.0,0.00015843116371732117,0.00012392341532932647,1.2788826410688429e-05,0.0002707272575481839,-10.986566543579102,-0.609865665435791,0.00012392341532932647,1.2150579883125468e-05,0.00026520620820569746,0.7000000476837158,0.0012685060501098633,0.002024907330183212,0.006293717094469464,0.007059684230808212,0.8875504208994748,0.8799588084136571,0.894937311547536,0.026247859001159668,0.031401076923102345,-0.0341418981552124,-0.02929442741473276,3273,-0.13794714212417603,-0.1335694297212353,0.00022306214759278766,-2.230679988861084,0.5125844228266931,0.512609207509759,0.48739079249024103,0.005011645,2.0046582,0.9998125,1.2392341532932648e-05,1.2392341532932648e-05
14,All equity (ex-basket),25,55,80695,99,8.674639073052854e-05,1.281536762363214e-05,0.00018126030650826813,0.00013631575686225912,1.268515857242493e-05,0.00029294433459397097,-15.986566543579105,-0.609865665435791,0.00013631575686225912,1.434428707102738e-05,0.0002979453279405583,0.6000000238418579,0.0012682676315307617,0.0020188637881542243,0.006293717094469464,0.007059684230808212,0.887440212199151,0.8793629821687625,0.8943259363527549,0.026246070861816406,0.031401076923102345,-0.03414696455001831,-0.02929442741473276,3273,-0.137953519821167,-0.1335694297212353,0.00034698556292211415,-1.976876258850102,0.5125720304851602,0.5125968151682261,0.487403184831774,0.0050121644,2.0048656,0.9996306,1.2392341532932648e-05,1.2392341532932648e-05
14,All equity (ex-basket),25,60,80695,99,0.00018588512299398972,3.610834848526648e-05,0.0003544940951341239,0.00027263151372451823,8.259399574190267e-05,0.00048701655056374027,-20.986566543579098,-0.609865665435791,0.00027263151372451823,9.056681949614241e-05,0.0004957129042894676,0.8500000238418579,0.001268148422241211,0.001988977132525185,0.006293717094469464,0.007059684230808212,0.8871521305817934,0.8789095283432308,0.8941863143675189,0.026239514350891113,0.031401076923102345,-0.03415024280548096,-0.02929442741473276,3273,-0.138311505317688,-0.1335694297212353,0.00048330131978437324,-2.1188503503799416,0.5125596381436273,0.5125844228266931,0.4874155771733069,0.005014128,2.0056512,0.99917686,1.2392341532932648e-05,1.2392341532932648e-05
14,All equity (ex-basket),25,65,80695,99,0.00030980853832331617,8.905882920105403e-05,0.0005792590562332721,0.0004461242951855753,0.00014472821480428788,0.0007947757429866667,-25.986566543579105,-0.609865665435791,0.0004461242951855753,0.00017013570122004275,0.0007786444739328794,0.699999988079071,0.001256108283996582,0.0019168554166929378,0.006293717094469464,0.007059684230808212,0.8862069018067977,0.8788268043992095,0.8927258945027765,0.02622246742248535,0.031401076923102345,-0.03418463468551636,-0.02929442741473276,3273,-0.14081931114196777,-0.1335694297212353,0.000706363467377161,-3.194924592971804,0.512435714728298,0.5124604994113637,0.4875395005886362,0.005020478,2.0081909,0.9977653,1.2392341532932648e-05,1.2392341532932648e-05
14,All equity (ex-basket),25,70,80695,99,0.00042133961211971,0.00013282392048313601,0.0007837222555469041,0.0006196170766466323,0.0002467500923578724,0.001123288069306001,-30.986566543579098,-0.609865665435791,0.0006196170766466323,0.0002530088385169772,0.0010875776513958864,0.6499999761581421,0.0011397600173950195,0.0017494601678638493,0.006293717094469464,0.007059684230808212,0.8819304481681154,0.8750854298370598,0.8887242885887257,0.02610468864440918,0.031401076923102345,-0.03468728065490723,-0.02929442741473276,3273,-0.13946586847305298,-0.1335694297212353,0.001016172005700477,-2.555618882179256,0.5111716958919388,0.5111964805750047,0.48880351942499534,0.00505092,2.0203679,0.9920232,3.717702459879794e-05,2.4784683065865296e-05
14,All equity (ex-basket),25,75,80695,99,0.0005452630274490365,0.0002704339865985759,0.000902409333031156,0.0007931098581076895,0.00037582589959201784,0.0012302728136601763,-35.9865665435791,-0.609865665435791,0.0007931098581076895,0.0003817941595625063,0.0013208899779046344,0.5,-0.0005634427070617676,0.0012273626394287806,0.006293717094469464,0.007059684230808212,0.841393599829459,0.8349807382098476,0.8470958252442163,0.024626851081848145,0.031401076923102345,-0.03615087270736694,-0.02929442741473276,3273,-0.12525349855422974,-0.1335694297212353,0.0014003345932213892,-2.346310019493103,0.4942933267240845,0.4943305037486833,0.5056694962513167,0.005259095,2.1036384,0.9507724,0.00012392341532932647,8.674639073052854e-05
14,All equity (ex-basket),25,80,80695,99,0.0005204783443831712,0.00024139515150170025,0.0008991677552682365,0.0008178945411735548,0.0004105262505300641,0.0013086089839116524,-28.789250850677494,-0.4878925085067749,0.0008178945411735548,0.0003611541845736488,0.001335522514072696,0.5,-0.001670539379119873,0.0008194349255140212,0.006293717094469464,0.007059684230808212,0.681632743450438,0.6722370916849374,0.6897529342489833,0.018329381942749023,0.031401076923102345,-0.02975684404373169,-0.02929442741473276,3273,-0.10115039348602295,-0.1335694297212353,0.001648181423880042,-1.877047419548039,0.47965797137369104,0.4796827560567569,0.5203172439432431,0.004595307,1.8381231,0.790607,0.00012392341532932647,9.913873226346118e-05
14,All equity (ex-basket),25,85,80695,99,0.0005080860028502385,0.00022446173632353772,0.0008623082287545347,0.0008550715657723527,0.00039387133460670184,0.0013902094167846952,-21.591941118240353,-0.36591941118240356,0.0008550715657723527,0.00041606621447784877,0.0013961766505065647,0.5,-0.0012606382369995117,0.0005778605125895722,0.006293717094469464,0.007059684230808212,0.5095923808654924,0.5014462659167387,0.5170622334221364,0.013668537139892578,0.031401076923102345,-0.022302448749542236,-0.02929442741473276,3273,-0.07582533359527588,-0.1335694297212353,0.0021438750851973483,-1.4110362529754616,0.47942251688456533,0.4794473015676312,0.5205526984323688,0.0034814016,1.3925606,0.59591836,0.00012392341532932647,0.00011153107379639383
14,All equity (ex-basket),25,88,80695,99,0.00048330131978437324,0.00021216426670291465,0.0007851915529749922,0.0008674639073052853,0.000388066718724115,0.0014428841273154296,-17.27355170249939,-0.2927355170249939,0.0008674639073052853,0.00042407939439774434,0.001419199575109837,0.550000011920929,-0.0009697675704956055,0.00046537079120614476,0.006293717094469464,0.007059684230808212,0.4071920760977776,0.39978320804851014,0.41339739035953565,0.01093590259552002,0.031401076923102345,-0.01781398057937622,-0.02929442741473276,3273,-0.06056481599807739,-0.1335694297212353,0.002738707478778115,-1.1262272596359257,0.4795960096660264,0.47962079434909227,0.5203792056509078,0.0027739957,1.1095984,0.47684878,0.00017349278146105708,0.00011153107379639383
14,All equity (ex-basket),25,90,80695,99,0.0004089472705867774,0.00020617570800162137,0.0006503467284964562,0.000879856248838218,0.0004222469926466158,0.0014067797612175243,-14.394625425338747,-0.24394625425338745,0.000879856248838218,0.00041382739064823053,0.0014235591955492352,0.6000000238418579,-0.0007957220077514648,0.0003969071397285596,0.006293717094469464,0.007059684230808212,0.33910900752218476,0.3326650543182005,0.344524527357137,0.009113788604736328,0.031401076923102345,-0.01479196548461914,-0.02929442741473276,3273,-0.05043792724609375,-0.1335694297212353,0.0034202862630894107,-0.9406888484954856,0.4798066794720863,0.479856248838218,0.520143751161782,0.0022976717,0.9190687,0.39717582,0.00022306214759278766,0.00011153107379639383
14,All equity (ex-basket),25,92,80695,99,0.00037177024598797944,0.00017667282772103934,0.0005911174786677673,0.0008922485903711506,0.00041764210876028525,0.00146580752600246,-11.515699148178104,-0.195156991481781,0.0008922485903711506,0.0004110873015745411,0.0014456568638924533,0.5,-0.0006050467491149902,0.0003286689562354066,0.006293717094469464,0.007059684230808212,0.2711320264291572,0.2665823113198489,0.2758625798332621,0.007281184196472168,0.031401076923102345,-0.011812150478363037,-0.02929442741473276,3273,-0.04025667905807495,-0.1335694297212353,0.004721482124047339,-0.7660551071167032,0.48068653572092446,0.4807237127455233,0.5192762872544767,0.0018207802,0.72831213,0.31735963,0.0002974161967903835,0.00011153107379639383
14,All equity (ex-basket),25,94,80695,99,0.0002974161967903835,0.00013997872743688047,0.000473732083157146,0.0009046409319040833,0.000414674144669584,0.0014627901147451858,-8.63677287101745,-0.14636772871017456,0.0009046409319040833,0.00044456494204052783,0.0015152645882378257,0.5,-0.00040924549102783203,0.00026287648733814927,0.006293717094469464,0.007059684230808212,0.20325534835022674,0.19958251824261344,0.2067881707990321,0.005474448204040527,0.031401076923102345,-0.008821487426757812,-0.02929442741473276,3273,-0.030141890048980713,-0.1335694297212353,0.0078195675072805,-0.5644145011901802,0.4828304108061218,0.48289237251378647,0.5171076274862135,0.00134502,0.538008,0.23749964,0.0004709089782514406,0.00011153107379639383
14,All equity (ex-basket),25,95,80695,99,0.00024784683065865294,0.00010060888631257029,0.00039951789496107064,0.0008922485903711506,0.0004212900445496177,0.0015188392555918594,-7.197315692901607,-0.12197315692901611,0.0008922485903711506,0.00035283769932838486,0.001513393438109827,0.5,-0.0003052353858947754,0.00022695175266980872,0.006293717094469464,0.007059684230808212,0.16924899848755479,0.16594007324215374,0.17234711606620787,0.004580855369567871,0.031401076923102345,-0.007333636283874512,-0.02929442741473276,3273,-0.025078654289245605,-0.1335694297212353,0.011785116797818948,-0.48114478588103804,0.48463969266992996,0.4847636160852593,0.5152363839147407,0.0011085998,0.44343996,0.19758455,0.000706363467377161,0.00012392341532932647
14,All equity (ex-basket),25,96,80695,99,0.00019827746452692237,6.939018103729083e-05,0.0003352537914712235,0.0009542102980358138,0.0004363834555416623,0.001573809591514268,-5.7578525543212855,-0.09757852554321289,0.0009542102980358138,0.0004407221637724926,0.0015792383353481956,0.6000000238418579,-0.00021606683731079102,0.00019094701135045526,0.006293717094469464,0.007059684230808212,0.13539198943744643,0.13277195659613727,0.1378717017760019,0.0037021636962890625,0.031401076923102345,-0.005846679210662842,-0.02929442741473276,3273,-0.02005910873413086,-0.1335694297212353,0.02138918148584175,-0.3809711933135951,0.4862259123861454,0.4863126587768759,0.5136873412231241,0.0008744296,0.34977183,0.15777314,0.0012144494702273994,0.00013631575686225912
14,All equity (ex-basket),25,98,80695,99,0.00011153107379639383,2.521506090095369e-05,0.00021636104081338553,0.0010037796641675445,0.00047296860477058776,0.0016663934979645207,-2.8789262771606428,-0.048789262771606445,0.0010037796641675445,0.00047073541282168765,0.0016262368852162318,0.699999988079071,-1.9848346710205078e-05,0.00011368606146534651,0.006293717094469464,0.007059684230808212,0.06828471243357276,0.06706416554625551,0.06957756188176943,0.0019589662551879883,0.031401076923102345,-0.0029261112213134766,-0.02929442741473276,3273,-0.010120630264282227,-0.1335694297212353,0.5024474874527542,-0.18748450279235662,0.4973914121073177,0.4976268665964434,0.5023731334035566,0.00041899516,0.16759807,0.07873545,0.013743106760022307,0.0002602391721915856
14,Index/ETF,6,50,30518,99,0.0,0.0,0.0,0.0,0.0,0.0,6.9222331047058105,-0.4307776689529419,0.0,0.0,0.0,,0.0049896240234375,0.0029600292758677903,0.006196648647822323,0.004165559612205489,0.9587947417776083,0.9556167185682934,0.961724535794202,0.02153611183166504,0.02276301071145448,-0.022785812616348267,-0.021612081778851988,546,-0.12914040684700012,-0.12809442548689343,0.0,,0.5648142080083884,0.5648142080083884,0.4351857919916115,0.0012021407,2.003568,0.99998516,0.0,0.0
14,Index/ETF,6,55,30518,99,0.0,0.0,0.0,0.0,0.0,0.0,2.610279321670528,-0.4238972067832947,0.0,0.0,0.0,,0.0049896240234375,0.002955867073640449,0.006196648647822323,0.004165559612205489,0.9587947417776083,0.9553964079459263,0.961665811978876,0.02153611183166504,0.02276301071145448,-0.022785812616348267,-0.021612081778851988,546,-0.12914040684700012,-0.12809442548689343,0.0,,0.5648142080083884,0.5648142080083884,0.4351857919916115,0.0012021613,2.003602,0.9999539,0.0,0.0
14,Index/ETF,6,60,30518,99,6.553509404285995e-05,0.0,0.00021938115784248566,6.553509404285995e-05,0.0,0.00023207539736259266,-2.959499359130857,-0.4295949935913086,6.553509404285995e-05,0.0,0.00021381308158702705,0.6499999761581421,0.0049896240234375,0.0029414371266356615,0.006196648647822323,0.004165559612205489,0.9587674139536688,0.9555501413278568,0.9618128049251711,0.02153611183166504,0.02276301071145448,-0.022785812616348267,-0.021612081778851988,546,-0.12935906648635864,-0.12809442548689343,6.553509404285995e-05,-2.36008822917938,0.5648142080083884,0.5648142080083884,0.4351857919916115,0.0012023309,2.0038848,0.99985355,0.0,0.0
14,Index/ETF,6,65,30518,99,6.553509404285995e-05,0.0,0.00022532574801080666,6.553509404285995e-05,0.0,0.00022130320821503138,-6.901856660842897,-0.41901856660842896,6.553509404285995e-05,0.0,0.00021283515899438643,0.6499999761581421,0.0049874186515808105,0.002899150174101118,0.006196648647822323,0.004165559612205489,0.9585609913719852,0.955422230018296,0.9615211228508899,0.021531343460083008,0.02276301071145448,-0.022803306579589844,-0.021612081778851988,546,-0.13082057237625122,-0.12809442548689343,6.553509404285995e-05,-6.831266880035402,0.5647486729143456,0.5647486729143456,0.4352513270856544,0.0012030249,2.0050411,0.9994339,0.0,0.0
14,Index/ETF,6,70,30518,99,6.553509404285995e-05,0.0,0.00022760053319262832,6.553509404285995e-05,0.0,0.00022696537911482727,-5.838955640792842,-0.35838955640792847,6.553509404285995e-05,0.0,0.00022648410796405612,0.6499999761581421,0.004950106143951416,0.002813384205432994,0.006196648647822323,0.004165559612205489,0.9567893223513937,0.953570498753864,0.9595008206079967,0.021486878395080566,0.02276301071145448,-0.02294182777404785,-0.021612081778851988,546,-0.13012859225273132,-0.12809442548689343,6.553509404285995e-05,-5.539370775222774,0.5641588570679599,0.5641588570679599,0.4358411429320401,0.0012065761,2.01096,0.9970945,0.0,0.0
14,Index/ETF,6,75,30518,99,6.553509404285995e-05,0.0,0.00021768477043769942,6.553509404285995e-05,0.0,0.00021631119756080605,-4.359942674636841,-0.2935994267463684,6.553509404285995e-05,0.0,0.00023372278970880766,0.6499999761581421,0.004084587097167969,0.0026107422548021946,0.006196648647822323,0.004165559612205489,0.9292494543200559,0.9244191838368564,0.9335719329404379,0.020739197731018066,0.02276301071145448,-0.023699522018432617,-0.021612081778851988,546,-0.11604523658752441,-0.12809442548689343,6.553509404285995e-05,-4.181623458862305,0.5532800314568451,0.5533127990038665,0.4466872009961334,0.0012426425,2.071071,0.96732193,0.0,0.0
14,Index/ETF,6,80,30518,99,6.553509404285995e-05,0.0,0.00020946203038065385,6.553509404285995e-05,0.0,0.00021584209876167665,-3.4879553318023726,-0.23487955331802368,6.553509404285995e-05,0.0,0.0002235644369808826,0.6499999761581421,0.0027258992195129395,0.0020900859757920958,0.006196648647822323,0.004165559612205489,0.7543898244363839,0.7471167055819387,0.7608953190171782,0.016261935234069824,0.02276301071145448,-0.01940491795539856,-0.021612081778851988,546,-0.09380161762237549,-0.12809442548689343,0.0001310701880857199,-3.3452975749969527,0.5442361884789305,0.5442689560259519,0.4557310439740481,0.001064175,1.7736249,0.79829705,0.0,0.0
14,Index/ETF,6,85,30518,99,6.553509404285995e-05,0.0,0.00021731887185006898,6.553509404285995e-05,0.0,0.00023838862724460358,-2.6140010356903054,-0.17614001035690308,6.553509404285995e-05,0.0,0.00022244903345349244,0.6499999761581421,0.002042710781097412,0.0015355621200455025,0.006196648647822323,0.004165559612205489,0.5633582247550855,0.5570582943155209,0.568577556659025,0.012159943580627441,0.02276301071145448,-0.014498502016067505,-0.021612081778851988,546,-0.07045793533325195,-0.12809442548689343,0.0002621403761714398,-2.5079911947250344,0.543744675273609,0.5438102103676519,0.45618978963234813,0.00079602026,1.3267003,0.59897023,0.0,0.0
14,Index/ETF,6,88,30518,99,6.553509404285995e-05,0.0,0.00021581129906200866,6.553509404285995e-05,0.0,0.00023846203705092108,-2.091199636459351,-0.1409119963645935,6.553509404285995e-05,0.0,0.00020783576506868561,0.6499999761581421,0.0016416311264038086,0.0012232132445969817,0.006196648647822323,0.004165559612205489,0.44987810880208945,0.4442716086155889,0.4542672299327959,0.009710550308227539,0.02276301071145448,-0.0115872323513031,-0.021612081778851988,546,-0.056358128786087036,-0.12809442548689343,0.0004915132053214497,-2.0063911676406865,0.544432793761059,0.5444983288551019,0.4555016711448981,0.0006323614,1.0539355,0.47863615,0.0,0.0
14,Index/ETF,6,90,30518,99,6.553509404285995e-05,0.0,0.00023280504233773555,6.553509404285995e-05,0.0,0.00020945889609339988,-1.742663383483889,-0.11742663383483887,6.553509404285995e-05,0.0,0.00023042252587116227,0.6499999761581421,0.0013840794563293457,0.00101938745876902,0.006196648647822323,0.004165559612205489,0.3744062406021921,0.37002922316363956,0.3778672168298686,0.008092045783996582,0.02276301071145448,-0.009655922651290894,-0.021612081778851988,546,-0.04690730571746826,-0.12809442548689343,0.0006553509404285995,-1.671993136405947,0.5451209122485091,0.5452192148895734,0.45478078511042663,0.0005232487,0.8720811,0.39834052,0.0,0.0
14,Index/ETF,6,92,30518,99,6.553509404285995e-05,0.0,0.00023027244475958152,6.553509404285995e-05,0.0,0.00021588344508027338,-1.3941330909729044,-0.093941330909729,6.553509404285995e-05,0.0,0.00022222970861770667,0.6499999761581421,0.0011276006698608398,0.0008140824101872616,0.006196648647822323,0.004165559612205489,0.2989300041057091,0.2955054489912868,0.30172853441574915,0.006460905075073242,0.02276301071145448,-0.007689863443374634,-0.021612081778851988,546,-0.03739407658576965,-0.12809442548689343,0.0010485615046857593,-1.337642788887028,0.5460056360180877,0.5460711711121305,0.45392882888786945,0.0004146016,0.69100267,0.3180333,0.0,0.0
14,Index/ETF,6,94,30518,99,3.276754702142998e-05,0.0,0.00010544068230319649,6.553509404285995e-05,0.0,0.00023269170935801228,-1.0455968379974312,-0.07045596837997437,6.553509404285995e-05,0.0,0.00021894635095215772,0.6499999761581421,0.0008602738380432129,0.0006098061130090438,0.006196648647822323,0.004165559612205489,0.22367313109931697,0.22117568059487355,0.22563035988515742,0.004857182502746582,0.02276301071145448,-0.005731821060180664,-0.021612081778851988,546,-0.028143852949142456,-0.12809442548689343,0.0018022150861786487,-1.0024192333221382,0.5469886624287306,0.547021429975752,0.45297857002424796,0.0003065462,0.51091033,0.23780084,0.0,0.0
14,Index/ETF,6,95,30518,99,0.0,0.0,0.0,6.553509404285995e-05,0.0,0.00021622398725651537,-0.8353781700134233,-0.05835378170013428,6.553509404285995e-05,0.0,0.0002128474801934183,0.6499999761581421,0.0007500052452087402,0.0005086358514304898,0.006196648647822323,0.004165559612205489,0.18623329942804248,0.1840200904771301,0.18794578722759542,0.00406193733215332,0.02276301071145448,-0.004779249429702759,-0.021612081778851988,546,-0.023378819227218628,-0.12809442548689343,0.0034405924372501472,-0.8023184537887529,0.5485287371387378,0.5485615046857593,0.4514384953142408,0.0002530148,0.42169133,0.19779052,3.276754702142998e-05,0.0
14,Index/ETF,6,96,30518,99,0.0,0.0,0.0,6.553509404285995e-05,0.0,0.00022255916120446674,-0.6683013439178431,-0.04668301343917847,6.553509404285995e-05,0.0,0.0002262225145434555,0.6499999761581421,0.0006277561187744141,0.00040956420537192494,0.006196648647822323,0.004165559612205489,0.14895779608963827,0.14743302235354616,0.15019381798742978,0.0032706260681152344,0.02276301071145448,-0.0038203001022338867,-0.021612081778851988,546,-0.018526554107666016,-0.12809442548689343,0.007143325250671735,-0.6418547630310023,0.5509207680713022,0.5510518382593879,0.4489481617406121,0.00020004075,0.33340123,0.15793991,0.0001310701880857199,0.0
14,Index/ETF,6,98,30518,99,0.0,0.0,0.0,6.553509404285995e-05,0.0,0.00022373478792835503,-0.33415365219116033,-0.02334153652191162,6.553509404285995e-05,0.0,0.00022071017536128806,0.6499999761581421,0.00035881996154785156,0.0002097057221218474,0.006196648647822323,0.004165559612205489,0.07495853319457371,0.07424062061660873,0.0754825836967517,0.001681208610534668,0.02276301071145448,-0.0019061267375946045,-0.021612081778851988,546,-0.009407997131347656,-0.12809442548689343,0.44236188478930466,-0.31018662452697576,0.5575725801166524,0.5577364178517596,0.4422635821482404,9.73252e-05,0.16220868,0.079054706,0.003899338095550167,0.0
14,Index/ETF,25,50,30518,99,0.0,0.0,0.0,0.0,0.0,0.0,6.71733021736145,-0.4328266978263855,0.0,0.0,0.0,,0.0011719465255737305,-0.0008499141804738691,0.006196648647822323,0.004165559612205489,0.8284745649453272,0.8147705660297125,0.840987905296493,0.017655611038208008,0.02276301071145448,-0.02649790048599243,-0.021612081778851988,546,-0.13244852423667908,-0.12809442548689343,0.0,,0.5155645848351792,0.5156301199292221,0.4843698800707779,0.00500415,2.0016599,0.99998474,0.0,0.0
14,Index/ETF,25,55,30518,99,0.0,0.0,0.0,0.0,0.0,0.0,2.3627769947051958,-0.426372230052948,0.0,0.0,0.0,,0.0011719465255737305,-0.0008544672269075553,0.006196648647822323,0.004165559612205489,0.8284745649453272,0.8144145180380127,0.8404148851701013,0.017655611038208008,0.02276301071145448,-0.02649790048599243,-0.021612081778851988,546,-0.13244852423667908,-0.12809442548689343,0.0,,0.5155645848351792,0.5156301199292221,0.4843698800707779,0.0050042467,2.0016987,0.9999532,0.0,0.0
14,Index/ETF,25,60,30518,99,6.553509404285995e-05,0.0,0.00022105127569032305,6.553509404285995e-05,0.0,0.00020857160538640472,-3.1761801242828347,-0.43176180124282837,6.553509404285995e-05,0.0,0.00022989487373106278,0.6499999761581421,0.0011719465255737305,-0.0008697469316965412,0.006196648647822323,0.004165559612205489,0.8284451237090444,0.8146299297274096,0.8408703644646129,0.017655611038208008,0.02276301071145448,-0.02649790048599243,-0.021612081778851988,546,-0.13266634941101074,-0.12809442548689343,6.553509404285995e-05,-2.5790458917617776,0.5155645848351792,0.5156301199292221,0.4843698800707779,0.005004967,2.001987,0.999849,0.0,0.0
14,Index/ETF,25,65,30518,99,6.553509404285995e-05,0.0,0.00021648947258703357,6.553509404285995e-05,0.0,0.00021654326978501323,-6.981911659240724,-0.4198191165924072,6.553509404285995e-05,0.0,0.0002129359818101367,0.6499999761581421,0.00116807222366333,-0.0009148947626510511,0.006196648647822323,0.004165559612205489,0.828222220607802,0.8141367841659332,0.8398643866418186,0.017648696899414062,0.02276301071145448,-0.026515334844589233,-0.021612081778851988,546,-0.1341913640499115,-0.12809442548689343,6.553509404285995e-05,-6.9700652360916155,0.5155318172881578,0.5155973523822006,0.48440264761779933,0.0050079194,2.0031676,0.9994088,0.0,0.0
14,Index/ETF,25,70,30518,99,6.553509404285995e-05,0.0,0.00021725016648539564,6.553509404285995e-05,0.0,0.00021641854911472663,-5.905706882476802,-0.35905706882476807,6.553509404285995e-05,0.0,0.00022128014425991025,0.6499999761581421,0.0011300444602966309,-0.0010145844919621082,0.006196648647822323,0.004165559612205489,0.8262456440041186,0.8136174382555077,0.8374402110777827,0.01760423183441162,0.02276301071145448,-0.026658445596694946,-0.021612081778851988,546,-0.13343662023544312,-0.12809442548689343,6.553509404285995e-05,-5.607257485389705,0.514778163706665,0.5148436988007078,0.4851563011992922,0.005023411,2.0093646,0.9969248,0.0,0.0
14,Index/ETF,25,75,30518,99,6.553509404285995e-05,0.0,0.00022405609582305908,6.553509404285995e-05,0.0,0.0002295834404379599,-4.4473230838775635,-0.29447323083877563,6.553509404285995e-05,0.0,0.000208391943665515,0.6499999761581421,1.6450881958007812e-05,-0.0013469246652696772,0.006196648647822323,0.004165559612205489,0.7921648425400057,0.7804615044809767,0.8033125420672053,0.016684293746948242,0.02276301071145448,-0.027511775493621826,-0.021612081778851988,546,-0.11925145983695984,-0.12809442548689343,6.553509404285995e-05,-4.2638808488845825,0.5001966052821286,0.50022937282915,0.49977062717084997,0.0051842253,2.0736904,0.96415484,0.0,0.0
14,Index/ETF,25,80,30518,99,6.553509404285995e-05,0.0,0.00020758941328699306,6.553509404285995e-05,0.0,0.00021467147328037433,-3.5578596591949507,-0.23557859659194946,6.553509404285995e-05,0.0,0.0002258571903495112,0.6499999761581421,-0.000590205192565918,-0.0012868712141985848,0.006196648647822323,0.004165559612205489,0.632385921461456,0.621565573808517,0.6420121749002451,0.012761116027832031,0.02276301071145448,-0.02242371439933777,-0.021612081778851988,546,-0.09620150923728943,-0.12809442548689343,0.0001310701880857199,-3.4111070632934615,0.49046464381676386,0.49046464381676386,0.5095353561832361,0.0044153025,1.7661209,0.79309326,0.0,0.0
14,Index/ETF,25,85,30518,99,6.553509404285995e-05,0.0,0.00022331365077557202,6.553509404285995e-05,0.0,0.0002122046052103311,-2.668396234512327,-0.1766839623451233,6.553509404285995e-05,0.0,0.0002242385386507491,0.6499999761581421,-0.00040659308433532715,-0.000987656270467842,0.006196648647822323,0.004165559612205489,0.4719901850425291,0.4631406393137708,0.4793723934845419,0.00955057144165039,0.02276301071145448,-0.01676875352859497,-0.021612081778851988,546,-0.07215327024459839,-0.12809442548689343,0.0002621403761714398,-2.5583302974700906,0.49098892456910675,0.49098892456910675,0.5090110754308932,0.0033017134,1.3206853,0.5948135,0.0,0.0
14,Index/ETF,25,88,30518,99,6.553509404285995e-05,0.0,0.00022707002778036032,6.553509404285995e-05,0.0,0.00024034728723219492,-2.1321957111358647,-0.14132195711135864,6.553509404285995e-05,0.0,0.00020469816684085213,0.6499999761581421,-0.00029224157333374023,-0.0007798172119943614,0.006196648647822323,0.004165559612205489,0.37736814647157785,0.37044864176082015,0.3833605233590173,0.007654309272766113,0.02276301071145448,-0.013408064842224121,-0.021612081778851988,546,-0.057773083448410034,-0.12809442548689343,0.0005242807523428796,-2.0454024076461796,0.49098892456910675,0.49098892456910675,0.5090110754308932,0.0026230067,1.0492027,0.47527438,0.0,0.0
14,Index/ETF,25,90,30518,99,6.553509404285995e-05,0.0,0.00021845923531574313,6.553509404285995e-05,0.0,0.0002176210867389677,-1.7768287658691428,-0.1177682876586914,6.553509404285995e-05,0.0,0.00021710086612620355,0.6499999761581421,-0.0002136826515197754,-0.0006382464874274328,0.006196648647822323,0.004165559612205489,0.31443388473498035,0.30931403787345396,0.319710400776498,0.006367802619934082,0.02276301071145448,-0.01115483045578003,-0.021612081778851988,546,-0.048144251108169556,-0.12809442548689343,0.0006553509404285995,-1.704501509666445,0.49193918343272824,0.49197195097974966,0.5080280490202503,0.0021704515,0.8681806,0.3955391,0.0,0.0
14,Index/ETF,25,92,30518,99,6.553509404285995e-05,0.0,0.00023538251484081705,6.553509404285995e-05,0.0,0.0002176715035474083,-1.421461820602421,-0.09421461820602417,6.553509404285995e-05,0.0,0.0002132040574852323,0.6499999761581421,-0.00014781951904296875,-0.0004994488924935102,0.006196648647822323,0.004165559612205489,0.2515075544284961,0.24731857579884137,0.2553395728671615,0.00511932373046875,0.02276301071145448,-0.008881807327270508,-0.021612081778851988,546,-0.03835919499397278,-0.12809442548689343,0.0010813290517071891,-1.363684058189396,0.49295497739039257,0.492987744937414,0.5070122550625861,0.0017200166,0.68800664,0.3158501,0.0,0.0
14,Index/ETF,25,94,30518,99,3.276754702142998e-05,0.0,0.00010952985261479608,6.553509404285995e-05,0.0,0.00021712123147019316,-1.066094875335688,-0.07066094875335693,6.553509404285995e-05,0.0,0.0002161918386554055,0.6499999761581421,-9.134411811828613e-05,-0.0003616726662526867,0.006196648647822323,0.004165559612205489,0.18872004418240484,0.1852213225778176,0.1917306311695977,0.003867030143737793,0.02276301071145448,-0.006626248359680176,-0.021612081778851988,546,-0.028806358575820923,-0.12809442548689343,0.0020315879153286584,-1.0217579603195137,0.49524870568189266,0.4953470083229569,0.504652991677043,0.001272173,0.5088692,0.23626585,0.0,0.0
14,Index/ETF,25,95,30518,99,0.0,0.0,0.0,6.553509404285995e-05,0.0,0.00021498903943772843,-0.8884143829345659,-0.0588841438293457,6.553509404285995e-05,0.0,0.0002331081190490797,0.6499999761581421,-3.62396240234375e-05,-0.00029253585832804445,0.006196648647822323,0.004165559612205489,0.1575133054556056,0.15478965707646808,0.159956226320274,0.0032514333724975586,0.02276301071145448,-0.0055148303508758545,-0.021612081778851988,546,-0.02397596836090088,-0.12809442548689343,0.0036044301723572973,-0.8374136686325029,0.49747689887934987,0.4976079690674356,0.5023920309325643,0.0010501895,0.4200758,0.19658297,3.276754702142998e-05,0.0
14,Index/ETF,25,96,30518,99,0.0,0.0,0.0,6.553509404285995e-05,0.0,0.00024173375223056893,-0.6810090541839564,-0.0468100905418396,6.553509404285995e-05,0.0,0.00021327974614109168,0.6499999761581421,-7.569789886474609e-06,-0.0002256836360087908,0.006196648647822323,0.004165559612205489,0.12633685510827314,0.12418801257093127,0.12807922455675594,0.0026320219039916992,0.02276301071145448,-0.004416376352310181,-0.021612081778851988,546,-0.01898711919784546,-0.12809442548689343,0.007798676191100334,-0.6550691127777064,0.49941018415361427,0.4995084867946786,0.5004915132053215,0.0008308485,0.3323394,0.15707517,0.00016383773510714989,0.0
14,Index/ETF,25,98,30518,99,0.0,0.0,0.0,6.553509404285995e-05,0.0,0.0002314230593313916,-0.34050154685973943,-0.023405015468597412,6.553509404285995e-05,0.0,0.0002218000111067372,0.6499999761581421,5.08427619934082e-05,-9.857643415437425e-05,0.006196648647822323,0.004165559612205489,0.06423862555307122,0.06332091903794515,0.06503641021418871,0.0013679265975952148,0.02276301071145448,-0.0022098422050476074,-0.021612081778851988,546,-0.009622663259506226,-0.12809442548689343,0.49154597286847107,-0.3166269063949567,0.5083229569434432,0.5085523297725932,0.49144767022740676,0.00040487002,0.161948,0.0787831,0.0042270135657644665,0.0
14,Single stock,6,50,50177,65,0.00011957669848735477,0.0,0.00026398986852876075,0.0001992944974789246,2.1109816277443605e-05,0.00042461435360644894,-10.837802290916443,-0.6083780229091644,0.0001992944974789246,2.236122935624279e-05,0.00042543041896571886,0.7000000476837158,0.005236148834228516,0.007601230307882817,0.006443487317778773,0.008819910930501655,0.977733691651654,0.9761453308193551,0.9792033812469064,0.038863420486450195,0.040114318108844804,-0.036245763301849365,-0.035088190942123454,2727,-0.13617265224456787,-0.13513445898059473,0.00033880064571417185,-2.0485281944274902,0.5390118978814995,0.5390118978814995,0.4609881021185005,0.0012050391,2.0083988,0.9997126,1.992944974789246e-05,1.992944974789246e-05
14,Single stock,6,55,50177,65,0.00011957669848735477,1.953970734853632e-05,0.0002498550121097154,0.00021922394722681705,2.1543149675998138e-05,0.000460886187493326,-15.837802290916446,-0.6083780229091644,0.00021922394722681705,1.984571631271397e-05,0.00046916015218473133,0.6000000238418579,0.005227923393249512,0.007595194726728021,0.006443487317778773,0.008819910930501655,0.9775951401230989,0.9761665026667655,0.9789622441037513,0.038863420486450195,0.040114318108844804,-0.03625905513763428,-0.035088190942123454,2727,-0.13619983196258545,-0.13513445898059473,0.0005181656934452039,-1.9970345497131392,0.5389720389820037,0.5389720389820037,0.4610279610179963,0.0012052224,2.008704,0.99944454,1.992944974789246e-05,1.992944974789246e-05
14,Single stock,6,60,50177,65,0.00023915339697470954,7.37697649434259e-05,0.0004544709342128893,0.00037865954520995677,0.00011832407725553496,0.000674117223673487,-20.83780229091644,-0.6083780229091644,0.00037865954520995677,0.0001174718741710246,0.0006843325869908653,0.8999999761581421,0.0052225589752197266,0.007560040072474685,0.006443487317778773,0.008819910930501655,0.977243268858857,0.9759445326726209,0.9785641093811305,0.038863420486450195,0.040114318108844804,-0.036292970180511475,-0.035088190942123454,2727,-0.13673043251037598,-0.13513445898059473,0.0007174601909241286,-1.9867336750030495,0.53891225063276,0.53891225063276,0.46108774936723995,0.0012058635,2.0097725,0.9987993,1.992944974789246e-05,1.992944974789246e-05
14,Single stock,6,65,50177,65,0.0004583773442015266,0.00016795869218966646,0.0007964602987534169,0.0006178129421846663,0.00021035523833898097,0.0010845355082958782,-25.837802290916446,-0.6083780229091644,0.0006178129421846663,0.0002135955131371413,0.0010910631133225783,0.699999988079071,0.005199074745178223,0.007479319701548374,0.006443487317778773,0.008819910930501655,0.9761110012834296,0.9744977116174043,0.977420073805478,0.03884643316268921,0.040114318108844804,-0.03639107942581177,-0.035088190942123454,2727,-0.13886582851409912,-0.13513445898059473,0.0010562608366383004,-3.162404298782351,0.5387727444845248,0.5387727444845248,0.4612272555154752,0.0012078317,2.0130527,0.9968659,1.992944974789246e-05,1.992944974789246e-05
14,Single stock,6,70,50177,65,0.0005779540426888814,0.00021520869673297298,0.0010423085720093364,0.0009566135878988382,0.0003416634662902966,0.001700006198433201,-30.83780229091644,-0.6083780229091644,0.0009566135878988382,0.00039080471219172185,0.001716312641561833,0.6499999761581421,0.004994750022888184,0.007306399625644433,0.006443487317778773,0.008819910930501655,0.9714970823247512,0.9689634624208466,0.9735661212101718,0.038751959800720215,0.040114318108844804,-0.03699773550033569,-0.035088190942123454,2727,-0.1373252272605896,-0.13513445898059473,0.0015345676305877195,-2.1667939424514726,0.5373378241026765,0.5373378241026765,0.4626621758973235,0.0012169904,2.0283172,0.98952115,5.9788349243677385e-05,3.985889949578492e-05
14,Single stock,6,75,50177,65,0.000777248540167806,0.00038214173220055774,0.0012732721733759182,0.0011957669848735477,0.0005616429584995672,0.0020136472804111057,-35.83780229091644,-0.6083780229091644,0.0011957669848735477,0.00052513285320955,0.001945374826915451,0.6000000238418579,0.003035426139831543,0.006864837075789828,0.006443487317778773,0.008819910930501655,0.9345774810958279,0.9286982931569783,0.9398267204657333,0.03699105978012085,0.040114318108844804,-0.03848612308502197,-0.035088190942123454,2727,-0.12354820966720581,-0.13513445898059473,0.0021324511230244934,-2.257227897644043,0.5214739821033542,0.5214739821033542,0.4785260178966459,0.0012714699,2.1191165,0.94588405,0.0001992944974789246,0.00013950614823524723
14,Single stock,6,80,50177,65,0.0007971779899156984,0.000384288945952052,0.001336326397893691,0.0012356258843693325,0.0006093664020325438,0.002071639117730345,-28.67024421691895,-0.48670244216918945,0.0012356258843693325,0.0006099301479400515,0.0020342945209013965,0.550000011920929,0.0006542205810546875,0.005724580066938708,0.006443487317778773,0.008819910930501655,0.7713336463872674,0.7631577216037551,0.7780136493108524,0.028254151344299316,0.040114318108844804,-0.0318639874458313,-0.035088190942123454,2727,-0.09975671768188477,-0.13513445898059473,0.0024911812184865577,-1.8057811260223433,0.5063674591944516,0.5063674591944516,0.49363254080554836,0.001133751,1.8895849,0.79437745,0.0001992944974789246,0.00013950614823524723
14,Single stock,6,85,50177,65,0.000777248540167806,0.00036346992160862616,0.001248961796113749,0.001255555334117225,0.0005728334911627203,0.002079955850078197,-21.502683162689205,-0.3650268316268921,0.001255555334117225,0.0006233371081113905,0.0020265429198090905,0.5,0.0004277229309082031,0.004297606935819833,0.006443487317778773,0.008819910930501655,0.5789519176625062,0.5710042668915898,0.5857201766754205,0.020975768566131592,0.040114318108844804,-0.023936986923217773,-0.035088190942123454,2727,-0.07481753826141357,-0.13513445898059473,0.0031687825099149013,-1.3809180259704568,0.505570281204536,0.5056101401040317,0.4943898598959683,0.0008663692,1.4439487,0.6011115,0.0001992944974789246,0.00017936504773103214
14,Single stock,6,88,50177,65,0.000737389640672021,0.0003413985851144568,0.0012516449218854257,0.001255555334117225,0.0005593415853238905,0.002125096449820866,-17.20214533805847,-0.2920214533805847,0.001255555334117225,0.0006063869897649581,0.0020503354246445187,0.5,0.00034058094024658203,0.0034318495987491634,0.006443487317778773,0.008819910930501655,0.46258907644438785,0.45550608020821004,0.46863838965823373,0.016708970069885254,0.040114318108844804,-0.019101083278656006,-0.035088190942123454,2727,-0.059754133224487305,-0.13513445898059473,0.003906172150586922,-1.1047368049621586,0.5052514100085697,0.5052912689080654,0.49470873109193453,0.0006915584,1.1525972,0.4815656,0.00025908284672260197,0.00017936504773103214
14,Single stock,6,90,50177,65,0.0005978834924367739,0.0003006098917983042,0.0009523818013203683,0.00129541423361301,0.0005670265712105299,0.0022216900940138654,-14.335122108459474,-0.24335122108459473,0.00129541423361301,0.0005788766833299581,0.002140006336315459,0.5,0.0002930164337158203,0.0028578481599690017,0.006443487317778773,0.008819910930501655,0.38506337208069963,0.378512133478691,0.39037523649060296,0.013908922672271729,0.040114318108844804,-0.01589369773864746,-0.035088190942123454,2727,-0.04976773262023926,-0.13513445898059473,0.0048229268389899755,-0.9103322029113792,0.505550351754788,0.5056101401040317,0.4943898598959683,0.00057310873,0.9551813,0.40133193,0.0003587300954620643,0.00017936504773103214
14,Single stock,6,92,50177,65,0.0005380951431930964,0.00028360862332778183,0.0008591223536181488,0.001335273133108795,0.0005942800340301893,0.002243136207348514,-11.468098878860477,-0.19468098878860474,0.001335273133108795,0.0006549893611460331,0.0022071860398684877,0.5,0.0002562999725341797,0.0022803300495228673,0.006443487317778773,0.008819910930501655,0.30753297817347797,0.30228387717305644,0.3123520145786277,0.0111122727394104,0.040114318108844804,-0.01270991563796997,-0.035088190942123454,2727,-0.039768874645233154,-0.13513445898059473,0.0066564362157960815,-0.7282657623291056,0.5060685174482332,0.5061482352472249,0.4938517647527752,0.0004541832,0.756972,0.32082075,0.0004384478944536341,0.00017936504773103214
14,Single stock,6,94,50177,65,0.0004384478944536341,0.00019346489845706367,0.0007256013889699583,0.0013552025828566874,0.0006416608503842064,0.0023060622378446626,-8.601069688796992,-0.14601069688796997,0.0013552025828566874,0.0005659327449048493,0.002246520905863323,0.550000011920929,0.00022935867309570312,0.0017132480879043016,0.006443487317778773,0.008819910930501655,0.2300996756452393,0.22599766538779384,0.23395543861268492,0.008322834968566895,0.040114318108844804,-0.009490489959716797,-0.035088190942123454,2727,-0.029856383800506592,-0.13513445898059473,0.0108416206628535,-0.5408408641815132,0.5076628734280646,0.5076828028778125,0.49231719712218747,0.00033518163,0.5586361,0.24012563,0.000737389640672021,0.00017936504773103214
14,Single stock,6,95,50177,65,0.00037865954520995677,0.0001638359435453946,0.000639710945516376,0.001335273133108795,0.0006221060259871371,0.00225701457893724,-7.167561054229732,-0.12167561054229736,0.001335273133108795,0.0005636323348353865,0.0022607357706908296,0.6000000238418579,0.00021600723266601562,0.0014241772602503313,0.006443487317778773,0.008819910930501655,0.1912604170191664,0.18763975791086748,0.19477968774043772,0.0069013237953186035,0.040114318108844804,-0.007899165153503418,-0.035088190942123454,2727,-0.02481907606124878,-0.13513445898059473,0.015804053650078722,-0.45516610145568404,0.5082208980210057,0.5082607569205014,0.49173924307949857,0.00027598205,0.45997006,0.19971952,0.0010761902863861928,0.00017936504773103214
14,Single stock,6,96,50177,65,0.00031887119596627937,0.00012313037258915958,0.0005552893822461298,0.0013950614823524722,0.0006140786899851158,0.0023020477145043227,-5.7340464591979945,-0.09734046459197998,0.0013950614823524722,0.0006785869567552094,0.002264401575747588,0.6000000238418579,0.0002111196517944336,0.0011376030911653678,0.006443487317778773,0.008819910930501655,0.15257471208005277,0.1495692276215283,0.15530666907493196,0.0055345892906188965,0.040114318108844804,-0.006294906139373779,-0.035088190942123454,2727,-0.01982414722442627,-0.13513445898059473,0.027442852302847917,-0.3696612119674647,0.5097953245510891,0.5099149012495765,0.4900850987504235,0.00021724962,0.3620827,0.1593474,0.0017338621280666442,0.00021922394722681705
14,Single stock,6,98,50177,65,0.0001992944974789246,6.158414451624527e-05,0.0003742762254980109,0.001514638180839827,0.0006739069416013664,0.0025003854067726715,-2.8670232295989972,-0.04867023229598999,0.001514638180839827,0.0006773069387450909,0.0025608872883051237,0.699999988079071,0.0002262592315673828,0.0005715433711212297,0.006443487317778773,0.008819910930501655,0.07611924094695421,0.07471209455898332,0.07767140718847407,0.002868354320526123,0.040114318108844804,-0.0031415820121765137,-0.035088190942123454,2727,-0.010015726089477539,-0.13513445898059473,0.47962213763277994,-0.17789709568023504,0.5202383562189848,0.5205173685154553,0.47948263148454473,0.00010295986,0.17159976,0.07913415,0.018355023217808956,0.00037865954520995677
14,Single stock,25,50,50177,65,0.00011957669848735477,0.0,0.00026203487496936114,0.0001992944974789246,2.1223100606372273e-05,0.00045570725289598147,-10.986566543579102,-0.609865665435791,0.0001992944974789246,2.0927048766521496e-05,0.0004302876399960353,0.7000000476837158,0.0014175176620483398,0.003773393745517584,0.006443487317778773,0.008819910930501655,0.9075116031888224,0.9011990670399183,0.9139722148449475,0.03491711616516113,0.040114318108844804,-0.03990674018859863,-0.035088190942123454,2727,-0.13945406675338745,-0.13513445898059473,0.0003587300954620643,-2.230679988861084,0.5107718675887358,0.5107718675887358,0.4892281324112641,0.005016204,2.0064816,0.99970776,1.992944974789246e-05,1.992944974789246e-05
14,Single stock,25,55,50177,65,0.00013950614823524723,2.0280918687958564e-05,0.00030920025642810237,0.00021922394722681705,2.07523457559894e-05,0.00046971644261353725,-15.986566543579105,-0.609865665435791,0.00021922394722681705,1.9899436622558404e-05,0.000472913940666524,0.6000000238418579,0.0014094114303588867,0.003766443673712456,0.006443487317778773,0.008819910930501655,0.9073641559936599,0.9010755828901394,0.9130590884058306,0.03491711616516113,0.040114318108844804,-0.03991997241973877,-0.035088190942123454,2727,-0.1394810676574707,-0.13513445898059473,0.0005580245929409889,-1.976876258850102,0.510751938138988,0.510751938138988,0.489248061861012,0.0050169798,2.0067918,0.9994343,1.992944974789246e-05,1.992944974789246e-05
14,Single stock,25,60,50177,65,0.00025908284672260197,7.896122629928097e-05,0.0004930616930820014,0.0003985889949578492,0.0001375419485552434,0.0007101425341905014,-20.986566543579098,-0.609865665435791,0.0003985889949578492,0.00015750661081374067,0.00071136408272798,0.8500000238418579,0.0014040470123291016,0.0037276729691020755,0.006443487317778773,0.008819910930501655,0.9069886821970332,0.9005376318554825,0.9127432342274188,0.03491711616516113,0.040114318108844804,-0.039953768253326416,-0.035088190942123454,2727,-0.14000970125198364,-0.13513445898059473,0.000737389640672021,-1.8354570865631081,0.5107320086892401,0.5107320086892401,0.48926799131075993,0.0050196997,2.00788,0.99876803,1.992944974789246e-05,1.992944974789246e-05
14,Single stock,25,65,50177,65,0.0004583773442015266,0.00014452864092671792,0.0008503720658288423,0.0006776012914283437,0.0002491936233888641,0.0012152935580559525,-25.986566543579105,-0.609865665435791,0.0006776012914283437,0.00025609728877752164,0.0011944231927819566,0.699999988079071,0.0013737678527832031,0.003639145549088654,0.006443487317778773,0.008819910930501655,0.9057993862948975,0.9000728854547702,0.911549578209487,0.0349002480506897,0.040114318108844804,-0.040047526359558105,-0.035088190942123454,2727,-0.1422330141067505,-0.13513445898059473,0.0010961197361340853,-2.7465963363647483,0.5105526436415091,0.5105526436415091,0.48944735635849096,0.0050281156,2.0112462,0.99676585,1.992944974789246e-05,1.992944974789246e-05
14,Single stock,25,70,50177,65,0.0006377423919325587,0.00021945188895503237,0.0011474322595488237,0.0009566135878988382,0.0003855635410257159,0.0016871841112902149,-30.986566543579098,-0.609865665435791,0.0009566135878988382,0.0003712549657815003,0.001663113414509126,0.6499999761581421,0.0011622905731201172,0.003430571332910954,0.006443487317778773,0.008819910930501655,0.9007458255961952,0.8958647390564426,0.9054224129646852,0.03477591276168823,0.040114318108844804,-0.040745556354522705,-0.035088190942123454,2727,-0.14055639505386353,-0.13513445898059473,0.0015943559798313968,-2.3063999414443925,0.5089782171114255,0.5089782171114255,0.49102178288857445,0.0050676507,2.02706,0.9890419,5.9788349243677385e-05,3.985889949578492e-05
14,Single stock,25,75,50177,65,0.0008370368894114834,0.0003990922289344078,0.0013388179935725736,0.0012356258843693325,0.0005671588261803147,0.0019693036592748703,-35.9865665435791,-0.609865665435791,0.0012356258843693325,0.0005785805382864971,0.0020061619958154342,0.5,-0.0011892318725585938,0.0027930620627659177,0.006443487317778773,0.008819910930501655,0.8580275390633744,0.8524847536498572,0.8633463042355164,0.03271108865737915,0.040114318108844804,-0.04235029220581055,-0.035088190942123454,2727,-0.12650561332702637,-0.13513445898059473,0.002212168922016063,-2.2908061742782593,0.49070291169260816,0.49074277059210397,0.5092572294078961,0.0053046322,2.1218526,0.9426331,0.0001992944974789246,0.00013950614823524723
14,Single stock,25,80,50177,65,0.0007971779899156984,0.00038886932747293345,0.0012511766117127788,0.0012754847838651175,0.000655488503947378,0.002070608906620947,-28.789250850677494,-0.4878925085067749,0.0012754847838651175,0.0006197995006636072,0.002045531989807921,0.5,-0.002851128578186035,0.002100504953051525,0.006443487317778773,0.008819910930501655,0.6982727865783126,0.689845583214001,0.7060741609533652,0.02432912588119507,0.040114318108844804,-0.034945547580718994,-0.035088190942123454,2727,-0.10210913419723511,-0.13513445898059473,0.0025708990174781276,-1.8326449394226119,0.47308527811547124,0.473125137014967,0.5268748629850329,0.004704788,1.8819152,0.7890948,0.0001992944974789246,0.00015943559798313968
14,Single stock,25,85,50177,65,0.000777248540167806,0.0003385692945042841,0.0012299750936084184,0.001335273133108795,0.0006519290237784864,0.0022008633741128804,-21.591941118240353,-0.36591941118240356,0.001335273133108795,0.0006148648614684276,0.0022145977058845153,0.5,-0.0021771788597106934,0.0015300186963260684,0.006443487317778773,0.008819910930501655,0.5222978131132195,0.5139310677836584,0.5298432482340465,0.018016815185546875,0.040114318108844804,-0.026225566864013672,-0.035088190942123454,2727,-0.07664310932159424,-0.13513445898059473,0.003288359208402256,-1.4045333862304665,0.472387747374295,0.47242760627379077,0.5275723937262092,0.0035906897,1.4362758,0.5965903,0.0001992944974789246,0.00017936504773103214
14,Single stock,25,88,50177,65,0.000737389640672021,0.0003474961328404502,0.0011887758662697248,0.0013552025828566874,0.0006540269438790408,0.0022486970182405384,-17.27355170249939,-0.2927355170249939,0.0013552025828566874,0.0006557420260300311,0.002230970429727423,0.550000011920929,-0.0017184019088745117,0.001222702785579524,0.006443487317778773,0.008819910930501655,0.4172693045397203,0.4103218068888152,0.42429401407189776,0.014366686344146729,0.040114318108844804,-0.02088475227355957,-0.035088190942123454,2727,-0.06115800142288208,-0.13513445898059473,0.004085537198317954,-1.099586963653565,0.4726667596707655,0.47270661857026125,0.5272933814297387,0.0028658286,1.1463313,0.4778064,0.00027901229647049445,0.00017936504773103214
14,Single stock,25,90,50177,65,0.0006178129421846663,0.00030966217294161566,0.000958542689942557,0.0013751320326045799,0.0006835375019495581,0.002189257364969653,-14.394625425338747,-0.24394625425338745,0.0013751320326045799,0.0006992233927899408,0.002270887779984442,0.6000000238418579,-0.001406848430633545,0.001026494767397543,0.006443487317778773,0.008819910930501655,0.3474465020199321,0.34119035484798116,0.35365432103059896,0.01193845272064209,0.040114318108844804,-0.017396926879882812,-0.035088190942123454,2727,-0.05089837312698364,-0.13513445898059473,0.00510193913546047,-0.9363555908203147,0.47242760627379077,0.47248739462303446,0.5275126053769655,0.002375048,0.9500191,0.3981713,0.0003587300954620643,0.00017936504773103214
14,Single stock,25,92,50177,65,0.0005580245929409889,0.0002817196998584607,0.0008951566151115855,0.0013950614823524722,0.0006527974201269985,0.0022898682884448566,-11.515699148178104,-0.195156991481781,0.0013950614823524722,0.0006682237411073732,0.002332762932759265,0.5,-0.0010831356048583984,0.0008323359851033956,0.006443487317778773,0.008819910930501655,0.2777629529999281,0.27242521349413196,0.28303728522723065,0.0095711350440979,0.040114318108844804,-0.013883352279663086,-0.035088190942123454,2727,-0.040655553340911865,-0.13513445898059473,0.006935448512266577,-0.7508201599121134,0.47322478426370645,0.47326464316320227,0.5267353568367977,0.0018820656,0.75282615,0.31827772,0.0004783067939494191,0.00017936504773103214
14,Single stock,25,94,50177,65,0.0004583773442015266,0.0002306310524348787,0.0007381841392007079,0.0014149909321003646,0.000671548970503861,0.002307944446458468,-8.63677287101745,-0.14636772871017456,0.0014149909321003646,0.0007004993019318915,0.0023312353320364557,0.5,-0.0007564425468444824,0.0006427316215487464,0.006443487317778773,0.008819910930501655,0.20816669244230734,0.20380851146727136,0.21236809713638766,0.007186412811279297,0.040114318108844804,-0.0103682279586792,-0.035088190942123454,2727,-0.030515730381011963,-0.13513445898059473,0.01133985690655081,-0.5618157386779732,0.4752775175877394,0.4753173764872352,0.5246826235127648,0.0013893262,0.55573046,0.23825002,0.0007573190904199135,0.00017936504773103214
14,Single stock,25,95,50177,65,0.0003985889949578492,0.00016217647571811097,0.0006674500110546392,0.0013950614823524722,0.0006152611738277274,0.002296295960953023,-7.197315692901607,-0.12197315692901611,0.0013950614823524722,0.0005978532267735167,0.002353247407407119,0.5,-0.0006043910980224609,0.0005429077267701432,0.006443487317778773,0.008819910930501655,0.1732143800147287,0.16978000106111957,0.17690242929925215,0.005974411964416504,0.040114318108844804,-0.00861060619354248,-0.035088190942123454,2727,-0.025369346141815186,-0.13513445898059473,0.016760667237977558,-0.473282933235164,0.476832014668075,0.47695159136656234,0.5230484086334376,0.0011441255,0.45765018,0.19819371,0.0011160491858819778,0.0001992944974789246
14,Single stock,25,96,50177,65,0.00031887119596627937,0.00010587233491959659,0.0005671202422402316,0.0014947087310919346,0.0007526262694185121,0.002330717542445687,-5.7578525543212855,-0.09757852554321289,0.0014947087310919346,0.0007319017937188213,0.0023827118320991873,0.6000000238418579,-0.0004329085350036621,0.0004443446655766839,0.006443487317778773,0.008819910930501655,0.13845163510960476,0.13569482236822183,0.14135786018836533,0.004823923110961914,0.040114318108844804,-0.00686037540435791,-0.035088190942123454,2727,-0.020269453525543213,-0.13513445898059473,0.029655021224863982,-0.3695569038391078,0.4782071467006796,0.47828686449967117,0.5217131355003288,0.0009009359,0.36037436,0.15819766,0.0018534388265539989,0.00021922394722681705
14,Single stock,25,98,50177,65,0.00017936504773103214,4.015302695294931e-05,0.00033571425084707833,0.0015744265300835043,0.0006950875374865074,0.002466534238086807,-2.8789262771606428,-0.048789262771606445,0.0015744265300835043,0.0007675669832224823,0.002580716251837838,0.699999988079071,-9.101629257202148e-05,0.00024278558597503496,0.006443487317778773,0.008819910930501655,0.06965184755968781,0.06823257904986971,0.07138187637612134,0.0025414228439331055,0.040114318108844804,-0.003428936004638672,-0.035088190942123454,2727,-0.010228455066680908,-0.13513445898059473,0.509077864360165,-0.1847784519195539,0.49074277059210397,0.49098192398907864,0.5090180760109213,0.00042758614,0.17103446,0.078706466,0.01953086075293461,0.0004185184447057417
14,Basket,6,50,5430,50,0.0,0.0,0.0,0.0,0.0,0.0,11.889207363128662,-0.3811079263687134,0.0,0.0,0.0,,0.008440971374511719,0.008208513940456384,0.00965223345862265,0.009445227796603525,0.9706271057169179,0.9672920115302143,0.9734025608587735,0.030876755714416504,0.03211496762811894,-0.028327584266662598,-0.027160523552793303,157,-0.1333720088005066,-0.13233110048360242,0.0,,0.5834254143646409,0.5834254143646409,0.4165745856353591,0.0012053854,2.0089757,0.9999533,0.0,0.0
14,Basket,6,55,5430,50,0.0,0.0,0.0,0.0,0.0,0.0,7.869775295257564,-0.3713022470474243,0.0,0.0,0.0,,0.008440971374511719,0.008191775770696706,0.00965223345862265,0.009445227796603525,0.9706247179482849,0.9675259908545591,0.9735692314322727,0.030876755714416504,0.03211496762811894,-0.028327584266662598,-0.027160523552793303,157,-0.1333720088005066,-0.13233110048360242,0.0,,0.5834254143646409,0.5834254143646409,0.4165745856353591,0.001205473,2.009122,0.9998242,0.0,0.0
14,Basket,6,60,5430,50,0.0,0.0,0.0,0.0,0.0,0.0,4.7391796112060565,-0.35260820388793945,0.0,0.0,0.0,,0.008440971374511719,0.00814166876931656,0.00965223345862265,0.009445227796603525,0.970192122593029,0.967052902035875,0.9731579384267681,0.030876755714416504,0.03211496762811894,-0.028327584266662598,-0.027160523552793303,157,-0.1335936188697815,-0.13233110048360242,0.0,,0.5834254143646409,0.5834254143646409,0.4165745856353591,0.0012058084,2.0096807,0.9994785,0.0,0.0
14,Basket,6,65,5430,50,0.0,0.0,0.0,0.0,0.0,0.0,2.915534973144529,-0.3208446502685547,0.0,0.0,0.0,,0.008403122425079346,0.008095793192777406,0.00965223345862265,0.009445227796603525,0.9698214939087866,0.966457262857174,0.9727196979465851,0.030809521675109863,0.03211496762811894,-0.028644800186157227,-0.027160523552793303,157,-0.1335936188697815,-0.13233110048360242,0.0,,0.5834254143646409,0.5834254143646409,0.4165745856353591,0.0012066455,2.011076,0.99868137,0.0,0.0
14,Basket,6,70,5430,50,0.0,0.0,0.0,0.0,0.0,0.0,2.2286164760589644,-0.2777138352394104,0.0,0.0,0.0,,0.008304834365844727,0.007950854883229096,0.00965223345862265,0.009445227796603525,0.9668580965969577,0.9620364282300178,0.9706120389902619,0.030709266662597656,0.03211496762811894,-0.028805911540985107,-0.027160523552793303,157,-0.1315838098526001,-0.13233110048360242,0.0,,0.5821362799263352,0.5821362799263352,0.41786372007366485,0.001212257,2.0204284,0.99483466,0.0,0.0
14,Basket,6,75,5430,50,0.0,0.0,0.0,0.0,0.0,0.0,1.709526777267456,-0.23290473222732544,0.0,0.0,0.0,,0.006846129894256592,0.007601309360500638,0.00965223345862265,0.009445227796603525,0.9362667106235709,0.9279954562028716,0.9432031711231825,0.029707789421081543,0.03211496762811894,-0.03023231029510498,-0.027160523552793303,157,-0.1160547137260437,-0.13233110048360242,0.00036832412523020257,,0.5662983425414365,0.5662983425414365,0.43370165745856354,0.0012575402,2.0959003,0.9605104,0.0,0.0
14,Basket,6,80,5430,50,0.0,0.0,0.0,0.0,0.0,0.0,1.342452764511104,-0.18657547235488892,0.0,0.0,0.0,,0.00448298454284668,0.006406594694868197,0.00965223345862265,0.009445227796603525,0.7734429949183155,0.7610146835920213,0.7853241230151677,0.023286819458007812,0.03211496762811894,-0.025092899799346924,-0.027160523552793303,157,-0.09334880113601685,-0.13233110048360242,0.0007366482504604051,,0.554696132596685,0.554696132596685,0.4453038674033149,0.0011047123,1.8411872,0.8023691,0.0,0.0
14,Basket,6,85,5430,50,0.0,0.0,0.0,0.0,0.0,0.0,1.0718250274658225,-0.1392817497253418,0.0,0.0,0.0,,0.0032423734664916992,0.004864370460668322,0.00965223345862265,0.009445227796603525,0.5821423685739717,0.5688175458707125,0.596355716501512,0.01746511459350586,0.03211496762811894,-0.0187375545501709,-0.027160523552793303,157,-0.0698399543762207,-0.13233110048360242,0.001289134438305709,,0.5530386740331492,0.5530386740331492,0.44696132596685084,0.0008320135,1.3866893,0.6040393,0.0,0.0
14,Basket,6,88,5430,50,0.0,0.0,0.0,0.0,0.0,0.0,0.7979447841644283,-0.11202055215835571,0.0,0.0,0.0,,0.0026286840438842773,0.0039002888439768585,0.00965223345862265,0.009445227796603525,0.4655651928827274,0.4529997603333858,0.4805461590789466,0.013901114463806152,0.03211496762811894,-0.01494532823562622,-0.027160523552793303,157,-0.05593442916870117,-0.13233110048360242,0.0020257826887661143,,0.5535911602209945,0.5535911602209945,0.44640883977900553,0.0006619788,1.1032981,0.48326123,0.0,0.0
14,Basket,6,90,5430,50,0.0,0.0,0.0,0.0,0.0,0.0,0.6649529933929421,-0.09335047006607056,0.0,0.0,0.0,,0.0021994709968566895,0.00327107447506534,0.00965223345862265,0.009445227796603525,0.3884080211886717,0.3778052426338892,0.40242974337859383,0.011603713035583496,0.03211496762811894,-0.012440264225006104,-0.027160523552793303,157,-0.04633891582489014,-0.13233110048360242,0.0020257826887661143,,0.552854511970534,0.552854511970534,0.4471454880294659,0.0005477875,0.9129792,0.40240377,0.0,0.0
14,Basket,6,92,5430,50,0.0,0.0,0.0,0.0,0.0,0.0,0.5630450248718222,-0.07436954975128174,0.0,0.0,0.0,,0.0017722845077514648,0.0026352683373797223,0.00965223345862265,0.009445227796603525,0.3109345572860875,0.30111168460301535,0.32347270814755796,0.00929880142211914,0.03211496762811894,-0.009951114654541016,-0.027160523552793303,157,-0.0371817946434021,-0.13233110048360242,0.0029465930018416206,,0.5552486187845304,0.5552486187845304,0.4447513812154696,0.00043344212,0.7224036,0.32135546,0.0,0.0
14,Basket,6,94,5430,50,0.0,0.0,0.0,0.0,0.0,0.0,0.4632053375244194,-0.05536794662475586,0.0,0.0,0.0,,0.0013578534126281738,0.0019854021226064496,0.00965223345862265,0.009445227796603525,0.23305870234773501,0.22517636654075907,0.2441032742561225,0.006892681121826172,0.03211496762811894,-0.007447004318237305,-0.027160523552793303,157,-0.027811288833618164,-0.13233110048360242,0.004419889502762431,,0.5569060773480663,0.5569060773480663,0.4430939226519337,0.00032012293,0.53353816,0.24027008,0.00018416206261510129,0.0
14,Basket,6,95,5430,50,0.0,0.0,0.0,0.0,0.0,0.0,0.31707763671875444,-0.0468292236328125,0.0,0.0,0.0,,0.0011780858039855957,0.0016604289714363617,0.00965223345862265,0.009445227796603525,0.19396271092428652,0.18728221557557326,0.20238952032702281,0.005733966827392578,0.03211496762811894,-0.006145358085632324,-0.027160523552793303,157,-0.02321690320968628,-0.13233110048360242,0.0055248618784530384,,0.5596685082872929,0.5596685082872929,0.4403314917127072,0.00026368184,0.43946972,0.1997173,0.00018416206261510129,0.0
14,Basket,6,96,5430,50,0.0,0.0,0.0,0.0,0.0,0.0,0.320790052413944,-0.036792099475860596,0.0,0.0,0.0,,0.0009785890579223633,0.0013334376047987964,0.00965223345862265,0.009445227796603525,0.1550425794409771,0.14915069879115495,0.16345213643654782,0.004579663276672363,0.03211496762811894,-0.004915833473205566,-0.027160523552793303,157,-0.018587231636047363,-0.13233110048360242,0.011049723756906077,,0.5620626151012892,0.5620626151012892,0.43793738489871087,0.00020788058,0.3464676,0.15928662,0.0007366482504604051,0.0
14,Basket,6,98,5430,50,0.0,0.0,0.0,0.0,0.0,0.0,0.11901450157165705,-0.018809854984283447,0.0,0.0,0.0,,0.0005651712417602539,0.0006556369432867341,0.00965223345862265,0.009445227796603525,0.07737930267137975,0.0748460716704497,0.08143205669596967,0.002385377883911133,0.03211496762811894,-0.002478361129760742,-0.027160523552793303,157,-0.009499132633209229,-0.13233110048360242,0.42965009208103133,,0.5703499079189687,0.5703499079189687,0.42965009208103133,9.953671e-05,0.16589451,0.079237595,0.008287292817679558,0.0
14,Basket,25,50,5430,50,0.0,0.0,0.0,0.0,0.0,0.0,11.536699533462524,-0.38463300466537476,0.0,0.0,0.0,,0.004610300064086914,0.004376993982831418,0.00965223345862265,0.009445227796603525,0.8777291939963728,0.8637635680394888,0.8898241285642791,0.02696084976196289,0.03211496762811894,-0.03201866149902344,-0.027160523552793303,157,-0.1366640329360962,-0.13233110048360242,0.0,,0.54548802946593,0.5458563535911602,0.45414364640883975,0.0050176345,2.0070536,0.9999507,0.0,0.0
14,Basket,25,55,5430,50,0.0,0.0,0.0,0.0,0.0,0.0,7.659621238708492,-0.37340378761291504,0.0,0.0,0.0,,0.004610300064086914,0.00436050229968287,0.00965223345862265,0.009445227796603525,0.8777219049728079,0.8634511001169207,0.8896097783636289,0.02696084976196289,0.03211496762811894,-0.03201866149902344,-0.027160523552793303,157,-0.1366640329360962,-0.13233110048360242,0.0,,0.54548802946593,0.5458563535911602,0.45414364640883975,0.005018016,2.0072064,0.9998184,0.0,0.0
14,Basket,25,60,5430,50,0.0,0.0,0.0,0.0,0.0,0.0,4.538770914077761,-0.3546122908592224,0.0,0.0,0.0,,0.004610300064086914,0.0043078754927352424,0.00965223345862265,0.009445227796603525,0.8772477612295116,0.8639806869065175,0.8892989423060369,0.026935100555419922,0.03211496762811894,-0.03201866149902344,-0.027160523552793303,157,-0.13688480854034424,-0.13233110048360242,0.0,,0.54548802946593,0.5458563535911602,0.45414364640883975,0.005019414,2.0077658,0.9994638,0.0,0.0
14,Basket,25,65,5430,50,0.0,0.0,0.0,0.0,0.0,0.0,2.7526891231536843,-0.32247310876846313,0.0,0.0,0.0,,0.004572510719299316,0.0042592706162187495,0.00965223345862265,0.009445227796603525,0.8768622488741585,0.8635513979674247,0.8894042203517585,0.0268937349319458,0.03211496762811894,-0.03233468532562256,-0.027160523552793303,157,-0.13688480854034424,-0.13233110048360242,0.0,,0.5451197053406999,0.54548802946593,0.45451197053407,0.005023015,2.009206,0.9986352,0.0,0.0
14,Basket,25,70,5430,50,0.0,0.0,0.0,0.0,0.0,0.0,1.981960535049443,-0.2801803946495056,0.0,0.0,0.0,,0.004457652568817139,0.004092043352829598,0.00965223345862265,0.009445227796603525,0.8735856255643206,0.8604404321230373,0.8848450692277412,0.026793956756591797,0.03211496762811894,-0.0326421856880188,-0.027160523552793303,157,-0.13454312086105347,-0.13233110048360242,0.00018416206261510129,,0.5441988950276243,0.5445672191528546,0.4554327808471455,0.005047288,2.0189152,0.99456453,0.0,0.0
14,Basket,25,75,5430,50,0.0,0.0,0.0,0.0,0.0,0.0,1.5243887901306152,-0.23475611209869385,0.0,0.0,0.0,,0.0026503801345825195,0.0035732250297047597,0.00965223345862265,0.009445227796603525,0.837167681396306,0.8242426610299103,0.8493122430740238,0.025502324104309082,0.03211496762811894,-0.034135520458221436,-0.027160523552793303,157,-0.11880171298980713,-0.13233110048360242,0.0005524861878453039,,0.5270718232044199,0.527255985267035,0.472744014732965,0.0052472386,2.0988953,0.95740944,0.0,0.0
14,Basket,25,80,5430,50,0.0,0.0,0.0,0.0,0.0,0.0,1.2195062637329057,-0.1878049373626709,0.0,0.0,0.0,,0.0010239481925964355,0.0028758092589580334,0.00965223345862265,0.009445227796603525,0.6817969246587752,0.66463532097059,0.6984590500591765,0.019617080688476562,0.03211496762811894,-0.028045654296875,-0.027160523552793303,157,-0.09550964832305908,-0.13233110048360242,0.0009208103130755065,,0.510865561694291,0.511049723756906,0.4889502762430939,0.0045825955,1.833038,0.7970451,0.0,0.0
14,Basket,25,85,5430,50,0.0,0.0,0.0,0.0,0.0,0.0,0.9333932399749778,-0.14066606760025024,0.0,0.0,0.0,,0.0007722377777099609,0.0022049014959107005,0.00965223345862265,0.009445227796603525,0.5126346304504169,0.49711716944565104,0.5300181011715441,0.014723896980285645,0.03211496762811894,-0.021006762981414795,-0.027160523552793303,157,-0.07149988412857056,-0.13233110048360242,0.001289134438305709,,0.5112338858195212,0.5114180478821363,0.4885819521178637,0.0034489178,1.379567,0.59967613,0.0,0.0
14,Basket,25,88,5430,50,0.0,0.0,0.0,0.0,0.0,0.0,0.74671459197998,-0.1125328540802002,0.0,0.0,0.0,,0.0006555914878845215,0.0017822408105347917,0.00965223345862265,0.009445227796603525,0.4101431195470184,0.3952758159212435,0.4287516623056057,0.011728048324584961,0.03211496762811894,-0.01674342155456543,-0.027160523552793303,157,-0.05719989538192749,-0.13233110048360242,0.0020257826887661143,,0.5123388581952117,0.5123388581952117,0.4876611418047882,0.0027441818,1.0976728,0.47969237,0.0,0.0
14,Basket,25,90,5430,50,0.0,0.0,0.0,0.0,0.0,0.0,0.614354610443113,-0.09385645389556885,0.0,0.0,0.0,,0.0005393028259277344,0.0015202076176033933,0.00965223345862265,0.009445227796603525,0.3425541559688944,0.32982773944218746,0.35887449295555207,0.009760737419128418,0.03211496762811894,-0.013924181461334229,-0.027160523552793303,157,-0.04740595817565918,-0.13233110048360242,0.0023941068139963165,,0.5136279926335175,0.5136279926335175,0.4863720073664825,0.002270334,0.9081335,0.39938456,0.0,0.0
14,Basket,25,92,5430,50,0.0,0.0,0.0,0.0,0.0,0.0,0.4914836883544882,-0.07508516311645508,0.0,0.0,0.0,,0.0004267692565917969,0.0012440780798594158,0.00965223345862265,0.009445227796603525,0.2745396844773049,0.2635771941170278,0.28779359487547257,0.007783174514770508,0.03211496762811894,-0.011153101921081543,-0.027160523552793303,157,-0.03805583715438843,-0.13233110048360242,0.0029465930018416206,,0.5130755064456722,0.5130755064456722,0.4869244935543278,0.001797826,0.7191304,0.31896278,0.0,0.0
14,Basket,25,94,5430,50,0.0,0.0,0.0,0.0,0.0,0.0,0.4378793239593559,-0.055621206760406494,0.0,0.0,0.0,,0.00039827823638916016,0.0009630943091095701,0.00965223345862265,0.009445227796603525,0.20640495580164198,0.19746796304545589,0.21847630416763425,0.0058318376541137695,0.03211496762811894,-0.00830066204071045,-0.027160523552793303,157,-0.0285264253616333,-0.13233110048360242,0.004604051565377533,,0.5173112338858196,0.5176795580110497,0.4823204419889503,0.0013268383,0.53073525,0.23851681,0.00018416206261510129,0.0
14,Basket,25,95,5430,50,0.0,0.0,0.0,0.0,0.0,0.0,0.29681801795959917,-0.04703181982040405,0.0,0.0,0.0,,0.0003482699394226074,0.0008156507384052593,0.00965223345862265,0.009445227796603525,0.1719903391125171,0.16420993231264064,0.1815862234231305,0.004844307899475098,0.03211496762811894,-0.0068871378898620605,-0.027160523552793303,157,-0.023772001266479492,-0.13233110048360242,0.0060773480662983425,,0.5171270718232044,0.5178637200736649,0.4821362799263352,0.001094036,0.43761447,0.1983582,0.00018416206261510129,0.0
14,Basket,25,96,5430,50,0.0,0.0,0.0,0.0,0.0,0.0,0.3099896907806432,-0.036900103092193604,0.0,0.0,0.0,,0.0003446340560913086,0.0006671088505845043,0.00965223345862265,0.009445227796603525,0.1378228703492048,0.13135221979147965,0.14756232132306776,0.003885507583618164,0.03211496762811894,-0.005509734153747559,-0.027160523552793303,157,-0.01903069019317627,-0.13233110048360242,0.011970534069981584,,0.520073664825046,0.5208103130755064,0.47918968692449354,0.000862643,0.34505722,0.15825836,0.0007366482504604051,0.0
14,Basket,25,98,5430,50,0.0,0.0,0.0,0.0,0.0,0.0,0.10922145843506037,-0.018907785415649414,0.0,0.0,0.0,,0.00025916099548339844,0.0003378238686760047,0.00965223345862265,0.009445227796603525,0.06939199637123185,0.06649635233378064,0.07347164859115936,0.0020581483840942383,0.03211496762811894,-0.00276261568069458,-0.027160523552793303,157,-0.009672701358795166,-0.13233110048360242,0.469060773480663,,0.5305709023941069,0.530939226519337,0.469060773480663,0.00041363368,0.16545348,0.0788929,0.008287292817679558,0.0
30,All equity (ex-basket),6,50,80613,99,0.00018607420639350973,1.2753075450405899e-05,0.0003858022948944816,0.0003349335715083175,4.236218502828836e-05,0.000735803353016329,-17.140650749206543,-0.6714065074920654,0.0003349335715083175,3.718433036630176e-05,0.0007100585888741462,0.6666666865348816,0.011846423149108887,0.01382795126552924,0.013065725895341718,0.015103378035127861,0.981494326900306,0.9803467224835907,0.9826039848056025,0.04639077186584473,0.04765738519688134,-0.04417151212692261,-0.043017362315350194,6232,-0.14533543586730957,-0.14428146896951427,0.0006822720901095357,-1.7301887273788452,0.576978899184995,0.5769913041320879,0.4230086958679121,0.0012093111,2.0155187,0.9993737,1.2404947092900648e-05,1.2404947092900648e-05
30,All equity (ex-basket),6,55,80613,99,0.00021088410057931102,5.416653468845771e-05,0.0004142070578922866,0.0004093632540657214,9.46991487796512e-05,0.0008430174080175033,-15.837802290916446,-0.6083780229091644,0.0004093632540657214,8.179031898246261e-05,0.0007809954869477133,0.6666666865348816,0.011842608451843262,0.013767617655201462,0.013065725895341718,0.015103378035127861,0.9810356119651388,0.9798006163392713,0.9821649905595806,0.046381473541259766,0.04765738519688134,-0.044184982776641846,-0.043017362315350194,6232,-0.14557570219039917,-0.14428146896951427,0.0008311314552243435,-1.220546960830693,0.5769292793966234,0.5769416843437163,0.4230583156562837,0.0012102963,2.0171604,0.99875873,1.2404947092900648e-05,1.2404947092900648e-05
30,All equity (ex-basket),6,60,80613,99,0.00035974346569411883,8.37851822883229e-05,0.0006893243124204533,0.0006326523017379331,0.00020483390343812528,0.001220330466913067,-20.83780229091644,-0.6083780229091644,0.0006326523017379331,0.00020565152156062628,0.0011531927557347633,0.6666666865348816,0.01182711124420166,0.013657701004677282,0.013065725895341718,0.015103378035127861,0.980114313201389,0.978660171019799,0.9814419221438475,0.04636955261230469,0.04765738519688134,-0.04422217607498169,-0.043017362315350194,6232,-0.14669248461723328,-0.14428146896951427,0.0013893540744048727,-1.4391100406646706,0.5767680150844157,0.5767804200315085,0.4232195799684914,0.0012128843,2.0214741,0.99735874,1.2404947092900648e-05,1.2404947092900648e-05
30,All equity (ex-basket),6,65,80613,99,0.0006326523017379331,0.00022727783107597433,0.0011199728192988587,0.0009799908203391512,0.00033965914432974344,0.0016930242766200355,-25.837802290916446,-0.6083780229091644,0.0009675858732462506,0.0003469365465301647,0.0017268468553732822,0.6190476417541504,0.0117340087890625,0.013464099295361456,0.013065725895341718,0.015103378035127861,0.9774782325311915,0.9747125653204713,0.9795184602708603,0.04629981517791748,0.04765738519688134,-0.04450571537017822,-0.043017362315350194,6232,-0.15216538310050964,-0.14428146896951427,0.0019103618523067,-2.5751793384552024,0.5760361232059346,0.5760485281530274,0.42395147184697257,0.0012201893,2.0336487,0.9938728,2.4809894185801296e-05,1.2404947092900648e-05
30,All equity (ex-basket),6,70,80613,99,0.0008063215610385422,0.0003261999758624343,0.0014317799692876994,0.001376949127311972,0.0005361588412633025,0.0024663276077618707,-30.83780229091644,-0.6083780229091644,0.001376949127311972,0.0005910675085423567,0.0024006681380282662,0.523809552192688,0.011338591575622559,0.013114034732123669,0.013065725895341718,0.015103378035127861,0.9685972419437737,0.963763834588242,0.9728253327082806,0.0460355281829834,0.04765738519688134,-0.04634395241737366,-0.043017362315350194,6232,-0.14881163835525513,-0.14428146896951427,0.002654658677880739,-2.03310370445251,0.5727488122263159,0.5727612171734088,0.4272387828265912,0.0012454876,2.0758128,0.9831458,6.202473546450324e-05,2.4809894185801296e-05
30,All equity (ex-basket),6,75,80613,99,0.0009799908203391512,0.0004146559869645285,0.0016454990826092486,0.001625048069169985,0.0007638582886777622,0.002722473764815722,-35.83780229091644,-0.6083780229091644,0.001625048069169985,0.0007433243458167235,0.002692278431562081,0.523809552192688,0.008434414863586426,0.012365448640581884,0.013065725895341718,0.015103378035127861,0.9228052681862426,0.9131316365319302,0.9313475404724064,0.0436176061630249,0.04765738519688134,-0.04858389496803284,-0.043017362315350194,6232,-0.13242262601852417,-0.14428146896951427,0.0035602198156624862,-2.0832300186157227,0.5517844516393138,0.5518216664805925,0.44817833351940756,0.0013460282,2.24338,0.93724775,0.0001488593651148078,8.683462965030454e-05
30,All equity (ex-basket),6,80,80613,99,0.0009923957674320518,0.0004494204841026678,0.0016408978538077913,0.0017118826988202895,0.0007444589515241002,0.002948591364000939,-28.67024421691895,-0.48670244216918945,0.0017118826988202895,0.0007896734006421643,0.002854165849581113,0.523809552192688,0.004199624061584473,0.010496419907686851,0.013065725895341718,0.015103378035127861,0.7691697715947384,0.757410777360592,0.7798811572211395,0.03325974941253662,0.04765738519688134,-0.04039490222930908,-0.043017362315350194,6232,-0.10744348168373108,-0.14428146896951427,0.0043541364296081275,-1.6413378715515181,0.5335491794127498,0.5335491794127498,0.4664508205872502,0.0012556191,2.0926986,0.79276836,0.00017366925930060908,8.683462965030454e-05
30,All equity (ex-basket),6,85,80613,99,0.00095518092615335,0.0004429247631245865,0.0017006492267516039,0.0016746678575415876,0.0007739395664176888,0.0027781132592344725,-21.502683162689205,-0.3650268316268921,0.0016746678575415876,0.0007493857110173586,0.002814953725102959,0.523809552192688,0.0028955936431884766,0.007984536370193208,0.013065725895341718,0.015103378035127861,0.5802961115350701,0.5691494092899805,0.5897833127632003,0.02442646026611328,0.04765738519688134,-0.030366212129592896,-0.043017362315350194,6232,-0.08069074153900146,-0.14428146896951427,0.005768300398198802,-1.2801206111907937,0.5313410988302135,0.5313535037773064,0.4686464962226936,0.0009775821,1.6293033,0.6028897,0.0002729088360438143,9.923957674320519e-05
30,All equity (ex-basket),6,88,80613,99,0.0008683462965030454,0.00039758289662197475,0.0015164038435541052,0.0016870728046344881,0.000803917493179077,0.0028032121782367494,-17.20214533805847,-0.2920214533805847,0.0016870728046344881,0.0007521778669550241,0.00282047648050962,0.523809552192688,0.002309083938598633,0.0063940779204824825,0.013065725895341718,0.015103378035127861,0.4640802583422896,0.4544254458778163,0.47252962276147664,0.019485116004943848,0.04765738519688134,-0.024271219968795776,-0.043017362315350194,6232,-0.06442096829414368,-0.14428146896951427,0.0075794226737622965,-1.0217820405960087,0.5312914790418419,0.5313038839889348,0.4686961160110652,0.00078183704,1.3030617,0.4838043,0.0004093632540657214,9.923957674320519e-05
30,All equity (ex-basket),6,90,80613,99,0.0007567017726669396,0.0003448395711808428,0.001197795575192424,0.0017118826988202895,0.0007841020978390599,0.0029045665791688287,-14.335122108459474,-0.24335122108459473,0.0017118826988202895,0.0008065805061576538,0.0028709418503322414,0.523809552192688,0.001953125,0.005334558407438999,0.013065725895341718,0.015103378035127861,0.3864971264861288,0.3777779659911881,0.39373958644265883,0.0162125825881958,0.04765738519688134,-0.020172864198684692,-0.043017362315350194,6232,-0.053596556186676025,-0.14428146896951427,0.0095518092615335,-0.8500540256500266,0.531899321449394,0.531899321449394,0.468100678550606,0.00064658537,1.0776423,0.4035227,0.0004961978837160259,9.923957674320519e-05
30,All equity (ex-basket),6,92,80613,99,0.0006326523017379331,0.0002837829258801446,0.001064166440093188,0.0017739074342847927,0.0008512568315159251,0.0029268472368547283,-11.468098878860477,-0.19468098878860474,0.0017739074342847927,0.0008502502015444497,0.0029776242781698312,0.523809552192688,0.0015709400177001953,0.004260105568150658,0.013065725895341718,0.015103378035127861,0.30859114331440224,0.3020856571082603,0.3151565638383885,0.012951970100402832,0.04765738519688134,-0.01609671115875244,-0.043017362315350194,6232,-0.042831629514694214,-0.14428146896951427,0.013124434024288886,-0.6773514747619669,0.5318124868197437,0.5318372967139295,0.46816270328607046,0.00050996675,0.84994453,0.32275444,0.0006822720901095357,0.00011164452383610584
30,All equity (ex-basket),6,94,80613,99,0.0005210077779018272,0.0002236038675135543,0.0008347407545897404,0.001699477751727389,0.000748608567500145,0.0028640714020000428,-8.601069688796992,-0.14601069688796997,0.001699477751727389,0.0007879840736721303,0.002894395985728294,0.4761904776096344,0.001220703125,0.003192682962624751,0.013065725895341718,0.015103378035127861,0.23068548373614722,0.2251613648076615,0.2354932011217113,0.009688735008239746,0.04765738519688134,-0.012040197849273682,-0.043017362315350194,6232,-0.03198444843292236,-0.14428146896951427,0.02030689839107836,-0.5140008926391548,0.5330157666877551,0.5330529815290338,0.4669470184709662,0.00037310322,0.62183875,0.2416266,0.0010420155558036545,0.00011164452383610584
30,All equity (ex-basket),6,95,80613,99,0.00039695830697282074,0.00014487749468396178,0.0007011207224827973,0.0017242876459131902,0.000757899327444108,0.0029397841067948485,-7.167561054229732,-0.12167561054229736,0.0017242876459131902,0.0007265012512663217,0.002853593395053867,0.523809552192688,0.0010340213775634766,0.002653356645459013,0.013065725895341718,0.015103378035127861,0.19165160865001532,0.18714268038710094,0.19572796226604067,0.008051156997680664,0.04765738519688134,-0.009987562894821167,-0.043017362315350194,6232,-0.02660048007965088,-0.14428146896951427,0.0286802376787863,-0.426704883575435,0.5336236090953073,0.5336980387778646,0.4663019612221354,0.00030531437,0.50885725,0.20094903,0.0015754282807983824,0.00011164452383610584
30,All equity (ex-basket),6,96,80613,99,0.0003349335715083175,0.00011566829096212686,0.0006031484417310597,0.0018731470110279979,0.0008407968603283205,0.0030719183517134503,-5.7340464591979945,-0.09734046459197998,0.0018731470110279979,0.000799760134621184,0.0031772155084974934,0.5714285969734192,0.0008671283721923828,0.002113309689778826,0.013065725895341718,0.015103378035127861,0.1526172388892973,0.14867697906390118,0.15555185507522268,0.006410956382751465,0.04765738519688134,-0.007944315671920776,-0.043017362315350194,6232,-0.021240830421447754,-0.14428146896951427,0.04732487315941598,-0.30952310562133434,0.5350501780109908,0.5350749879051766,0.4649250120948234,0.00023830748,0.39717913,0.16024812,0.0027290883604381426,0.00013645441802190715
30,All equity (ex-basket),6,98,80613,99,0.00018607420639350973,4.1464798509892764e-05,0.0003553388841247381,0.0021832706883505144,0.0010538440047201478,0.003589841645751812,-2.8670232295989972,-0.04867023229598999,0.0021956756354434147,0.0010611847533380154,0.0035825785648502108,0.6190476417541504,0.0005738735198974609,0.001049660374061723,0.013065725895341718,0.015103378035127861,0.07554978077697595,0.0739002102898692,0.07701324160991263,0.003288865089416504,0.04765738519688134,-0.003925949335098267,-0.043017362315350194,6232,-0.01061597466468811,-0.14428146896951427,0.45374815476411995,-0.14062035083770574,0.5461402007120439,0.5463510848126233,0.4536489151873767,0.00010966127,0.18276878,0.07930438,0.030838698472951013,0.00023569399476511233
30,All equity (ex-basket),25,50,80613,99,0.00018607420639350973,1.2181421097771698e-05,0.0004241890929215274,0.00034733851860121816,5.10525809266994e-05,0.0007251801351788019,-17.03490912914276,-0.6703490912914276,0.00034733851860121816,6.425917092242763e-05,0.0007138806402020575,0.6428571939468384,0.008002758026123047,0.009973523565417784,0.013065725895341718,0.015103378035127861,0.9237277939108234,0.9185529331273701,0.928619285385025,0.04241585731506348,0.04765738519688134,-0.0478023886680603,-0.043017362315350194,6232,-0.1486220359802246,-0.14428146896951427,0.0006946770372024363,-1.3804078102111816,0.5527396325654671,0.5527396325654671,0.4472603674345329,0.005033979,2.013592,0.9993612,1.2404947092900648e-05,1.2404947092900648e-05
30,All equity (ex-basket),25,55,80613,99,0.0002232890476722117,4.743348004286949e-05,0.00045618505478275305,0.0004093632540657214,7.111122311140005e-05,0.0008243847084182588,-15.986566543579105,-0.609865665435791,0.00042176820115862203,7.75496275506127e-05,0.0008934228495675342,0.6666666865348816,0.007998943328857422,0.009908703120867755,0.013065725895341718,0.015103378035127861,0.9232515668361252,0.918152605191441,0.9280535580195733,0.042406678199768066,0.04765738519688134,-0.047815799713134766,-0.043017362315350194,6232,-0.1488213837146759,-0.14428146896951427,0.0008807512435959461,-1.1168944835662886,0.5526900127770955,0.5526900127770955,0.4473099872229045,0.0050381385,2.0152555,0.99872994,1.2404947092900648e-05,1.2404947092900648e-05
30,All equity (ex-basket),25,60,80613,99,0.0003845533598799201,0.0001169861247974363,0.0007221108877062985,0.0006574621959237344,0.00024200802516400038,0.0012260424686552794,-20.986566543579098,-0.609865665435791,0.0006574621959237344,0.00021201284458792155,0.0012026218150657777,0.6190476417541504,0.00798344612121582,0.009788693523634123,0.013065725895341718,0.015103378035127861,0.9222766901824138,0.9174436015223597,0.9267304198144972,0.04239475727081299,0.04765738519688134,-0.04785284399986267,-0.043017362315350194,6232,-0.15026116371154785,-0.14428146896951427,0.0014017590214977732,-1.4151251316070534,0.5525163435177949,0.5525163435177949,0.4474836564822051,0.00504905,2.01962,0.9972863,1.2404947092900648e-05,1.2404947092900648e-05
30,All equity (ex-basket),25,65,80613,99,0.0006326523017379331,0.00019339029670685406,0.0010964051711457898,0.0010048007145249526,0.0003951974404770217,0.001750655205492027,-25.986566543579105,-0.609865665435791,0.0010048007145249526,0.0004022956653545585,0.001829252445440639,0.5714285969734192,0.007872462272644043,0.009568354881848038,0.013065725895341718,0.015103378035127861,0.9194709465752257,0.9151034765486794,0.9237766370278977,0.042307138442993164,0.04765738519688134,-0.048185497522354126,-0.043017362315350194,6232,-0.15581804513931274,-0.14428146896951427,0.0019971964819570044,-2.580990791320803,0.5516976170096635,0.5516976170096635,0.44830238299033653,0.0050800857,2.0320342,0.9936723,2.4809894185801296e-05,1.2404947092900648e-05
30,All equity (ex-basket),25,70,80613,99,0.0008683462965030454,0.00031744908645695854,0.001490390782643396,0.0013645441802190713,0.0005742832745400751,0.0023323690592990938,-30.986566543579098,-0.609865665435791,0.0013645441802190713,0.0005858487010195689,0.0023670162154812106,0.547619104385376,0.007459402084350586,0.009128305157260782,0.013065725895341718,0.015103378035127861,0.9096935055537574,0.9043914344029772,0.914347912632152,0.04202425479888916,0.04765738519688134,-0.05025091767311096,-0.043017362315350194,6232,-0.15212595462799072,-0.14428146896951427,0.0027787081488097453,-2.2523474693298295,0.5480629675114436,0.5480629675114436,0.45193703248855643,0.0051885927,2.0754368,0.9824379,6.202473546450324e-05,2.4809894185801296e-05
30,All equity (ex-basket),25,75,80613,99,0.0010172056616178531,0.0004925785380800048,0.0016782072616553267,0.0016746678575415876,0.0008028629624548659,0.002822338454873498,-35.9865665435791,-0.609865665435791,0.0016746678575415876,0.0007375166775671725,0.002744076661941576,0.523809552192688,0.0039043426513671875,0.008019357545930103,0.013065725895341718,0.015103378035127861,0.8564583287605878,0.8483095691999536,0.8637802523838821,0.039133310317993164,0.04765738519688134,-0.05261176824569702,-0.043017362315350194,6232,-0.13576218485832214,-0.14428146896951427,0.0036966742336843935,-1.9511997699737549,0.5243198987756317,0.5243198987756317,0.47568010122436827,0.0056227595,2.249104,0.9337863,0.00017366925930060908,8.683462965030454e-05
30,All equity (ex-basket),25,80,80613,99,0.0010048007145249526,0.00044360031898412584,0.0016189256784652122,0.0017490975400989914,0.0008630751052099421,0.0027832104106468077,-28.789250850677494,-0.4878925085067749,0.0017490975400989914,0.0008506544732770814,0.0028546935960329107,0.523809552192688,0.00033676624298095703,0.006439065720430388,0.013065725895341718,0.015103378035127861,0.702136753386322,0.6901451797599847,0.7131122977137531,0.0288698673248291,0.04765738519688134,-0.04370051622390747,-0.043017362315350194,6232,-0.10995703935623169,-0.14428146896951427,0.004502995794722935,-1.6121077537536666,0.5026112413630556,0.5026236463101484,0.4973763536898515,0.0052095754,2.0838304,0.7870366,0.00018607420639350973,9.923957674320519e-05
30,All equity (ex-basket),25,85,80613,99,0.00095518092615335,0.00042234432166861704,0.0017291929229111735,0.0017739074342847927,0.0008551816247525045,0.0029914394762070905,-21.591941118240353,-0.36591941118240356,0.0017739074342847927,0.0008199918864287216,0.002850096994147617,0.523809552192688,4.3272972106933594e-05,0.004825972315736085,0.013065725895341718,0.015103378035127861,0.5268143441254172,0.514192037381214,0.5365763458664564,0.021157145500183105,0.04765738519688134,-0.032799720764160156,-0.043017362315350194,6232,-0.08242157101631165,-0.14428146896951427,0.006140448810985821,-1.2198543548583962,0.5004775904630767,0.5005272102514483,0.49947278974855175,0.0040465062,1.6186025,0.59784627,0.0002729088360438143,9.923957674320519e-05
30,All equity (ex-basket),25,88,80613,99,0.0008807512435959461,0.0003682703602745299,0.001544059268113626,0.0017739074342847927,0.0008444052764694975,0.0029378299489153264,-17.27355170249939,-0.2927355170249939,0.0017739074342847927,0.0008068863178294604,0.002964491445098621,0.523809552192688,3.2901763916015625e-05,0.0038672530942265282,0.013065725895341718,0.015103378035127861,0.4210208988409882,0.4114566376194479,0.42939739015305994,0.016905903816223145,0.04765738519688134,-0.026212602853775024,-0.043017362315350194,6232,-0.0658174455165863,-0.14428146896951427,0.007877141403991912,-0.986606359481812,0.5004279706747051,0.5004527805688909,0.49954721943110914,0.0032345438,1.2938176,0.47958708,0.00042176820115862203,0.00011164452383610584
30,All equity (ex-basket),25,90,80613,99,0.0007691067197598402,0.000368722068409683,0.0012558952792291415,0.0017863123813776935,0.000848103478802755,0.0029887194795019494,-14.394625425338747,-0.24394625425338745,0.0017739074342847927,0.0008253560108514837,0.0028823043145075598,0.523809552192688,8.189678192138672e-05,0.003244242207007563,0.013065725895341718,0.015103378035127861,0.35076620378748197,0.34161427898305885,0.35877059511287485,0.014088749885559082,0.04765738519688134,-0.021761178970336914,-0.043017362315350194,6232,-0.05478858947753906,-0.14428146896951427,0.010010792303970823,-0.844993591308596,0.5011722675002791,0.5012094823415578,0.4987905176584422,0.002674687,1.0698748,0.39995992,0.0005086028308089266,0.00011164452383610584
30,All equity (ex-basket),25,92,80613,99,0.0006326523017379331,0.0002715435740802759,0.0010602765699513248,0.0018483371168421968,0.0008815720463406649,0.0030109455256031917,-11.515699148178104,-0.195156991481781,0.001835932169749296,0.0008928669644696584,0.0030375349508166938,0.523809552192688,0.00010502338409423828,0.002614856881300224,0.013065725895341718,0.015103378035127861,0.280410289661441,0.2735570083641442,0.28631197968274325,0.011297106742858887,0.04765738519688134,-0.017343580722808838,-0.043017362315350194,6232,-0.043726712465286255,-0.14428146896951427,0.013707466537655217,-0.6488008499145548,0.5019413742200389,0.5020282088496892,0.49797179115031076,0.0021094242,0.84376967,0.3199047,0.000707081984295337,0.00011164452383610584
30,All equity (ex-basket),25,94,80613,99,0.0005334127249947279,0.00023192170338290604,0.0008591473835473192,0.001798717328470594,0.0008891537349629161,0.0030751388925914585,-8.63677287101745,-0.14636772871017456,0.0017863123813776935,0.0008007025770177572,0.002915940596691154,0.4761904776096344,0.00015223026275634766,0.0019868132933899773,0.013065725895341718,0.015103378035127861,0.21000005709240444,0.2045068313596144,0.2151462095302276,0.008465290069580078,0.04765738519688134,-0.012933313846588135,-0.043017362315350194,6232,-0.03266417980194092,-0.14428146896951427,0.02144815352362522,-0.5142929553985542,0.5042362894322255,0.504310719114783,0.495689280885217,0.0015437293,0.6174918,0.23952344,0.0010792303970823564,0.00011164452383610584
30,All equity (ex-basket),25,95,80613,99,0.00042176820115862203,0.0001712604836776617,0.0007175902886691835,0.0018607420639350973,0.0008612176432938682,0.0031132766718835084,-7.197315692901607,-0.12197315692901611,0.0018483371168421968,0.0009138362472878999,0.003187249136190116,0.523809552192688,0.0001571178436279297,0.001668112710056,0.013065725895341718,0.015103378035127861,0.1747446643025578,0.1703346079728871,0.17875894344246046,0.007046818733215332,0.04765738519688134,-0.010733753442764282,-0.043017362315350194,6232,-0.027132511138916016,-0.14428146896951427,0.03021845111830598,-0.3948312997817949,0.5049681813107068,0.5050674208874499,0.49493257911255006,0.0012632966,0.50531864,0.19923644,0.0016498579633557862,0.00012404947092900648
30,All equity (ex-basket),25,96,80613,99,0.0003349335715083175,0.00011695586726851928,0.0006078627296599974,0.0019971964819570044,0.0009227091567207792,0.0032737304337742868,-5.7578525543212855,-0.09757852554321289,0.0019847915348641036,0.0008910593307275311,0.0034433436095888197,0.523809552192688,0.00018465518951416016,0.0013438935638481113,0.013065725895341718,0.015103378035127861,0.13946777017006443,0.13585311039473913,0.14272401674073718,0.005654335021972656,0.04765738519688134,-0.008522272109985352,-0.043017362315350194,6232,-0.0216619074344635,-0.14428146896951427,0.04986788731346061,-0.23433184623717906,0.5074739806234726,0.5075608152531229,0.49243918474687703,0.0009865689,0.3946275,0.15894856,0.002828327937181348,0.00013645441802190715
30,All equity (ex-basket),25,98,80613,99,0.00017366925930060908,3.677348817781749e-05,0.00035158034872504764,0.002332130053465322,0.0011108267143533916,0.0036705612048998975,-2.8789262771606428,-0.048789262771606445,0.002319725106372421,0.0010630492957199838,0.003928861242976766,0.6190476417541504,0.0002478361129760742,0.0006951526329206909,0.013065725895341718,0.015103378035127861,0.06964343312734725,0.06804704822656187,0.07106797274390637,0.00294649600982666,0.04765738519688134,-0.004206568002700806,-0.043017362315350194,6232,-0.010819077491760254,-0.14428146896951427,0.4793767754580527,-0.1360367536544782,0.5205487948593899,0.5206976542245048,0.47930234577549524,0.00045473748,0.181895,0.07881012,0.03224045749444879,0.0002605038889509136
30,Index/ETF,6,50,30485,99,0.0,0.0,0.0,0.0,0.0,0.0,4.488307237625122,-0.4551169276237488,0.0,0.0,0.0,,0.01085197925567627,0.007625308024290841,0.01206610813613751,0.008848427754782656,0.9720558484739564,0.9698983020108481,0.9740192040881515,0.03359520435333252,0.03483664482993687,-0.0330776572227478,-0.03191628427682214,1266,-0.1343466341495514,-0.13330691110917597,0.0,,0.5932425783172052,0.5932425783172052,0.40675742168279483,0.0012050663,2.0084438,0.99994403,0.0,0.0
30,Index/ETF,6,55,30485,99,0.0,0.0,0.0,0.0,0.0,0.0,1.2562048435211137,-0.4374379515647888,0.0,0.0,0.0,,0.01085197925567627,0.007577472515569195,0.01206610813613751,0.008848427754782656,0.9720558484739564,0.9699158012873909,0.9740605459919632,0.03359520435333252,0.03483664482993687,-0.0330776572227478,-0.03191628427682214,1266,-0.1344476342201233,-0.13330691110917597,3.280301787764474e-05,,0.5932425783172052,0.5932425783172052,0.40675742168279483,0.0012055312,2.0092185,0.9997775,0.0,0.0
30,Index/ETF,6,60,30485,99,9.840905363293423e-05,0.0,0.00032009849114516246,9.840905363293423e-05,0.0,0.00031499022524530924,-2.959499359130857,-0.4295949935913086,9.840905363293423e-05,0.0,0.0003153720218624873,0.4285714328289032,0.010847687721252441,0.0074942555684857195,0.01206610813613751,0.008848427754782656,0.9719638234879177,0.969796807225387,0.9738175850018053,0.03359222412109375,0.03483664482993687,-0.03307873010635376,-0.03191628427682214,1266,-0.13487747311592102,-0.13330691110917597,0.00013121207151057897,-1.987025737762449,0.5931769722814499,0.5931769722814499,0.4068230277185501,0.0012067159,2.0111933,0.99925846,0.0,0.0
30,Index/ETF,6,65,30485,99,0.00013121207151057897,0.0,0.00045615399880091545,0.00013121207151057897,0.0,0.00044266298790407026,-6.987025737762453,-0.4198702573776245,0.00013121207151057897,0.0,0.00041173669705987006,0.5476190447807312,0.010804176330566406,0.007372857978036213,0.01206610813613751,0.008848427754782656,0.9711816081038246,0.9690429473377595,0.9729641932189388,0.03358805179595947,0.03483664482993687,-0.03317868709564209,-0.03191628427682214,1266,-0.13849574327468872,-0.13330691110917597,0.00013121207151057897,-6.831266880035402,0.5928489421026735,0.5928489421026735,0.40715105789732653,0.0012103898,2.0173163,0.99784577,0.0,0.0
30,Index/ETF,6,70,30485,99,0.00013121207151057897,0.0,0.0004803075171385303,0.00013121207151057897,0.0,0.0004278727634543539,-7.012571096420284,-0.3701257109642029,0.00013121207151057897,0.0,0.00043450913143999417,0.5476190447807312,0.010692954063415527,0.007161776200657851,0.01206610813613751,0.008848427754782656,0.9672532956139569,0.9648735971997778,0.969243359366903,0.03349173069000244,0.03483664482993687,-0.033716797828674316,-0.03191628427682214,1266,-0.1380900740623474,-0.13330691110917597,0.00019681810726586847,-5.782393813133235,0.5913072002624241,0.5913072002624241,0.40869279973757583,0.0012250883,2.0418136,0.99238217,0.0,0.0
30,Index/ETF,6,75,30485,99,0.00013121207151057897,0.0,0.00042347313143036226,0.00013121207151057897,0.0,0.00048061873223561935,-5.3505003452301025,-0.303505003452301,0.00013121207151057897,0.0,0.00042300700747059514,0.5476190447807312,0.008958101272583008,0.006782562149652247,0.01206610813613751,0.008848427754782656,0.9303950365247194,0.9235493036766487,0.9359107227483995,0.03232109546661377,0.03483664482993687,-0.03574889898300171,-0.03191628427682214,1266,-0.1223483681678772,-0.13330691110917597,0.00026242414302115794,-4.324844479560852,0.5741184188945383,0.5742168279481712,0.42578317205182875,0.0013058354,2.1763923,0.95543724,0.0,0.0
30,Index/ETF,6,80,30485,99,0.00013121207151057897,0.0,0.0004057465473431846,0.00013121207151057897,0.0,0.00044798680120031127,-4.0359663963317916,-0.24035966396331787,0.00013121207151057897,0.0,0.0004593113411741719,0.5476190447807312,0.005845904350280762,0.005625827667927065,0.01206610813613751,0.008848427754782656,0.7639275941260116,0.7538358986747681,0.7734323872027578,0.025159597396850586,0.03483664482993687,-0.02950906753540039,-0.03191628427682214,1266,-0.09859737753868103,-0.13330691110917597,0.00039363621453173694,-3.449867963790898,0.5600787272429063,0.5600787272429063,0.43992127275709364,0.0011804849,1.9674748,0.7993878,0.0,0.0
30,Index/ETF,6,85,30485,99,0.00013121207151057897,0.0,0.0004395974197024952,0.00013121207151057897,0.0,0.0004156380806851109,-3.0269718170165993,-0.18026971817016602,0.00013121207151057897,0.0,0.00042615709645797613,0.5476190447807312,0.00433957576751709,0.004173364906364217,0.01206610813613751,0.008848427754782656,0.5708505025950611,0.5606638518544412,0.5793747325245611,0.018779397010803223,0.03483664482993687,-0.02214604616165161,-0.03191628427682214,1266,-0.07385006546974182,-0.13330691110917597,0.0007544694111858291,-2.5864160060882546,0.5601443332786616,0.5601771362965393,0.43982286370346074,0.00088942045,1.4823675,0.60177857,0.0,0.0
30,Index/ETF,6,88,30485,99,0.00013121207151057897,0.0,0.0004304329051041041,0.00013121207151057897,0.0,0.0004370017635760945,-2.423400163650513,-0.14423400163650513,0.00013121207151057897,0.0,0.00043133595998950854,0.5476190447807312,0.003426194190979004,0.003325295614496262,0.01206610813613751,0.008848427754782656,0.45574805261526985,0.44765369836451707,0.46262060240412056,0.015034794807434082,0.03483664482993687,-0.01768559217453003,-0.03191628427682214,1266,-0.05919772386550903,-0.13330691110917597,0.0016729539117598818,-2.0701144933700566,0.5604723634574381,0.5604723634574381,0.43952763654256194,0.00070385437,1.1730905,0.48123556,0.0,0.0
30,Index/ETF,6,90,30485,99,0.00013121207151057897,0.0,0.0004012437983873085,0.00013121207151057897,0.0,0.00043414798208990583,-2.0195031166076682,-0.12019503116607666,0.00013121207151057897,0.0,0.0004697934069515194,0.5476190447807312,0.0028814077377319336,0.002771073066544998,0.01206610813613751,0.008848427754782656,0.37928404881892436,0.37279911096735846,0.3857900125380191,0.012503623962402344,0.03483664482993687,-0.014688193798065186,-0.03191628427682214,1266,-0.04919448494911194,-0.13330691110917597,0.0025258323765786454,-1.7250949144363426,0.561226832868624,0.561226832868624,0.4387731671313761,0.0005791973,0.96532875,0.40060237,3.280301787764474e-05,0.0
30,Index/ETF,6,92,30485,99,0.00013121207151057897,0.0,0.0004489594178786401,0.00013121207151057897,0.0,0.0004329842472973997,-1.6095740795135538,-0.0960957407951355,0.00013121207151057897,0.0,0.0004193499541587994,0.5476190447807312,0.0023102760314941406,0.0022124634544556506,0.01206610813613751,0.008848427754782656,0.30268999681015923,0.2974317857703421,0.30724508581974236,0.009987235069274902,0.03483664482993687,-0.01170438528060913,-0.03191628427682214,1266,-0.03932666778564453,-0.13330691110917597,0.004198786288338527,-1.3800753355026285,0.5612596358865015,0.5612924389043792,0.4387075610956208,0.0004555938,0.759323,0.31985828,3.280301787764474e-05,0.0
30,Index/ETF,6,94,30485,99,9.840905363293423e-05,0.0,0.000333410849539305,0.00013121207151057897,0.0,0.00045029834740286523,-1.172155380249018,-0.07172155380249023,0.00013121207151057897,0.0,0.0004385280393587177,0.5476190447807312,0.001744985580444336,0.001657755787067185,0.01206610813613751,0.008848427754782656,0.22624925805868645,0.22243361282234092,0.23002209601489093,0.007481694221496582,0.03483664482993687,-0.008740663528442383,-0.03191628427682214,1266,-0.029487907886505127,-0.13330691110917597,0.0074790880761030016,-1.0370107889175362,0.5629653928161391,0.563063801869772,0.436936198130228,0.00033338784,0.55564636,0.23904818,6.560603575528948e-05,0.0
30,Index/ETF,6,95,30485,99,3.280301787764474e-05,0.0,0.00011381809501922491,0.00013121207151057897,0.0,0.00047615693293686306,-1.012707948684688,-0.060127079486846924,0.00013121207151057897,0.0,0.0004499117050746143,0.5476190447807312,0.0014725923538208008,0.0013805688649528394,0.01206610813613751,0.008848427754782656,0.18810085778170216,0.18493088256950646,0.19100366111106956,0.006205320358276367,0.03483664482993687,-0.007263898849487305,-0.03191628427682214,1266,-0.02446138858795166,-0.13330691110917597,0.01085779891750041,-0.8461993932723955,0.5637526652452025,0.5638182712809579,0.43618172871904215,0.00027321914,0.45536524,0.19863325,0.00019681810726586847,0.0
30,Index/ETF,6,96,30485,99,0.0,0.0,0.0,0.00013121207151057897,0.0,0.0004070763483463252,-0.80324029922485,-0.048032402992248535,0.00013121207151057897,0.0,0.00044059464305231175,0.5476190447807312,0.0012066364288330078,0.0011057334101080836,0.01206610813613751,0.008848427754782656,0.1500681889055922,0.14773846617831676,0.15232988063281463,0.0049811601638793945,0.03483664482993687,-0.0057634711265563965,-0.03191628427682214,1266,-0.019568532705307007,-0.13330691110917597,0.019944234869608005,-0.6592503786087001,0.566212891586026,0.5662784976217812,0.43372150237821877,0.00021386227,0.35643715,0.1582903,0.00039363621453173694,0.0
30,Index/ETF,6,98,30485,99,0.0,0.0,0.0,0.00019681810726586847,0.0,0.0005452308696965106,-0.42804288864135565,-0.024280428886413574,0.00019681810726586847,0.0,0.000517231604243079,0.6428571939468384,0.0007249116897583008,0.0005574015353338746,0.01206610813613751,0.008848427754782656,0.0750961348980575,0.07407246850851698,0.07604088206172822,0.002570033073425293,0.03483664482993687,-0.0028882622718811035,-0.03191628427682214,1266,-0.00984501838684082,-0.13330691110917597,0.423454157782516,-0.30565965175628484,0.5763162210923405,0.576644251271117,0.42335574872888304,0.000100420104,0.16736685,0.07857045,0.012891586025914384,0.0
30,Index/ETF,25,50,30485,99,0.0,0.0,0.0,0.0,0.0,0.0,4.318028688430786,-0.45681971311569214,0.0,0.0,0.0,,0.007012128829956055,0.0037966245018851274,0.01206610813613751,0.008848427754782656,0.8836766731137138,0.8747558534006451,0.8919171845142089,0.02966892719268799,0.03483664482993687,-0.0367506742477417,-0.03191628427682214,1266,-0.13763496279716492,-0.13330691110917597,0.0,,0.5606035755289487,0.5606035755289487,0.4393964244710513,0.0050163297,2.0065317,0.99994206,0.0,0.0
30,Index/ETF,25,55,30485,99,0.0,0.0,0.0,0.0,0.0,0.0,1.2420368194580034,-0.4375796318054199,0.0,0.0,0.0,,0.007012128829956055,0.0037459509224506094,0.01206610813613751,0.008848427754782656,0.8836766731137138,0.8743972969797963,0.8920145540891365,0.02966892719268799,0.03483664482993687,-0.0367506742477417,-0.03191628427682214,1266,-0.13773560523986816,-0.13330691110917597,6.560603575528948e-05,,0.5606035755289487,0.5606035755289487,0.4393964244710513,0.005018305,2.007322,0.9997684,0.0,0.0
30,Index/ETF,25,60,30485,99,9.840905363293423e-05,0.0,0.00032824684035729355,9.840905363293423e-05,0.0,0.00032333458149552663,-3.1761801242828347,-0.43176180124282837,9.840905363293423e-05,0.0,0.00031714963209083396,0.4285714328289032,0.0070078372955322266,0.003658816973576883,0.01206610813613751,0.008848427754782656,0.8835760644225233,0.8745485866777605,0.8922753886965747,0.02966594696044922,0.03483664482993687,-0.03675168752670288,-0.03191628427682214,1266,-0.13816377520561218,-0.13330691110917597,0.00013121207151057897,-2.207396030426023,0.5605051664753157,0.5605051664753157,0.43949483352468427,0.005023265,2.009306,0.99923193,0.0,0.0
30,Index/ETF,25,65,30485,99,0.00013121207151057897,0.0,0.00046575779843420863,0.00013121207151057897,0.0,0.000426615618226379,-7.207396030426027,-0.42207396030426025,0.00013121207151057897,0.0,0.0004403997673711884,0.5476190447807312,0.0069626569747924805,0.003523868644004848,0.01206610813613751,0.008848427754782656,0.8827273297372047,0.8741630238707595,0.8909524992761217,0.02966177463531494,0.03483664482993687,-0.03686678409576416,-0.03191628427682214,1266,-0.1421518623828888,-0.13330691110917597,0.00013121207151057897,-6.9700652360916155,0.5601771362965393,0.5601771362965393,0.43982286370346074,0.00503895,2.01558,0.9977604,0.0,0.0
30,Index/ETF,25,70,30485,99,0.00013121207151057897,0.0,0.000464743909415213,0.00013121207151057897,0.0,0.000440230921848416,-7.074857950210567,-0.3707485795021057,0.00013121207151057897,0.0,0.0004495396433244019,0.5476190447807312,0.006823897361755371,0.0032607234089378845,0.01206610813613751,0.008848427754782656,0.8783343680579571,0.8700964408116408,0.8853405742762536,0.02956247329711914,0.03483664482993687,-0.03749573230743408,-0.03191628427682214,1266,-0.14178940653800964,-0.13330691110917597,0.00019681810726586847,-5.849356651306148,0.5585369854026571,0.5585369854026571,0.44146301459734294,0.0051023858,2.0409544,0.991985,0.0,0.0
30,Index/ETF,25,75,30485,99,0.00013121207151057897,0.0,0.00043320165974506514,0.00013121207151057897,0.0,0.00041503454555359145,-5.425453186035156,-0.30425453186035156,0.00013121207151057897,0.0,0.0004355790702353964,0.5476190447807312,0.004591703414916992,0.002598479029896495,0.01206610813613751,0.008848427754782656,0.8331451902147159,0.8240846367985812,0.8414617409578796,0.028043270111083984,0.03483664482993687,-0.03976339101791382,-0.03191628427682214,1266,-0.12539756298065186,-0.13330691110917597,0.0002296211251435132,-4.411143064498901,0.5378710841397408,0.5378710841397408,0.46212891586025917,0.0054554907,2.1821964,0.9521578,0.0,0.0
30,Index/ETF,25,80,30485,99,0.00013121207151057897,0.0,0.0004544667957349234,0.00013121207151057897,0.0,0.00044026931275780747,-4.107664823532109,-0.24107664823532104,0.00013121207151057897,0.0,0.0004493479746761783,0.5476190447807312,0.0020989179611206055,0.001849799043177698,0.01206610813613751,0.008848427754782656,0.670443597955745,0.6570745252081595,0.6832426182519911,0.0211331844329834,0.03483664482993687,-0.03273582458496094,-0.03191628427682214,1266,-0.10104745626449585,-0.13330691110917597,0.00039363621453173694,-3.51729273796082,0.5222240446121044,0.5222240446121044,0.4777759553878957,0.004895332,1.9581329,0.7937077,0.0,0.0
30,Index/ETF,25,85,30485,99,0.00013121207151057897,0.0,0.00044379318176650007,0.00013121207151057897,0.0,0.0004287798378333946,-3.0807471275329568,-0.1808074712753296,0.00013121207151057897,0.0,0.00043312071988195575,0.5476190447807312,0.0015839338302612305,0.0013325805798581102,0.01206610813613751,0.008848427754782656,0.49986329955664643,0.48898964865400657,0.5097848949834817,0.015837550163269043,0.03483664482993687,-0.024510502815246582,-0.03191628427682214,1266,-0.07567313313484192,-0.13330691110917597,0.0009512875184516976,-2.6379710435867287,0.5224864687551255,0.5225520747908807,0.4774479252091192,0.0036838185,1.4735274,0.5970987,0.0,0.0
30,Index/ETF,25,88,30485,99,0.00013121207151057897,0.0,0.00042657814794895446,0.00013121207151057897,0.0,0.0004321563990539081,-2.4684314727783208,-0.1446843147277832,0.00013121207151057897,0.0,0.00042990788361087695,0.5476190447807312,0.0012919902801513672,0.0010805766406910956,0.01206610813613751,0.008848427754782656,0.3996013721968976,0.39082655510992936,0.40835285153032164,0.012726902961730957,0.03483664482993687,-0.019554853439331055,-0.03191628427682214,1266,-0.060582250356674194,-0.13330691110917597,0.0018697720190257504,-2.1106277704238896,0.522814498933902,0.5228473019517795,0.4771526980482204,0.002914565,1.165826,0.47740614,0.0,0.0
30,Index/ETF,25,90,30485,99,0.00013121207151057897,0.0,0.0004381069434929874,0.00013121207151057897,0.0,0.0004211156659407968,-2.0571196079254173,-0.12057119607925415,0.00013121207151057897,0.0,0.00045116782635915703,0.5476190447807312,0.001125931739807129,0.0009227497373934122,0.01206610813613751,0.008848427754782656,0.33302287081416077,0.3259237415702193,0.33955744197508053,0.010577201843261719,0.03483664482993687,-0.016251683235168457,-0.03191628427682214,1266,-0.050411224365234375,-0.13330691110917597,0.00255863539445629,-1.7588549852371238,0.5240938166311301,0.5241594226668853,0.47584057733311463,0.0023989007,0.9595602,0.3974042,3.280301787764474e-05,0.0
30,Index/ETF,25,92,30485,99,0.00013121207151057897,0.0,0.0004616156473929098,0.00013121207151057897,0.0,0.000436411641658287,-1.6401870250701944,-0.0964018702507019,0.00013121207151057897,0.0,0.00045330651112221936,0.5476190447807312,0.0009111166000366211,0.0007596548158496408,0.01206610813613751,0.008848427754782656,0.2662949793742549,0.26085816640724824,0.27161572102830267,0.008490324020385742,0.03483664482993687,-0.012923479080200195,-0.03191628427682214,1266,-0.040282994508743286,-0.13330691110917597,0.004395604395604396,-1.4109207391738932,0.5246186649171724,0.5247826800065606,0.4752173199934394,0.0018873062,0.7549225,0.31733766,3.280301787764474e-05,0.0
30,Index/ETF,25,94,30485,99,9.840905363293423e-05,0.0,0.00032231726937571094,0.00013121207151057897,0.0,0.0003994477682279085,-1.1976661682128853,-0.0719766616821289,0.00013121207151057897,0.0,0.00044235636569325143,0.5476190447807312,0.00074005126953125,0.0005931723248827588,0.01206610813613751,0.008848427754782656,0.19961214840682984,0.19563481237753308,0.20364419136578418,0.006346583366394043,0.03483664482993687,-0.009620904922485352,-0.03191628427682214,1266,-0.030179351568222046,-0.13330691110917597,0.007807118254879449,-1.0571929216384834,0.5268820731507299,0.5270132852222404,0.47298671477775955,0.0013816273,0.5526509,0.23721609,6.560603575528948e-05,0.0
30,Index/ETF,25,95,30485,99,3.280301787764474e-05,0.0,0.00011026448044759951,0.00013121207151057897,0.0,0.0004615761869314724,-1.033176183700557,-0.060331761837005615,0.00013121207151057897,0.0,0.000480001974708107,0.5476190447807312,0.0006502866744995117,0.0005116968266745366,0.01206610813613751,0.008848427754782656,0.1663553779139555,0.16301050425484215,0.16952314758256462,0.005301356315612793,0.03483664482993687,-0.007993161678314209,-0.03191628427682214,1266,-0.02503383159637451,-0.13330691110917597,0.011907495489585041,-0.8809965848922685,0.5283910119731016,0.5285878300803674,0.4714121699196326,0.0011320547,0.45282188,0.19716018,0.00019681810726586847,0.0
30,Index/ETF,25,96,30485,99,0.0,0.0,0.0,0.00013121207151057897,0.0,0.00042769587776749055,-0.8190057277679408,-0.04819005727767944,0.00013121207151057897,0.0,0.0004430141618641272,0.5476190447807312,0.0005611181259155273,0.0004216004634110756,0.01206610813613751,0.008848427754782656,0.13305400380268964,0.13038258902293895,0.1354005071975737,0.004281401634216309,0.03483664482993687,-0.006344854831695557,-0.03191628427682214,1266,-0.019980639219284058,-0.13330691110917597,0.02122355256683615,-0.6899348497390712,0.5313760865999672,0.5314744956536002,0.4685255043463999,0.00088690664,0.35476264,0.15719895,0.00039363621453173694,0.0
30,Index/ETF,25,98,30485,99,0.0,0.0,0.0,0.00019681810726586847,0.0,0.0005364425563763441,-0.43403911590575994,-0.024340391159057617,0.00019681810726586847,0.0,0.0005447158379106381,0.6428571939468384,0.00041031837463378906,0.00023785718096970378,0.01206610813613751,0.008848427754782656,0.06738747948776834,0.06626831564690489,0.06837551510453821,0.0022476911544799805,0.03483664482993687,-0.003174901008605957,-0.03191628427682214,1266,-0.010074347257614136,-0.13330691110917597,0.45714285714285713,-0.3121207952499372,0.5427587338035099,0.5429227488928982,0.45707725110710185,0.00041717867,0.16687149,0.07820224,0.013711661472855503,0.0
30,Single stock,6,50,50128,65,0.0002992339610596872,2.0672703036560816e-05,0.0006829891448888245,0.000538621129907437,6.190363245524515e-05,0.0011525837450790672,-17.140650749206543,-0.6714065074920654,0.000538621129907437,6.226783790048611e-05,0.0011138346197989326,0.6666666865348816,0.013027608394622803,0.017600046286458716,0.01426343869676594,0.018907283223771408,0.9846223085831033,0.9836868183330049,0.9854780539458052,0.05951792001724243,0.06080192569001075,-0.05274152755737305,-0.05158325851839285,4966,-0.14900365471839905,-0.14792317263853672,0.0010971911905521864,-1.7301887273788452,0.5670882540695819,0.5671082030003192,0.43289179699968083,0.0012118925,2.019821,0.9990269,1.994893073731248e-05,1.994893073731248e-05
30,Single stock,6,55,50128,65,0.00033913182253431215,7.940955102150417e-05,0.0006735477218622569,0.0006583147143313119,0.00012659052035208845,0.0012910661175467334,-15.837802290916446,-0.6083780229091644,0.0006583147143313119,0.00014371030355272562,0.0013900282469987279,0.6666666865348816,0.01301419734954834,0.01753211204120708,0.01426343869676594,0.018907283223771408,0.9840115721196754,0.9829053718705639,0.9849872964921215,0.059483349323272705,0.06080192569001075,-0.052758634090423584,-0.05158325851839285,4966,-0.14946594834327698,-0.14792317263853672,0.0013166294286626238,-1.220546960830693,0.5670084583466326,0.5670284072773699,0.4329715927226301,0.0012131943,2.0219905,0.99813896,1.994893073731248e-05,1.994893073731248e-05
30,Single stock,6,60,50128,65,0.0005186721991701245,0.00015679672191037694,0.0009808370255779387,0.000957548675390999,0.0002527567977976208,0.001889608304978338,-20.83780229091644,-0.6083780229091644,0.000957548675390999,0.00028336587794930147,0.0018191364519739694,0.6666666865348816,0.01296776533126831,0.017405958148834236,0.01426343869676594,0.018907283223771408,0.9828154458816727,0.9811065846063286,0.9842214982827882,0.05946493148803711,0.06080192569001075,-0.052819132804870605,-0.05158325851839285,4966,-0.150626540184021,-0.14792317263853672,0.002154484519629748,-1.3111090660095193,0.5667890201085222,0.5668089690392595,0.4331910309607405,0.0012166356,2.027726,0.9962033,1.994893073731248e-05,1.994893073731248e-05
30,Single stock,6,65,50128,65,0.0009375997446536866,0.000390873990145063,0.0016276447729667966,0.0014961698052984361,0.0005599871732738386,0.0026401105068185704,-25.837802290916446,-0.6083780229091644,0.0014762208745611235,0.0005163055324924336,0.002581489122263676,0.6190476417541504,0.01275545358657837,0.01716844599897341,0.01426343869676594,0.018907283223771408,0.9795649805198581,0.9759578962398388,0.9824879057715463,0.05940890312194824,0.06080192569001075,-0.05324584245681763,-0.05158325851839285,4966,-0.1556398570537567,-0.14792317263853672,0.0029923396105968722,-2.083178758621218,0.5658115225023939,0.5658314714331312,0.4341685285668688,0.0012261487,2.0435812,0.9914567,3.989786147462496e-05,1.994893073731248e-05
30,Single stock,6,70,50128,65,0.0012168847749760613,0.000466428218910527,0.0021136106603277544,0.002134535588892435,0.0008245858266774074,0.003635882092706763,-30.83780229091644,-0.6083780229091644,0.002134535588892435,0.000879105102623326,0.0035859582342003234,0.523809552192688,0.011945903301239014,0.01673386000605711,0.01426343869676594,0.018907283223771408,0.9690426357151462,0.9627518655561838,0.9748346129945196,0.05878251791000366,0.06080192569001075,-0.0557132363319397,-0.05158325851839285,4966,-0.15171504020690918,-0.14792317263853672,0.004149377593360996,-1.9719791412353471,0.5614626556016598,0.5614826045323971,0.43851739546760293,0.0012578934,2.096489,0.97752863,9.97446536865624e-05,3.989786147462496e-05
30,Single stock,6,75,50128,65,0.0014961698052984361,0.0006833937366415761,0.0024671796767649725,0.002533514203638685,0.0011024379491696337,0.00412002575143772,-35.83780229091644,-0.6083780229091644,0.002533514203638685,0.001283978945618121,0.004221787219285417,0.523809552192688,0.007920026779174805,0.01576064283695896,0.01426343869676594,0.018907283223771408,0.9202899627241723,0.909910281780862,0.9297479576066842,0.055435359477996826,0.06080192569001075,-0.05760318040847778,-0.05158325851839285,4966,-0.13482758402824402,-0.14792317263853672,0.005565751675710182,-1.7342984676361084,0.5382022023619534,0.5382022023619534,0.4617977976380466,0.0013704711,2.2841184,0.9261859,0.00023938716884774975,0.00013964251516118735
30,Single stock,6,80,50128,65,0.0015161187360357485,0.000698008874672406,0.002490677154331343,0.0026731567187998724,0.001209745408292658,0.004476838279390439,-28.67024421691895,-0.48670244216918945,0.0026731567187998724,0.0012516899698757084,0.004355239590003071,0.523809552192688,0.0027015209197998047,0.01345843723191836,0.01426343869676594,0.018907283223771408,0.7709070680486216,0.7575379863707979,0.7818716403820528,0.0422857403755188,0.06080192569001075,-0.04801303148269653,-0.05158325851839285,4966,-0.10964956879615784,-0.14792317263853672,0.006762687519948931,-1.494790911674504,0.5174154165336738,0.5174154165336738,0.4825845834663262,0.0013013113,2.1688523,0.7887427,0.0002792850303223747,0.00013964251516118735
30,Single stock,6,85,50128,65,0.001456271943823811,0.0006053343031581721,0.002479148721620214,0.0026133099265879347,0.0012214907859848096,0.004361807643706711,-21.502683162689205,-0.3650268316268921,0.0026133099265879347,0.0012254208474598398,0.004325024265839631,0.523809552192688,0.001582324504852295,0.010302274202838173,0.01426343869676594,0.018907283223771408,0.583426456322926,0.5713628791278155,0.5933214826397368,0.030679821968078613,0.06080192569001075,-0.036155760288238525,-0.05158325851839285,4966,-0.0823407769203186,-0.14792317263853672,0.008817427385892116,-1.266435384750364,0.5138246090009575,0.5138246090009575,0.48617539099904244,0.0010311969,1.7186617,0.6035655,0.0004388764762208746,0.00015959144589849984
30,Single stock,6,88,50128,65,0.0013166294286626238,0.0005954413830842238,0.0022457307755532384,0.0026332588573252476,0.0012128195786936585,0.004227400014349257,-17.20214533805847,-0.2920214533805847,0.0026332588573252476,0.001207399986636349,0.0042637128382523775,0.523809552192688,0.001249849796295166,0.008260336869532713,0.01426343869676594,0.018907283223771408,0.46684161305584765,0.45588524215544374,0.4758732001343884,0.02438938617706299,0.06080192569001075,-0.02886033058166504,-0.05158325851839285,4966,-0.06579357385635376,-0.14792317263853672,0.011171401212894989,-1.006725907325745,0.5135453239706351,0.5135652729013724,0.4864347270986275,0.0008292615,1.3821026,0.48536637,0.0006583147143313119,0.00015959144589849984
30,Single stock,6,90,50128,65,0.0011370890520268114,0.0005787940931157016,0.0018058345968979537,0.0026731567187998724,0.0012492418109752244,0.0044804523150523395,-14.335122108459474,-0.24335122108459473,0.0026731567187998724,0.001246375770849977,0.0044496497923206075,0.523809552192688,0.0010552406311035156,0.006893524466670438,0.01426343869676594,0.018907283223771408,0.38888759386873367,0.38015862999816474,0.3969333760668312,0.020292282104492188,0.06080192569001075,-0.02400869131088257,-0.05158325851839285,4966,-0.05467343330383301,-0.14792317263853672,0.013824609000957548,-0.8389347791671775,0.5140639961698052,0.5140639961698052,0.4859360038301947,0.000687567,1.1459451,0.40529868,0.0007780082987551867,0.00015959144589849984
30,Single stock,6,92,50128,65,0.0009375997446536866,0.0004573782632143636,0.0014823150715383383,0.002772901372486435,0.0012301200099727417,0.004458205583790348,-11.468098878860477,-0.19468098878860474,0.002772901372486435,0.0012815303540583732,0.004823026951301486,0.523809552192688,0.0008514523506164551,0.005505365100467772,0.01426343869676594,0.018907283223771408,0.3105468269891398,0.3024069920395578,0.31714054406567715,0.016193091869354248,0.06080192569001075,-0.019201457500457764,-0.05158325851839285,4966,-0.04372498393058777,-0.14792317263853672,0.018552505585700606,-0.6294829845428507,0.5139044047239067,0.5139243536546441,0.4860756463453559,0.00054303324,0.9050554,0.32451576,0.001077242259814874,0.00017954037663581233
30,Single stock,6,94,50128,65,0.0007780082987551867,0.0003514716343893295,0.0012517589320905273,0.00265320778806256,0.0012417554421552347,0.004385713891246011,-8.601069688796992,-0.14601069688796997,0.00265320778806256,0.0012623720899266153,0.004536146775202544,0.4761904776096344,0.0006742477416992188,0.0041261384156025755,0.01426343869676594,0.018907283223771408,0.2321556817948844,0.2265454920223719,0.23748987767926302,0.012092769145965576,0.06080192569001075,-0.014309406280517578,-0.05158325851839285,4966,-0.03267979621887207,-0.14792317263853672,0.028108043408873285,-0.5080165863037056,0.5148021066070858,0.5148021066070858,0.48519789339291414,0.00039725588,0.66209316,0.24319467,0.0016358123204596234,0.00017954037663581233
30,Single stock,6,95,50128,65,0.0006184168528566869,0.00023018682544794682,0.0010768135108094605,0.0026931056495371848,0.0012204042897918654,0.0043466397295762,-7.167561054229732,-0.12167561054229736,0.0026931056495371848,0.0012478488524640767,0.0047183862247755165,0.523809552192688,0.0005716681480407715,0.0034273938200666317,0.01426343869676594,0.018907283223771408,0.1928283537962725,0.1880553016125395,0.19757764612370832,0.010064899921417236,0.06080192569001075,-0.011889278888702393,-0.05158325851839285,4966,-0.02722877264022827,-0.14792317263853672,0.03951883179061602,-0.41731119155883345,0.5153008298755186,0.5153806255984679,0.4846193744015321,0.00032483283,0.54138803,0.20235732,0.00241382061921481,0.00017954037663581233
30,Single stock,6,96,50128,65,0.000538621129907437,0.00019213278146373858,0.0009654883095822253,0.0029324928183849346,0.0012579454136325892,0.005059477773175729,-5.7340464591979945,-0.09734046459197998,0.0029324928183849346,0.001266583888255436,0.004977316268343191,0.5714285969734192,0.0005002617835998535,0.0027260603059167648,0.01426343869676594,0.018907283223771408,0.15346201294051562,0.1496319497221082,0.15705689399099254,0.008009910583496094,0.06080192569001075,-0.00946962833404541,-0.05158325851839285,4966,-0.02171003818511963,-0.14792317263853672,0.06397622087456112,-0.28231954574584606,0.5160987871050112,0.5160987871050112,0.48390121289498883,0.00025317364,0.42195603,0.16143875,0.004149377593360996,0.0002194382381104373
30,Single stock,6,98,50128,65,0.0002992339610596872,6.607333788196437e-05,0.0005751249536032742,0.0033913182253431217,0.0016560460124422473,0.005444990785140756,-2.8670232295989972,-0.04867023229598999,0.003411267156080434,0.001589711737462505,0.005429929068566662,0.5714285969734192,0.0004360079765319824,0.0013490242165972012,0.01426343869676594,0.018907283223771408,0.0757001223824377,0.07389425201155846,0.07741128013724125,0.004055798053741455,0.06080192569001075,-0.0046425461769104,-0.05158325851839285,4966,-0.010830909013748169,-0.14792317263853672,0.4721712416214491,-0.1386981010436994,0.5277888605170763,0.5279285030322375,0.4720714969677625,0.000115281204,0.19213536,0.07975071,0.04175311203319502,0.00037902968400893713
30,Single stock,25,50,50128,65,0.0002992339610596872,2.0746974276593142e-05,0.0006487616883118059,0.0005585700606447494,7.810982150243138e-05,0.001164562422080384,-17.03490912914276,-0.6703490912914276,0.0005585700606447494,8.230776731572453e-05,0.0011685104841850857,0.6428571939468384,0.009179413318634033,0.013729962440932325,0.01426343869676594,0.018907283223771408,0.9370010320928499,0.9328543625601388,0.9409475443247655,0.055493175983428955,0.06080192569001075,-0.05633985996246338,-0.05158325851839285,4966,-0.1522381603717804,-0.14792317263853672,0.0011171401212894988,-1.3804078102111816,0.5479572294924993,0.5479572294924993,0.4520427705075008,0.005044713,2.0178852,0.9990079,1.994893073731248e-05,1.994893073731248e-05
30,Single stock,25,55,50128,65,0.00035908075327162467,7.729549688157986e-05,0.0007246191137639087,0.0006583147143313119,0.00010993312442240468,0.001272079793006572,-15.986566543579105,-0.609865665435791,0.0006782636450686243,0.0001350861624362073,0.0013735434482294968,0.6666666865348816,0.009166061878204346,0.01365653867721843,0.01426343869676594,0.018907283223771408,0.9363669798370983,0.9322778368261568,0.940122348245136,0.05545872449874878,0.06080192569001075,-0.056356847286224365,-0.05158325851839285,4966,-0.15276062488555908,-0.14792317263853672,0.0013764762208745612,-1.1168944835662886,0.54787743376955,0.54787743376955,0.45212256623045005,0.0050502,2.0200799,0.9980984,1.994893073731248e-05,1.994893073731248e-05
30,Single stock,25,60,50128,65,0.0005585700606447494,0.0001627371576242753,0.0010472455768268819,0.000997446536865624,0.0003190445243346289,0.0018359455313094071,-20.986566543579098,-0.609865665435791,0.000997446536865624,0.00030442790184515445,0.001790651039571874,0.6428571939468384,0.009119868278503418,0.013516535979516964,0.01426343869676594,0.018907283223771408,0.9351023643029136,0.9314769188921295,0.9383941929196797,0.05544036626815796,0.06080192569001075,-0.05641716718673706,-0.05158325851839285,4966,-0.1539059281349182,-0.14792317263853672,0.0021744334503670604,-1.2672162055969216,0.5476579955314396,0.5476579955314396,0.4523420044685605,0.005064731,2.0258925,0.9961031,1.994893073731248e-05,1.994893073731248e-05
30,Single stock,25,65,50128,65,0.0009375997446536866,0.00031870248134124293,0.0016620014338958183,0.001536067666773061,0.0006040258272050812,0.0026876127468167476,-25.986566543579105,-0.609865665435791,0.001536067666773061,0.000575482242508281,0.002696044985891776,0.5714285969734192,0.00889056921005249,0.013244267803980374,0.01426343869676594,0.018907283223771408,0.9316480534389959,0.9276759795167101,0.9350228184614136,0.055383145809173584,0.06080192569001075,-0.05691403150558472,-0.05158325851839285,4966,-0.15916520357131958,-0.14792317263853672,0.0031319821257580595,-2.2793376445770286,0.54654085541015,0.54654085541015,0.45345914458985,0.0051051024,2.0420408,0.991186,3.989786147462496e-05,1.994893073731248e-05
30,Single stock,25,70,50128,65,0.0013166294286626238,0.0004640416368823815,0.002254956058151082,0.0021145866581551227,0.0008514940237018204,0.003502038423203374,-30.986566543579098,-0.609865665435791,0.0021145866581551227,0.000890165385321998,0.003516351048025187,0.547619104385376,0.008036315441131592,0.012696634825263167,0.01426343869676594,0.018907283223771408,0.9200861560684146,0.9146138298680011,0.9249197818358353,0.054652631282806396,0.06080192569001075,-0.05970776081085205,-0.05158325851839285,4966,-0.15498676896095276,-0.14792317263853672,0.004348866900734121,-2.0552527904510454,0.541693265240983,0.541693265240983,0.4583067347590169,0.0052410183,2.0964072,0.9766319,9.97446536865624e-05,3.989786147462496e-05
30,Single stock,25,75,50128,65,0.0015560165975103733,0.0006999668370068872,0.002439613447127946,0.0026133099265879347,0.0012425671642956719,0.004250657410555589,-35.9865665435791,-0.609865665435791,0.0026133099265879347,0.001230668565927382,0.0044298620728860805,0.523809552192688,0.0032600760459899902,0.011316027701557386,0.01426343869676594,0.018907283223771408,0.8641844756082006,0.8545319705235277,0.872851941425024,0.05077660083770752,0.06080192569001075,-0.06165313720703125,-0.05158325851839285,4966,-0.13789516687393188,-0.14792317263853672,0.005805138844557932,-1.5949726104736328,0.5160788381742739,0.5160788381742739,0.48392116182572614,0.0057244836,2.2897933,0.9226139,0.0002792850303223747,0.00013964251516118735
30,Single stock,25,80,50128,65,0.001536067666773061,0.0007012676946624029,0.002508342902347892,0.0027330035110118096,0.0012744626498519067,0.0045015264992740245,-28.789250850677494,-0.4878925085067749,0.0027330035110118096,0.0012279935796853803,0.004519358062701312,0.523809552192688,-0.0013845562934875488,0.009229996829911082,0.01426343869676594,0.018907283223771408,0.7126400999193958,0.7004695411316124,0.7233165812408939,0.037399232387542725,0.06080192569001075,-0.051339030265808105,-0.05158325851839285,4966,-0.11215507984161377,-0.14792317263853672,0.007002074688796681,-1.5468406677246138,0.49068384934567505,0.49070379827641236,0.5092962017235876,0.0054006805,2.1602721,0.7829796,0.0002992339610596872,0.00015959144589849984
30,Single stock,25,85,50128,65,0.001456271943823811,0.0006456950575234559,0.002512773969466974,0.002772901372486435,0.0012566675842094603,0.004461857559846007,-21.591941118240353,-0.36591941118240356,0.002772901372486435,0.0013837146884263295,0.004556891587808338,0.523809552192688,-0.0014435946941375732,0.006950454582497977,0.01426343869676594,0.018907283223771408,0.5357461199832735,0.5234550559371988,0.5472262504759822,0.027010023593902588,0.06080192569001075,-0.038622140884399414,-0.05158325851839285,4966,-0.08423683047294617,-0.14792317263853672,0.009296201723587616,-1.178101301193235,0.4870930418129588,0.48713293967443344,0.5128670603255665,0.0042670723,1.7068291,0.59830093,0.0004388764762208746,0.00015959144589849984
30,Single stock,25,88,50128,65,0.0013365783593999362,0.0006306966195357511,0.0022539484959636417,0.002772901372486435,0.0013740650213493535,0.0045158275709771874,-17.27355170249939,-0.2927355170249939,0.002772901372486435,0.0013410658869092889,0.00441030145334598,0.523809552192688,-0.0011394023895263672,0.005561951300538922,0.01426343869676594,0.018907283223771408,0.42811948867405464,0.41757201279628803,0.437898030225176,0.02148967981338501,0.06080192569001075,-0.03081536293029785,-0.05158325851839285,4966,-0.06716755032539368,-0.14792317263853672,0.011530481966166614,-0.9424810409545903,0.48681375678263644,0.48683370571337375,0.5131662942866262,0.0034291372,1.3716549,0.48091343,0.0006782636450686243,0.00017954037663581233
30,Single stock,25,90,50128,65,0.0011570379827641239,0.0006006846236300083,0.001867676095643335,0.0027928503032237473,0.0013398815323522996,0.004687449425450751,-14.394625425338747,-0.24394625425338745,0.002772901372486435,0.0014291754528928207,0.004630997756642624,0.523809552192688,-0.0009126365184783936,0.004656041958367828,0.01426343869676594,0.018907283223771408,0.35664647580011677,0.3475165038423054,0.3645851514965569,0.01791524887084961,0.06080192569001075,-0.025583922863006592,-0.05158325851839285,4966,-0.055871009826660156,-0.14792317263853672,0.014542770507500798,-0.7488483190536521,0.48723268432812,0.4872526332588573,0.5127473667411426,0.0028424046,1.1369617,0.4015141,0.0007979572294924992,0.00017954037663581233
30,Single stock,25,92,50128,65,0.0009375997446536866,0.0004490382503688896,0.00153345115887071,0.0028925949569103097,0.0013154622324775427,0.0047384921602150526,-11.515699148178104,-0.195156991481781,0.0028726460261729973,0.0013131610918492244,0.004725988132631327,0.523809552192688,-0.0006799399852752686,0.0037430853158130916,0.01426343869676594,0.018907283223771408,0.2850882080748641,0.27737761553351076,0.2920338904167919,0.014333844184875488,0.06080192569001075,-0.020445048809051514,-0.05158325851839285,4966,-0.04464206099510193,-0.14792317263853672,0.01937041174593042,-0.6288750171661417,0.4881503351420364,0.488190233003511,0.511809766996489,0.002244504,0.89780146,0.32146585,0.0011171401212894988,0.00017954037663581233
30,Single stock,25,94,50128,65,0.0007979572294924992,0.00037449632405044635,0.001306887532318257,0.0028127992339610597,0.0013800187020855017,0.004414646309332338,-8.63677287101745,-0.14636772871017456,0.0027928503032237473,0.0014357561076636148,0.004558638741203708,0.4761904776096344,-0.0004406571388244629,0.002834346506862339,0.01426343869676594,0.018907283223771408,0.213442686997701,0.20755941427612465,0.21847482014446523,0.010746121406555176,0.06080192569001075,-0.015229880809783936,-0.05158325851839285,4966,-0.033336907625198364,-0.14792317263853672,0.029743855729332906,-0.4778327941894478,0.4904644111075646,0.49050430896903924,0.5094956910309607,0.0016423105,0.6569243,0.24092662,0.0016956591126715609,0.00017954037663581233
30,Single stock,25,95,50128,65,0.0006583147143313119,0.00027546546445382834,0.0011112337628820578,0.002912543887647622,0.0012657426674918778,0.004691024033702452,-7.197315692901607,-0.12197315692901611,0.0028925949569103097,0.001336231826761504,0.004655308103537275,0.523809552192688,-0.00032648444175720215,0.0023713791121642807,0.01426343869676594,0.018907283223771408,0.17752493597029073,0.17250414715056417,0.18213692142406993,0.008948445320129395,0.06080192569001075,-0.012628793716430664,-0.05158325851839285,4966,-0.027740508317947388,-0.14792317263853672,0.04135413341844877,-0.3885996341705278,0.4907237472071497,0.4907636450686243,0.5092363549313756,0.0013431106,0.5372442,0.2004991,0.002533514203638685,0.0001994893073731248
30,Single stock,25,96,50128,65,0.000538621129907437,0.0001791999850841544,0.0009748906581063413,0.0031319821257580595,0.0015583464737128913,0.00505759605079256,-5.7578525543212855,-0.09757852554321289,0.0031120331950207467,0.0013208290948909691,0.005322460175780612,0.523809552192688,-0.00021344423294067383,0.0019047797984240574,0.01426343869676594,0.018907283223771408,0.1415933398655867,0.1375430545439627,0.1450744620054554,0.007138729095458984,0.06080192569001075,-0.010046660900115967,-0.05158325851839285,4966,-0.022112280130386353,-0.14792317263853672,0.06728774337695499,-0.21409606933593395,0.4929380785189914,0.49301787424194066,0.5069821257580593,0.0010471776,0.41887105,0.16001254,0.004308969039259496,0.0002194382381104373
30,Single stock,25,98,50128,65,0.0002792850303223747,6.734840059890975e-05,0.000569995956610245,0.0036307053941908715,0.0017598538473588313,0.006067398991000124,-2.8789262771606428,-0.048789262771606445,0.003610756463453559,0.0017438355863706387,0.005901746904565409,0.6190476417541504,0.00010591745376586914,0.0009732537311637055,0.01426343869676594,0.018907283223771408,0.07039107287849003,0.06869066549067392,0.07207336082195899,0.0036967992782592773,0.06080192569001075,-0.004919826984405518,-0.05158325851839285,4966,-0.011043637990951538,-0.14792317263853672,0.4928981806575168,-0.1348059177398664,0.5070419725502713,0.5071816150654325,0.49281838493456753,0.00047757867,0.19103147,0.0791798,0.04350861793807852,0.00041892754548356206
30,Basket,6,50,5420,50,0.0,0.0,0.0,0.0,0.0,0.0,3.0042946338653564,-0.46995705366134644,0.0,0.0,0.0,,0.017820894718170166,0.018885822632655886,0.01904338638249825,0.020208442073292854,0.9800540518797148,0.9777983795906725,0.9820243586179961,0.04921841621398926,0.05053033788166994,-0.03978759050369263,-0.03863430629826309,319,-0.13740134239196777,-0.1359427456580954,0.0,,0.6142066420664206,0.6143911439114391,0.3856088560885609,0.0012125071,2.0208452,0.9997502,0.0,0.0
30,Basket,6,55,5420,50,0.0,0.0,0.0,0.0,0.0,0.0,1.945252418518062,-0.43054747581481934,0.0,0.0,0.0,,0.017814934253692627,0.018776071104616255,0.01904338638249825,0.020208442073292854,0.9797460645971161,0.9775873040293311,0.9814806544865,0.04921841621398926,0.05053033788166994,-0.03988000750541687,-0.03863430629826309,319,-0.13745719194412231,-0.1359427456580954,0.00018450184501845018,,0.6140221402214022,0.6142066420664206,0.38579335793357933,0.0012133332,2.022222,0.99927497,0.0,0.0
30,Basket,6,60,5420,50,0.0,0.0,0.0,0.0,0.0,0.0,1.261945962905886,-0.38738054037094116,0.0,0.0,0.0,,0.017814934253692627,0.01863280117951636,0.01904338638249825,0.020208442073292854,0.9780412348735794,0.973833042688959,0.9809978648309723,0.04921841621398926,0.05053033788166994,-0.03988000750541687,-0.03863430629826309,319,-0.13827478885650635,-0.1359427456580954,0.0005535055350553505,,0.6140221402214022,0.6142066420664206,0.38579335793357933,0.0012150549,2.0250916,0.99834406,0.0,0.0
30,Basket,6,65,5420,50,0.0,0.0,0.0,0.0,0.0,0.0,0.4778003692626931,-0.34522199630737305,0.0,0.0,0.0,,0.017814934253692627,0.01847920491466663,0.01904338638249825,0.020208442073292854,0.9767532312189756,0.971842179143368,0.9803242218997414,0.04921841621398926,0.05053033788166994,-0.04010879993438721,-0.03863430629826309,319,-0.14074045419692993,-0.1359427456580954,0.0005535055350553505,,0.6136531365313653,0.6138376383763837,0.3861623616236162,0.0012197852,2.0329754,0.9961143,0.0,0.0
30,Basket,6,70,5420,50,0.0,0.0,0.0,0.0,0.0,0.0,0.29701471328735796,-0.29702985286712646,0.0,0.0,0.0,,0.017375409603118896,0.01812598500744443,0.01904338638249825,0.020208442073292854,0.9711517264505855,0.9634768381782898,0.9762974513998478,0.049008846282958984,0.05053033788166994,-0.041550397872924805,-0.03863430629826309,319,-0.13888156414031982,-0.1359427456580954,0.0012915129151291514,,0.6099630996309963,0.6101476014760148,0.38985239852398523,0.0012420317,2.0700526,0.9880433,0.0,0.0
30,Basket,6,75,5420,50,0.0,0.0,0.0,0.0,0.0,0.0,0.17399191856384277,-0.24826008081436157,0.0,0.0,0.0,,0.014458715915679932,0.017346502966986373,0.01904338638249825,0.020208442073292854,0.9330609766823285,0.9224992318053694,0.942216698349577,0.04702126979827881,0.05053033788166994,-0.04398009181022644,-0.03863430629826309,319,-0.12396210432052612,-0.1359427456580954,0.0018450184501845018,,0.5913284132841329,0.5913284132841329,0.4086715867158672,0.0013393805,2.2323008,0.94729894,0.0,0.0
30,Basket,6,80,5420,50,0.0,0.0,0.0,0.0,0.0,0.0,0.30587434768676314,-0.19694125652313232,0.0,0.0,0.0,,0.009376466274261475,0.015017876919785109,0.01904338638249825,0.020208442073292854,0.7861012781063734,0.7710530866891422,0.7978880564604542,0.03631412982940674,0.05053033788166994,-0.03654903173446655,-0.03863430629826309,319,-0.09925073385238647,-0.1359427456580954,0.0023985239852398524,,0.5736162361623616,0.5736162361623616,0.4263837638376384,0.0012529946,2.0883243,0.8047241,0.0,0.0
30,Basket,6,85,5420,50,0.0,0.0,0.0,0.0,0.0,0.0,0.2328598499298118,-0.1476714015007019,0.0,0.0,0.0,,0.0069008469581604,0.011519174360261192,0.01904338638249825,0.020208442073292854,0.5956298202298531,0.578748589617872,0.6062835386208535,0.027002334594726562,0.05053033788166994,-0.02746361494064331,-0.03863430629826309,319,-0.07450276613235474,-0.1359427456580954,0.004059040590405904,,0.5734317343173432,0.5734317343173432,0.4265682656826568,0.0009665688,1.6109481,0.6111794,0.0,0.0
30,Basket,6,88,5420,50,0.0,0.0,0.0,0.0,0.0,0.0,0.3502304553985591,-0.1164976954460144,0.0,0.0,0.0,,0.005546927452087402,0.009253759104827234,0.01904338638249825,0.020208442073292854,0.4770002251755,0.4637346497924777,0.48851304186043754,0.021532893180847168,0.05053033788166994,-0.021900206804275513,-0.03863430629826309,319,-0.059558212757110596,-0.1359427456580954,0.0051660516605166054,,0.5734317343173432,0.5734317343173432,0.4265682656826568,0.0007691607,1.2819345,0.49001157,0.0,0.0
30,Basket,6,90,5420,50,0.0,0.0,0.0,0.0,0.0,0.0,0.27170538902282493,-0.09728294610977173,0.0,0.0,0.0,,0.00468522310256958,0.0077344729341704025,0.01904338638249825,0.020208442073292854,0.39773193599056716,0.3853621006604947,0.40807945203150015,0.0179174542427063,0.05053033788166994,-0.01819479465484619,-0.03863430629826309,319,-0.049555301666259766,-0.1359427456580954,0.006457564575645757,,0.5730627306273063,0.5732472324723247,0.42675276752767527,0.00063406694,1.0567783,0.4084344,0.0,0.0
30,Basket,6,92,5420,50,0.0,0.0,0.0,0.0,0.0,0.0,0.20841526985168057,-0.07791584730148315,0.0,0.0,0.0,,0.003735065460205078,0.006191735909873709,0.01904338638249825,0.020208442073292854,0.3177705005856184,0.30774342325071696,0.3276179818352342,0.014255702495574951,0.05053033788166994,-0.01449248194694519,-0.03863430629826309,319,-0.03956961631774902,-0.1359427456580954,0.007011070110701107,,0.5738007380073801,0.5738007380073801,0.4261992619926199,0.0004987042,0.8311737,0.32650965,0.00018450184501845018,0.0
30,Basket,6,94,5420,50,0.0,0.0,0.0,0.0,0.0,0.0,0.18477416038513717,-0.05815225839614868,0.0,0.0,0.0,,0.002823352813720703,0.0046489736360817374,0.01904338638249825,0.020208442073292854,0.23777954958666855,0.22977344770540653,0.24603871841285857,0.010631322860717773,0.05053033788166994,-0.010793060064315796,-0.03863430629826309,319,-0.029501378536224365,-0.1359427456580954,0.011992619926199263,,0.5754612546125462,0.5754612546125462,0.4245387453874539,0.0003641571,0.6069285,0.24425784,0.0005535055350553505,0.0
30,Basket,6,95,5420,50,0.0,0.0,0.0,0.0,0.0,0.0,0.13113498687744585,-0.048688650131225586,0.0,0.0,0.0,,0.002337515354156494,0.0038657851434721717,0.01904338638249825,0.020208442073292854,0.197403666785183,0.19116431902354533,0.2040062919829499,0.008921504020690918,0.05053033788166994,-0.008992940187454224,-0.03863430629826309,319,-0.024585723876953125,-0.1359427456580954,0.017712177121771217,,0.5754612546125462,0.5754612546125462,0.4245387453874539,0.00029753093,0.49588493,0.20301703,0.001107011070110701,0.0
30,Basket,6,96,5420,50,0.0,0.0,0.0,0.0,0.0,0.0,0.09115719795227406,-0.039088428020477295,0.0,0.0,0.0,,0.00190657377243042,0.003080342242638563,0.01904338638249825,0.020208442073292854,0.1572142459292392,0.15136970423875135,0.16197841982913244,0.0070577263832092285,0.05053033788166994,-0.007149249315261841,-0.03863430629826309,319,-0.0196685791015625,-0.1359427456580954,0.02841328413284133,,0.5771217712177121,0.5771217712177121,0.4228782287822878,0.00023226604,0.38711008,0.161775,0.0018450184501845018,0.0
30,Basket,6,98,5420,50,0.0,0.0,0.0,0.00018450184501845018,0.0,0.0006414677360578183,-0.08342075347900213,-0.02083420753479004,0.00018450184501845018,0.0,0.0005763966127927264,0.9523809552192688,0.0010921955108642578,0.001486222396477562,0.01904338638249825,0.020208442073292854,0.07700024721205245,0.07499362084974796,0.07873353110647244,0.0036017894744873047,0.05053033788166994,-0.003545105457305908,-0.03863430629826309,319,-0.009869158267974854,-0.1359427456580954,0.4118081180811808,-0.08342075347900213,0.5876383763837638,0.5881918819188192,0.4118081180811808,0.00010723323,0.17872204,0.07973168,0.01937269372693727,0.0
30,Basket,25,50,5420,50,0.0,0.0,0.0,0.0,0.0,0.0,2.864658832550049,-0.4713534116744995,0.0,0.0,0.0,,0.013954579830169678,0.01500971646106551,0.01904338638249825,0.020208442073292854,0.9187420301722684,0.909755119933464,0.9263693246630849,0.04523277282714844,0.05053033788166994,-0.043435126543045044,-0.03863430629826309,319,-0.1406780481338501,-0.1359427456580954,0.0,,0.5898523985239852,0.5900369003690037,0.4099630996309963,0.005047326,2.0189302,0.99973947,0.0,0.0
30,Basket,25,55,5420,50,0.0,0.0,0.0,0.0,0.0,0.0,1.8438172340393022,-0.43156182765960693,0.0,0.0,0.0,,0.013948559761047363,0.014896729984406616,0.01904338638249825,0.020208442073292854,0.9184281511186976,0.909146992262784,0.9263764192478415,0.04523277282714844,0.05053033788166994,-0.04352721571922302,-0.03863430629826309,319,-0.1407337188720703,-0.1359427456580954,0.00036900369003690036,,0.5896678966789668,0.5898523985239852,0.41014760147601476,0.0050506964,2.0202787,0.99925315,0.0,0.0
30,Basket,25,60,5420,50,0.0,0.0,0.0,0.0,0.0,0.0,1.1605942249298118,-0.3883940577507019,0.0,0.0,0.0,,0.013948559761047363,0.01474465850974361,0.01904338638249825,0.020208442073292854,0.9166109246364774,0.9064599110152023,0.924175913573829,0.04523277282714844,0.05053033788166994,-0.04352721571922302,-0.03863430629826309,319,-0.14154821634292603,-0.1359427456580954,0.0005535055350553505,,0.5896678966789668,0.5898523985239852,0.41014760147601476,0.005057819,2.0231276,0.99828744,0.0,0.0
30,Basket,25,65,5420,50,0.0,0.0,0.0,0.0,0.0,0.0,0.43062925338744895,-0.3456937074661255,0.0,0.0,0.0,,0.013948559761047363,0.01457820906410358,0.01904338638249825,0.020208442073292854,0.9153343501718251,0.9063969588841126,0.9231949778565147,0.04523277282714844,0.05053033788166994,-0.04384377598762512,-0.03863430629826309,319,-0.14430999755859375,-0.1359427456580954,0.0007380073800738007,,0.5892988929889299,0.5894833948339483,0.41051660516605165,0.0050781043,2.0312414,0.99598384,0.0,0.0
30,Basket,25,70,5420,50,0.0,0.0,0.0,0.0,0.0,0.0,0.2179193496704146,-0.2978208065032959,0.0,0.0,0.0,,0.013430178165435791,0.014135563593509013,0.01904338638249825,0.020208442073292854,0.9089154586643636,0.8984239367261218,0.9170068122987385,0.045023977756500244,0.05053033788166994,-0.04535806179046631,-0.03863430629826309,319,-0.14214420318603516,-0.1359427456580954,0.0016605166051660517,,0.5854243542435424,0.5856088560885608,0.4143911439114391,0.0051742992,2.0697198,0.9874864,0.0,0.0
30,Basket,25,75,5420,50,0.0,0.0,0.0,0.0,0.0,0.0,0.14353394508361816,-0.24856466054916382,0.0,0.0,0.0,,0.010072708129882812,0.013004097804372162,0.01904338638249825,0.020208442073292854,0.8638231842948927,0.8506199875256215,0.8738635217122678,0.04256701469421387,0.05053033788166994,-0.048358023166656494,-0.03863430629826309,319,-0.12667590379714966,-0.1359427456580954,0.0018450184501845018,,0.5603321033210332,0.5603321033210332,0.4396678966789668,0.0055959355,2.2383742,0.94400615,0.0,0.0
30,Basket,25,80,5420,50,0.0,0.0,0.0,0.0,0.0,0.0,0.2599728107452348,-0.1974002718925476,0.0,0.0,0.0,,0.005466938018798828,0.010943432696631034,0.01904338638249825,0.020208442073292854,0.7162153895738229,0.6965155909310285,0.7313235022827997,0.03203868865966797,0.05053033788166994,-0.039732784032821655,-0.03863430629826309,319,-0.10179781913757324,-0.1359427456580954,0.0027675276752767526,,0.5398523985239853,0.5398523985239853,0.46014760147601474,0.005198031,2.0792124,0.79900414,0.0,0.0
30,Basket,25,85,5420,50,0.0,0.0,0.0,0.0,0.0,0.0,0.13145446777343972,-0.14868545532226562,0.0,0.0,0.0,,0.004121065139770508,0.008370686963035612,0.01904338638249825,0.020208442073292854,0.540592675384961,0.5223275492046441,0.5549231311899121,0.023757636547088623,0.05053033788166994,-0.029750078916549683,-0.03863430629826309,319,-0.07633727788925171,-0.1359427456580954,0.004059040590405904,,0.5404059040590405,0.5404059040590405,0.4595940959409594,0.0040006447,1.600258,0.6061644,0.0,0.0
30,Basket,25,88,5420,50,0.0,0.0,0.0,0.0,0.0,0.0,0.3068799972534175,-0.11693120002746582,0.0,0.0,0.0,,0.0032563209533691406,0.006743853998360159,0.01904338638249825,0.020208442073292854,0.432900293221103,0.41727375749163337,0.4456934426455312,0.0189286470413208,0.05053033788166994,-0.02376052737236023,-0.03863430629826309,319,-0.06111288070678711,-0.1359427456580954,0.005350553505535056,,0.5402214022140222,0.5402214022140222,0.45977859778597785,0.00318235,1.2729398,0.48584625,0.0,0.0
30,Basket,25,90,5420,50,0.0,0.0,0.0,0.0,0.0,0.0,0.2506887912750222,-0.09749311208724976,0.0,0.0,0.0,,0.002772808074951172,0.005664663341212537,0.01904338638249825,0.020208442073292854,0.3613555379512818,0.34640547674220484,0.3734666248477301,0.015799105167388916,0.05053033788166994,-0.01980838179588318,-0.03863430629826309,319,-0.05080461502075195,-0.1359427456580954,0.006826568265682657,,0.5413284132841328,0.5413284132841328,0.45867158671586716,0.0026227792,1.0491116,0.40491894,0.0,0.0
30,Basket,25,92,5420,50,0.0,0.0,0.0,0.0,0.0,0.0,0.1837925910949667,-0.07816207408905029,0.0,0.0,0.0,,0.0022141337394714355,0.0045601383896331504,0.01904338638249825,0.020208442073292854,0.2890472708271506,0.27695608100087515,0.3000179238842259,0.012535333633422852,0.05053033788166994,-0.01573336124420166,-0.03863430629826309,319,-0.04070234298706055,-0.1359427456580954,0.0075645756457564575,,0.5413284132841328,0.5413284132841328,0.45867158671586716,0.0020631761,0.8252705,0.32366407,0.00036900369003690036,0.0
30,Basket,25,94,5420,50,0.0,0.0,0.0,0.0,0.0,0.0,0.16169524192810592,-0.058383047580718994,0.0,0.0,0.0,,0.0017833709716796875,0.003462884083005335,0.01904338638249825,0.020208442073292854,0.21688262492086516,0.20850711210813289,0.2246733507293539,0.00941324234008789,0.05053033788166994,-0.011760562658309937,-0.03863430629826309,319,-0.030159831047058105,-0.1359427456580954,0.012730627306273062,,0.5450184501845018,0.5450184501845018,0.45498154981549815,0.0015060629,0.6024252,0.2421771,0.0009225092250922509,0.0
30,Basket,25,95,5420,50,0.0,0.0,0.0,0.0,0.0,0.0,0.11838555335998979,-0.048816144466400146,0.0,0.0,0.0,,0.0014742612838745117,0.0028881829823075187,0.01904338638249825,0.020208442073292854,0.1801922405053888,0.17377493260716237,0.18660706768832602,0.00789487361907959,0.05053033788166994,-0.009792745113372803,-0.03863430629826309,319,-0.025151491165161133,-0.1359427456580954,0.018265682656826567,,0.5455719557195572,0.5455719557195572,0.4544280442804428,0.0012325988,0.49303946,0.20137082,0.001107011070110701,0.0
30,Basket,25,96,5420,50,0.0,0.0,0.0,0.0,0.0,0.0,0.0822522640228307,-0.03917747735977173,0.0,0.0,0.0,,0.001200258731842041,0.002321940407541845,0.01904338638249825,0.020208442073292854,0.14382763376953378,0.13849813129993604,0.14954777119821103,0.006297886371612549,0.05053033788166994,-0.0077522993087768555,-0.03863430629826309,319,-0.020077228546142578,-0.1359427456580954,0.03044280442804428,,0.5481549815498155,0.548339483394834,0.45166051660516604,0.00096205814,0.38482323,0.16051534,0.002029520295202952,0.0
30,Basket,25,98,5420,50,0.0,0.0,0.0,0.00036900369003690036,0.0,0.0009242546407432515,-0.0009636878967267393,-0.020009636878967285,0.00036900369003690036,0.0,0.0009544628654180031,0.8095238208770752,0.0007662773132324219,0.0011390882994416014,0.01904338638249825,0.020208442073292854,0.07104575272562969,0.06893658359446324,0.07294792610640957,0.003260016441345215,0.05053033788166994,-0.0038220882415771484,-0.03863430629826309,319,-0.010087788105010986,-0.1359427456580954,0.4378228782287823,-0.0008236169815045713,0.5619926199261993,0.5621771217712177,0.4378228782287823,0.00044468645,0.17787458,0.079257764,0.02029520295202952,0.0
90,All equity (ex-basket),6,50,80285,99,0.0006850594756181104,0.00023235481850415092,0.0012934959927491424,0.001569408980506944,0.00044475115688103763,0.00298647169477936,-17.140650749206543,-0.6714065074920654,0.001569408980506944,0.0005286895832127475,0.0030121051733505585,0.6190476417541504,0.03370928764343262,0.04382826818574698,0.03503192123776677,0.04579353642579995,0.9870740538406187,0.9833712989928892,0.9895161158735155,0.08973813056945801,0.09115927544133995,-0.07429486513137817,-0.07301621189234431,11441,-0.1730923056602478,-0.17114723866876158,0.0035498536463847543,-0.43777525424957275,0.6211745656100143,0.6211745656100143,0.37882543438998567,0.0012370624,2.0617707,0.99613446,3.736688048826057e-05,1.245562682942019e-05
90,All equity (ex-basket),6,55,80285,99,0.0008345269975711528,0.0003261629278938205,0.0014381389107727836,0.0019430777853895497,0.0006962483727885802,0.0035702134683182796,-15.837802290916446,-0.6083780229091644,0.0019430777853895497,0.0006096782535459635,0.003501858569686652,0.6111111640930176,0.03360617160797119,0.04351776433947256,0.03503192123776677,0.04579353642579995,0.9856520431044855,0.9812051849069248,0.9886969253544883,0.08962893486022949,0.09115927544133995,-0.07470512390136719,-0.07301621189234431,11441,-0.17539936304092407,-0.17114723866876158,0.005131718253721118,-0.5119460821151778,0.6207759855514728,0.6207759855514728,0.3792240144485271,0.0012468594,2.078099,0.9929785,4.982250731768076e-05,1.245562682942019e-05
90,All equity (ex-basket),6,60,80285,99,0.001170828921965498,0.0004156313621279402,0.00205165299813731,0.002366569097589836,0.0008317229386333445,0.004506373082596063,-20.83780229091644,-0.6083780229091644,0.002366569097589836,0.0007836143858665015,0.004412261139702582,0.5396825671195984,0.03334999084472656,0.04304665440253038,0.03503192123776677,0.04579353642579995,0.9823138597947191,0.9768100838985038,0.986062148975832,0.08943891525268555,0.09115927544133995,-0.07565253973007202,-0.07301621189234431,11441,-0.183458149433136,-0.17114723866876158,0.00721180793423429,-0.98238945007324,0.6195927010026779,0.6195927010026779,0.38040729899732206,0.0012653236,2.1088727,0.9874712,9.964501463536153e-05,1.245562682942019e-05
90,All equity (ex-basket),6,65,80285,99,0.0017188765024599862,0.0006339830839608858,0.003070323109143727,0.0032260073488198293,0.0013294958028829769,0.005783594712303054,-25.837802290916446,-0.6083780229091644,0.0032260073488198293,0.0012826804416156909,0.005734240329616517,0.5396825671195984,0.03255116939544678,0.04231123320896153,0.03503192123776677,0.04579353642579995,0.9737606604712963,0.9664925784536025,0.9802472682116007,0.08876216411590576,0.09115927544133995,-0.07878994941711426,-0.07301621189234431,11441,-0.19168084859848022,-0.17114723866876158,0.010001868344024414,-1.0951066017150901,0.6162421373855639,0.6162421373855639,0.38375786261443606,0.0013052821,2.17547,0.9771967,0.00022420128292956342,1.245562682942019e-05
90,All equity (ex-basket),6,70,80285,99,0.0020800896805131717,0.0007828438177015929,0.0036883585920456344,0.004122812480538083,0.0017851441232369899,0.007179805289091275,-30.83780229091644,-0.6083780229091644,0.004122812480538083,0.0018760809358590088,0.007161817249881637,0.5079365372657776,0.030013203620910645,0.04107675876468652,0.03503192123776677,0.04579353642579995,0.9520544975649131,0.9409825885199036,0.9621822084164801,0.08684957027435303,0.09115927544133995,-0.08803105354309082,-0.07301621189234431,11441,-0.18197405338287354,-0.17114723866876158,0.01312823067820888,-1.0551941394805864,0.6059039671171452,0.6059039671171452,0.39409603288285483,0.0013993696,2.3322825,0.9554863,0.00032384629756492493,2.491125365884038e-05
90,All equity (ex-basket),6,75,80285,99,0.0023790247244192563,0.0009939264261169384,0.004103746073923264,0.004807871956156193,0.0022146355435481487,0.007835022128056509,-35.83780229091644,-0.6083780229091644,0.004820327582985614,0.0022236483218648164,0.00851362900709639,0.4920634925365448,0.023018717765808105,0.0388489922487833,0.03503192123776677,0.04579353642579995,0.893195606625662,0.8788673397810083,0.9083155198279717,0.08096504211425781,0.09115927544133995,-0.0864572525024414,-0.07301621189234431,11441,-0.1595821976661682,-0.17114723866876158,0.01693965248801146,-0.9536474943161011,0.5764837765460546,0.5764837765460546,0.4235162234539453,0.0016231695,2.7052827,0.90160465,0.0004857694463473874,8.718938780594134e-05
90,All equity (ex-basket),6,80,80285,99,0.002354113470760416,0.0008936868499898557,0.0041898304915091,0.005131718253721118,0.002176251912468286,0.008430047036748836,-28.67024421691895,-0.48670244216918945,0.005144173880550539,0.002362583115793144,0.008345560331676431,0.4920634925365448,0.011646866798400879,0.034186567417999324,0.03503192123776677,0.04579353642579995,0.7648312986143426,0.7474954279574478,0.779918255560186,0.06253182888031006,0.09115927544133995,-0.07257264852523804,-0.07301621189234431,11441,-0.12967342138290405,-0.17114723866876158,0.02088808619293766,-0.746591687202458,0.5492059537896244,0.5492059537896244,0.45079404621037555,0.0016764884,2.7941475,0.7810483,0.0006850594756181104,8.718938780594134e-05
90,All equity (ex-basket),6,85,80285,99,0.0023167465902721555,0.0009215514256665346,0.0042379859507078455,0.005492931431774304,0.0026443934254284426,0.008972071792810626,-21.502683162689205,-0.3650268316268921,0.0055178426854331445,0.0025845562387211483,0.00917375666135365,0.5396825671195984,0.007304072380065918,0.027072488010660933,0.03503192123776677,0.04579353642579995,0.5921950473859442,0.5736650753002563,0.6075703634064512,0.04339718818664551,0.09115927544133995,-0.05503380298614502,-0.07301621189234431,11441,-0.09744477272033691,-0.17114723866876158,0.027140810861306597,-0.4911696910858132,0.5427663947188143,0.5427663947188143,0.4572336052811858,0.0014204321,2.3673868,0.6092481,0.0009590832658653547,9.964501463536153e-05
90,All equity (ex-basket),6,88,80285,99,0.002017811546366071,0.0007805044602295782,0.0034983562339286753,0.005555209565921405,0.0026455868851374266,0.009007770450969978,-17.20214533805847,-0.2920214533805847,0.005580120819580246,0.0026205846593116327,0.009401275117855514,0.5396825671195984,0.005674004554748535,0.022136654800070085,0.03503192123776677,0.04579353642579995,0.47923247565435745,0.4622785515631825,0.4929204095894333,0.0342487096786499,0.09115927544133995,-0.043986380100250244,-0.07301621189234431,11441,-0.07801926136016846,-0.17114723866876158,0.03328143488821075,-0.4025911092758183,0.5414585539017251,0.5414585539017251,0.4585414460982749,0.0011701835,1.9503059,0.49443808,0.0013327520707479604,9.964501463536153e-05
90,All equity (ex-basket),6,90,80285,99,0.001768699009777667,0.0007481755027421427,0.0030548608997287723,0.005704677087874447,0.002842178281698611,0.009284055498111263,-14.335122108459474,-0.24335122108459473,0.005742043968362708,0.002902403134210184,0.009385132951721865,0.5396825671195984,0.004705309867858887,0.018658125078335877,0.03503192123776677,0.04579353642579995,0.40158923454045137,0.38614428758656666,0.41456427147869185,0.028469085693359375,0.09115927544133995,-0.036552608013153076,-0.07301621189234431,11441,-0.06491982936859131,-0.17114723866876158,0.03958398206389736,-0.334327816963198,0.5413215420066014,0.5413339976334309,0.45866600236656907,0.0009794107,1.6323513,0.41511214,0.001818521517095348,9.964501463536153e-05
90,All equity (ex-basket),6,92,80285,99,0.001494675219530423,0.0005466502739586281,0.0027374270429413672,0.0058416889829980695,0.002732883242772313,0.009743786217351903,-11.468098878860477,-0.19468098878860474,0.0058790558634863295,0.002825826445711953,0.009464629802688682,0.5555555820465088,0.0037354230880737305,0.015026532790725746,0.03503192123776677,0.04579353642579995,0.3220641279326346,0.3081860434666571,0.3335712404775457,0.022603154182434082,0.09115927544133995,-0.029199421405792236,-0.07301621189234431,11441,-0.05181854963302612,-0.17114723866876158,0.04968549542255714,-0.2558572292327921,0.5413339976334309,0.5413464532602603,0.4586535467397397,0.0007761577,1.2935963,0.33402702,0.002690415395154761,0.00011210064146478171
90,All equity (ex-basket),6,94,80285,99,0.0012829295634302796,0.0005017063346223902,0.0023151150038836247,0.006078345892757053,0.002751240301603692,0.009810872656664376,-8.601069688796992,-0.14601069688796997,0.006115712773245314,0.0027015399162577764,0.009984879690591357,0.5714285969734192,0.00278627872467041,0.011345771475331813,0.03503192123776677,0.04579353642579995,0.2418475136546011,0.2308969263394752,0.2508364856505587,0.01696193218231201,0.09115927544133995,-0.021758735179901123,-0.07301621189234431,11441,-0.03864610195159912,-0.17114723866876158,0.06951485333499409,-0.13986551761626664,0.5417948558261194,0.5418446783334371,0.45815532166656286,0.0005650974,0.9418289,0.251501,0.005343463909821261,0.00011210064146478171
90,All equity (ex-basket),6,95,80285,99,0.0010089057731830354,0.0003381731864530646,0.0017967444241622668,0.006377280936663138,0.0031719468162799713,0.010375044280992398,-7.167561054229732,-0.12167561054229736,0.0064146478171513985,0.0032154863762809305,0.010499953361274206,0.5555555820465088,0.002390742301940918,0.009479160865499317,0.03503192123776677,0.04579353642579995,0.20142990940049127,0.1926297682608386,0.21018158777384124,0.014059782028198242,0.09115927544133995,-0.018057525157928467,-0.07301621189234431,11441,-0.03210651874542236,-0.17114723866876158,0.08898299806937784,-0.12039959430694136,0.5423678146602727,0.5423927259139316,0.4576072740860684,0.00045877902,0.7646317,0.20970936,0.0076726661269228376,0.00011210064146478171
90,All equity (ex-basket),6,96,80285,99,0.0007597932365946316,0.00024029956283597867,0.001309343044803679,0.006925328517157626,0.003454177463185818,0.011117070698320778,-5.7340464591979945,-0.09734046459197998,0.006975151024475307,0.003565141387175039,0.011338670154099307,0.5714285969734192,0.0019150972366333008,0.007594852063088204,0.03503192123776677,0.04579353642579995,0.16084801174727315,0.15315356741775987,0.1675011440339956,0.011219263076782227,0.09115927544133995,-0.01435011625289917,-0.07301621189234431,11441,-0.025493204593658447,-0.17114723866876158,0.12500467086006103,-0.09969985485076549,0.5431525191505262,0.5431898860310145,0.45681011396898547,0.00035331582,0.5888597,0.16759257,0.01304104129040294,0.0001370118951236221
90,All equity (ex-basket),6,98,80285,99,0.00033630192439434515,5.093635147322395e-05,0.0007115097197749111,0.009914678956218472,0.005350702124784677,0.015267817077348953,-2.8670232295989972,-0.04867023229598999,0.009952045836706733,0.005353568274527945,0.014930689412669002,0.60317462682724,0.0011315345764160156,0.003720716319613063,0.03503192123776677,0.04579353642579995,0.0788047450898833,0.07525670694976512,0.08197678171661855,0.005583047866821289,0.09115927544133995,-0.006974279880523682,-0.07301621189234431,11441,-0.012586057186126709,-0.17114723866876158,0.4493990160054805,-0.04743444919586004,0.550526250233543,0.5506009839945195,0.4493990160054805,0.0001530386,0.25506434,0.082683474,0.08949367876938406,0.00018683440244130286
90,All equity (ex-basket),25,50,80285,99,0.0006975151024475307,0.0002065890435302144,0.001264966724892478,0.0016067758609952046,0.00048353047341786597,0.0030936905851518606,-17.03490912914276,-0.6703490912914276,0.0016067758609952046,0.0005069909572298777,0.0031133678415892338,0.6190476417541504,0.029781818389892578,0.03981893277557298,0.03503192123776677,0.04579353642579995,0.9553195099991205,0.9512447729896093,0.9588017422831168,0.08559858798980713,0.09115927544133995,-0.0778191089630127,-0.07301621189234431,11441,-0.17640239000320435,-0.17114723866876158,0.0036993211683377966,-0.45506060123443604,0.6087936725415707,0.6087936725415707,0.39120632745842937,0.0051495577,2.0598233,0.996036,3.736688048826057e-05,1.245562682942019e-05
90,All equity (ex-basket),25,55,80285,99,0.0008594382512299931,0.00031750292830943697,0.0014651344401764525,0.0019057109049012892,0.0006536289183171218,0.003565528057458548,-15.986566543579105,-0.609865665435791,0.0019181665317307094,0.0006251450089398649,0.003607534028039035,0.5714285969734192,0.029675602912902832,0.039472914391305784,0.03503192123776677,0.04579353642579995,0.9538051982574751,0.9493784797064856,0.9574704454390632,0.08548104763031006,0.09115927544133995,-0.07823657989501953,-0.07301621189234431,11441,-0.17868095636367798,-0.17114723866876158,0.005393286417138943,-0.7116723060607955,0.6083203587220527,0.6083203587220527,0.3916796412779473,0.005190495,2.0761976,0.9927884,4.982250731768076e-05,1.245562682942019e-05
90,All equity (ex-basket),25,60,80285,99,0.0012081958024537584,0.00045921444702955747,0.0021300458826503488,0.0025035809927134584,0.0009739460416337016,0.004382157004894547,-20.986566543579098,-0.609865665435791,0.0025035809927134584,0.0009264275994762102,0.004410096205946821,0.5396825671195984,0.029372215270996094,0.03893742360517558,0.03503192123776677,0.04579353642579995,0.9502322579362515,0.9448397700374931,0.9543955063754364,0.08526313304901123,0.09115927544133995,-0.07929670810699463,-0.07301621189234431,11441,-0.1874670386314392,-0.17114723866876158,0.007548109858628635,-0.8127009868621804,0.607024973531793,0.607024973531793,0.39297502646820703,0.0052678906,2.107156,0.987117,9.964501463536153e-05,1.245562682942019e-05
90,All equity (ex-basket),25,65,80285,99,0.0017188765024599862,0.000610105487927032,0.003066353946856407,0.003325652363455191,0.0014275487536028666,0.006160935924388966,-25.986566543579105,-0.609865665435791,0.003325652363455191,0.0013489442875492014,0.005890251335857101,0.5396825671195984,0.02848184108734131,0.03805381955368147,0.03503192123776677,0.04579353642579995,0.9409227167278403,0.9337786568663012,0.9465414348175621,0.08453893661499023,0.09115927544133995,-0.0827907919883728,-0.07301621189234431,11441,-0.1960555911064148,-0.17114723866876158,0.010512549044030641,-1.05349659919739,0.60343775300492,0.60343775300492,0.39656224699508,0.005436523,2.1746092,0.9764748,0.00022420128292956342,1.245562682942019e-05
90,All equity (ex-basket),25,70,80285,99,0.002142367814660273,0.0007767293887752148,0.0039350374372526175,0.004135268107367503,0.0017906329146705079,0.007051083517045735,-30.986566543579098,-0.609865665435791,0.004135268107367503,0.001889323433603229,0.007297613331953455,0.5079365372657776,0.0257035493850708,0.03647185985768963,0.03503192123776677,0.04579353642579995,0.9167147817525853,0.9053367020869746,0.926013183937267,0.08237183094024658,0.09115927544133995,-0.09318095445632935,-0.07301621189234431,11441,-0.18621963262557983,-0.17114723866876158,0.013800834526997572,-1.1637729406356767,0.5921031325901476,0.5921031325901476,0.4078968674098524,0.005835734,2.3342934,0.9538212,0.00033630192439434515,2.491125365884038e-05
90,All equity (ex-basket),25,75,80285,99,0.0025160366195428785,0.001155201555802337,0.0043596713121124625,0.004882605717132715,0.0022420681160545677,0.007684501892177114,-35.9865665435791,-0.609865665435791,0.004882605717132715,0.0023405843081121527,0.008101757543698304,0.4920634925365448,0.017313838005065918,0.033416472289365784,0.03503192123776677,0.04579353642579995,0.8489349243925629,0.832908351297518,0.862886488434921,0.07565808296203613,0.09115927544133995,-0.09141087532043457,-0.07301621189234431,11441,-0.16315650939941406,-0.17114723866876158,0.017873824500217975,-1.0821551084518433,0.557700691287289,0.5577380581677773,0.4422619418322227,0.0067890147,2.715606,0.89722514,0.0005355919536650682,8.718938780594134e-05
90,All equity (ex-basket),25,80,80285,99,0.0023914803512486765,0.0009442703561358945,0.004209587179710907,0.005293641402503581,0.0026601615177310645,0.008573652723033351,-28.789250850677494,-0.4878925085067749,0.005293641402503581,0.002451420727602424,0.008400247435079411,0.5079365372657776,0.005953311920166016,0.028511152662716848,0.03503192123776677,0.04579353642579995,0.7141680854968439,0.6963058066103187,0.7308608625203719,0.05561411380767822,0.09115927544133995,-0.076710045337677,-0.07301621189234431,11441,-0.13256800174713135,-0.17114723866876158,0.021934358846608954,-0.782786607742314,0.5260011210064146,0.5260011210064146,0.47399887899358534,0.0069597117,2.7838848,0.7740653,0.0007099707292769509,9.964501463536153e-05
90,All equity (ex-basket),25,85,80285,99,0.0023167465902721555,0.0008968985358511907,0.004088044550685168,0.005629943326897926,0.0027610532185004537,0.009138037479626911,-21.591941118240353,-0.36591941118240356,0.005629943326897926,0.0027311026568667836,0.009154226729100578,0.5317460298538208,0.003103971481323242,0.0222264849390523,0.03503192123776677,0.04579353642579995,0.5468098509412961,0.5303834540847506,0.5630364943545197,0.03826034069061279,0.09115927544133995,-0.05799460411071777,-0.07301621189234431,11441,-0.09952962398529053,-0.17114723866876158,0.0286230304540076,-0.5276268720626809,0.51815407610388,0.5181665317307094,0.48183346826929063,0.005863083,2.3452332,0.6023195,0.0009964501463536153,9.964501463536153e-05
90,All equity (ex-basket),25,88,80285,99,0.002030267173195491,0.0007549549407122344,0.0036322910309122916,0.005729588341533288,0.0028186097784187025,0.009425961317965447,-17.27355170249939,-0.2927355170249939,0.005717132714703867,0.0026939856298849782,0.009332195640015943,0.5396825671195984,0.0024062395095825195,0.018131992084460175,0.03503192123776677,0.04579353642579995,0.4411215093094053,0.42263111948476967,0.45642737730269356,0.03029310703277588,0.09115927544133995,-0.04628044366836548,-0.07301621189234431,11441,-0.07955068349838257,-0.17114723866876158,0.03473874322725291,-0.4275714159011845,0.5179298748209503,0.5179547860746092,0.4820452139253908,0.0048192563,1.9277024,0.48840255,0.001444852712212742,0.00011210064146478171
90,All equity (ex-basket),25,90,80285,99,0.0017936102634365074,0.000702733296269387,0.003059674991423781,0.0058790558634863295,0.002970435227412166,0.009712036233080406,-14.394625425338747,-0.24394625425338745,0.0058790558634863295,0.00272088081858958,0.00932768395257069,0.5396825671195984,0.0020536184310913086,0.01529122042004106,0.03503192123776677,0.04579353642579995,0.3692386112205788,0.35392821783596556,0.382485383795228,0.025176405906677246,0.09115927544133995,-0.038411855697631836,-0.07301621189234431,11441,-0.06618666648864746,-0.17114723866876158,0.04136513670050445,-0.3279024362564109,0.51836582175998,0.5183782773868095,0.48162172261319053,0.0040291008,1.6116402,0.40990067,0.0018807996512424487,0.00011210064146478171
90,All equity (ex-basket),25,92,80285,99,0.001494675219530423,0.0005138879715589988,0.002751958994076333,0.006078345892757053,0.0030348335178125943,0.009879250608618263,-11.515699148178104,-0.195156991481781,0.006078345892757053,0.0030281543575915886,0.010255801886803414,0.547619104385376,0.0016595125198364258,0.012359895946421673,0.03503192123776677,0.04579353642579995,0.2962317107042313,0.2832875956087316,0.30722617864799645,0.02012801170349121,0.09115927544133995,-0.030646800994873047,-0.07301621189234431,11441,-0.05276954174041748,-0.17114723866876158,0.0521890764152706,-0.2349240779876749,0.518926324967304,0.5189636918477922,0.48103630815220777,0.0031902343,1.2760937,0.3297958,0.002802516036619543,0.00011210064146478171
90,All equity (ex-basket),25,94,80285,99,0.0012829295634302796,0.00045108162218096835,0.002294318319692993,0.006352369683004297,0.002868570096534332,0.0103985587006311,-8.63677287101745,-0.14636772871017456,0.006402192190321978,0.002960236785366538,0.010499912170915398,0.5555555820465088,0.0013570785522460938,0.009400314093007315,0.03503192123776677,0.04579353642579995,0.22284003324794022,0.21169031698774832,0.23200507679227036,0.01517331600189209,0.09115927544133995,-0.022785842418670654,-0.07301621189234431,11441,-0.03933745622634888,-0.17114723866876158,0.07277822756430218,-0.13677203655242387,0.5211683377965997,0.5211683377965997,0.4788316622034004,0.002321824,0.9287296,0.24834399,0.005542753939091985,0.00011210064146478171
90,All equity (ex-basket),25,95,80285,99,0.0010213614000124556,0.0003719678328270861,0.0018644911424415388,0.0068505947561811045,0.0034398186957733078,0.011590530270384838,-7.197315692901607,-0.12197315692901611,0.0068505947561811045,0.0035582833698128567,0.011241235558928224,0.5873016119003296,0.0012105703353881836,0.007898052616865362,0.03503192123776677,0.04579353642579995,0.1859581770537455,0.17760336942654364,0.1943201618293709,0.012661457061767578,0.09115927544133995,-0.01883411407470703,-0.07301621189234431,11441,-0.03262186050415039,-0.17114723866876158,0.09324282244503955,-0.09630143642425093,0.5219281310331942,0.5219405866600236,0.4780594133399763,0.0018848031,0.7539211,0.20712951,0.008058790558634864,0.0001245562682942019
90,All equity (ex-basket),25,96,80285,99,0.0007722488634240518,0.00028142122101882056,0.0013252876252791551,0.007323908575699072,0.003776955960627753,0.011637625113775349,-5.7578525543212855,-0.09757852554321289,0.0073488198293579126,0.003676423663460106,0.011823560206444737,0.5714285969734192,0.0010432004928588867,0.006377033837788754,0.03503192123776677,0.04579353642579995,0.14890475263291553,0.14152584105956925,0.1558042050564594,0.010134458541870117,0.09115927544133995,-0.0149611234664917,-0.07301621189234431,11441,-0.025949180126190186,-0.17114723866876158,0.1308463598430591,-0.08848822116851451,0.5235349068941895,0.523609640655166,0.47639035934483404,0.0014520651,0.58082604,0.16559653,0.01366382263187395,0.0001370118951236221
90,All equity (ex-basket),25,98,80285,99,0.00033630192439434515,3.357912077984256e-05,0.0007314578602662966,0.010400448402565859,0.005753460315458849,0.016092428799705093,-2.8789262771606428,-0.048789262771606445,0.010387992775736439,0.005696156642305818,0.015806266277455766,0.60317462682724,0.0007548332214355469,0.003184845674421761,0.03503192123776677,0.04579353642579995,0.0735789022122117,0.06996369900140365,0.07695582864199471,0.005138993263244629,0.09115927544133995,-0.007234692573547363,-0.07301621189234431,11441,-0.01277226209640503,-0.17114723866876158,0.4658030765398269,-0.04418301582336248,0.5341720122065143,0.534221834713832,0.465778165286168,0.0006304909,0.25219637,0.08185963,0.09308089929625708,0.00021174565610014324
90,Index/ETF,6,50,30357,99,0.0,0.0,0.0,0.0,0.0,0.0,2.0651400089263916,-0.4793485999107361,0.0,0.0,0.0,,0.02915060520172119,0.024842194731057927,0.030397243497777504,0.026358059351708728,0.9844637302645142,0.9830291084312441,0.9856399695374742,0.06490522623062134,0.06618423970394705,-0.05623224377632141,-0.055088782806776926,2974,-0.15728777647018433,-0.15602716305040576,0.0,,0.641235958757453,0.641235958757453,0.358764041242547,0.0012194986,2.0324976,0.9994088,0.0,0.0
90,Index/ETF,6,55,30357,99,0.0,0.0,0.0,0.0,0.0,0.0,1.0552418231964067,-0.4394475817680359,0.0,0.0,0.0,,0.029136061668395996,0.024502865729856764,0.030397243497777504,0.026358059351708728,0.984024588818624,0.9827867831252698,0.9850981912957272,0.06490099430084229,0.06618423970394705,-0.05626371502876282,-0.055088782806776926,2974,-0.15858596563339233,-0.15602716305040576,0.00026353065190895015,,0.6410053694370327,0.6410053694370327,0.3589946305629674,0.0012261141,2.0435233,0.99796766,0.0,0.0
90,Index/ETF,6,60,30357,99,9.882399446585631e-05,0.0,0.0003659253791271777,9.882399446585631e-05,0.0,0.0003420263234270533,-2.959499359130857,-0.4295949935913086,9.882399446585631e-05,0.0,0.00031796503934628477,0.1428571492433548,0.029091238975524902,0.024131959418155352,0.030397243497777504,0.026358059351708728,0.9827249380480814,0.981468768467272,0.9840245877493532,0.06483197212219238,0.06618423970394705,-0.05672791600227356,-0.055088782806776926,2974,-0.16335618495941162,-0.15602716305040576,0.0006258852982837566,-1.987025737762449,0.6406100734591692,0.6406100734591692,0.3593899265408308,0.0012367212,2.0612018,0.99510086,3.294133148861877e-05,0.0
90,Index/ETF,6,65,30357,99,0.0003294133148861877,0.0,0.0012064810414763145,0.0003294133148861877,0.0,0.0010455742972504357,-6.987025737762453,-0.4198702573776245,0.0003294133148861877,0.0,0.001070805235919572,0.420634925365448,0.028819799423217773,0.023720130733253495,0.030397243497777504,0.026358059351708728,0.9786468740237633,0.9758920859661099,0.9812436175006823,0.06457692384719849,0.06618423970394705,-0.05779710412025452,-0.055088782806776926,2974,-0.17162546515464783,-0.15602716305040576,0.001152946602101657,-3.583195209503176,0.6392594788681358,0.6392594788681358,0.36074052113186417,0.0012604237,2.100706,0.9895338,3.294133148861877e-05,0.0
90,Index/ETF,6,70,30357,99,0.00039529597786342526,0.0,0.0012706155164054068,0.00039529597786342526,0.0,0.0014457472386408669,-7.831163406372066,-0.3783116340637207,0.00039529597786342526,0.0,0.0014835435212006488,0.5,0.02792489528656006,0.02317848031447096,0.030397243497777504,0.026358059351708728,0.9666800351914552,0.9607663255208205,0.9723178348231769,0.06369370222091675,0.06618423970394705,-0.06269395351409912,-0.055088782806776926,2974,-0.16467449069023132,-0.15602716305040576,0.0020753038837829827,-6.2559050321578935,0.6330665085482755,0.6330665085482755,0.3669334914517245,0.001326542,2.210903,0.9755088,3.294133148861877e-05,0.0
90,Index/ETF,6,75,30357,99,0.00039529597786342526,0.0,0.0013616338915249163,0.00039529597786342526,0.0,0.001474574347614882,-8.066761493682861,-0.3306676149368286,0.00039529597786342526,0.0,0.0013510639428394452,0.5,0.023555278778076172,0.022228453163416265,0.030397243497777504,0.026358059351708728,0.9160020793652431,0.9045195233863296,0.926326940459627,0.060518622398376465,0.06618423970394705,-0.06397074460983276,-0.055088782806776926,2974,-0.1442704200744629,-0.15602716305040576,0.003887077115657015,-5.911141633987427,0.608492275257766,0.608492275257766,0.39150772474223405,0.0015184928,2.5308213,0.92968863,3.294133148861877e-05,0.0
90,Index/ETF,6,80,30357,99,0.00039529597786342526,0.0,0.0012891155282016603,0.00039529597786342526,0.0,0.001374508833403394,-6.39696598052979,-0.26396965980529785,0.00039529597786342526,0.0,0.0013237000263682161,0.5,0.014983892440795898,0.019291667745106853,0.030397243497777504,0.026358059351708728,0.7729828166685296,0.7570975539412491,0.7869553906572723,0.046792685985565186,0.06618423970394705,-0.053002119064331055,-0.055088782806776926,2974,-0.11652335524559021,-0.15602716305040576,0.005665909016042428,-4.332019686698918,0.5878051190829133,0.5878051190829133,0.41219488091708667,0.0015327737,2.554623,0.7990709,3.294133148861877e-05,0.0
90,Index/ETF,6,85,30357,99,0.00039529597786342526,0.0,0.0012892840085520106,0.00039529597786342526,0.0,0.0012769648827235715,-4.349062442779539,-0.1934906244277954,0.00039529597786342526,0.0,0.001377151314128838,0.5,0.01082003116607666,0.014743323549080945,0.030397243497777504,0.026358059351708728,0.5849086101349313,0.5692415608104772,0.5991862067034203,0.0341719388961792,0.06618423970394705,-0.0398237407207489,-0.055088782806776926,2974,-0.08748075366020203,-0.15602716305040576,0.009322396811279112,-3.2431906461715676,0.5865862898178344,0.5865862898178344,0.41341371018216555,0.0012193468,2.0322447,0.61164343,3.294133148861877e-05,0.0
90,Index/ETF,6,88,30357,99,0.00039529597786342526,0.0,0.0012831880580582526,0.00039529597786342526,0.0,0.0012968949332081052,-3.47960638999939,-0.1547960638999939,0.00039529597786342526,0.0,0.001296167982484302,0.5,0.008607149124145508,0.011798094958189656,0.030397243497777504,0.026358059351708728,0.4675906296406132,0.4535566392533082,0.47884784934394115,0.02728205919265747,0.06618423970394705,-0.031706541776657104,-0.055088782806776926,2974,-0.06968626379966736,-0.15602716305040576,0.012451823302697895,-2.5880371332168584,0.5866851138123003,0.5866851138123003,0.4133148861876997,0.00096734514,1.612242,0.49137375,3.294133148861877e-05,0.0
90,Index/ETF,6,90,30357,99,0.00039529597786342526,0.0,0.0013757600995496844,0.00039529597786342526,0.0,0.001294482409581486,-2.889206409454348,-0.12889206409454346,0.00039529597786342526,0.0,0.0012987646705929074,0.5,0.007172822952270508,0.009818396105865098,0.030397243497777504,0.026358059351708728,0.389091575610048,0.37763162964926855,0.3990934747420012,0.022742092609405518,0.06618423970394705,-0.026439785957336426,-0.055088782806776926,2974,-0.05820107460021973,-0.15602716305040576,0.01683302039068419,-2.173956632614138,0.586619231149323,0.586619231149323,0.4133807688506769,0.0007906422,1.3177371,0.41000596,9.882399446585631e-05,0.0
90,Index/ETF,6,92,30357,99,0.00039529597786342526,0.0,0.0012879959015796635,0.00039529597786342526,0.0,0.001332943280417877,-2.3197038173675577,-0.10319703817367554,0.00039529597786342526,0.0,0.001355517148749834,0.5,0.005785226821899414,0.00783754771463476,0.030397243497777504,0.026358059351708728,0.3104258304796332,0.30223991851151316,0.3190770765227876,0.018148601055145264,0.06618423970394705,-0.021126478910446167,-0.055088782806776926,2974,-0.046454668045043945,-0.15602716305040576,0.022663636064169712,-1.7386091947555582,0.5872121751161182,0.5872121751161182,0.4127878248838818,0.0006127438,1.0212395,0.32801458,0.0002305893204203314,0.0
90,Index/ETF,6,94,30357,99,0.0003623546463748065,0.0,0.0012823728652056627,0.00039529597786342526,0.0,0.0014335932961258022,-1.750838994979853,-0.07750838994979858,0.00039529597786342526,0.0,0.0013115207174567752,0.5,0.004373431205749512,0.005867982264520403,0.030397243497777504,0.026358059351708728,0.23182357879913446,0.22527562022742134,0.23735395580584842,0.01357424259185791,0.06618423970394705,-0.015689581632614136,-0.055088782806776926,2974,-0.034623295068740845,-0.15602716305040576,0.033698982112857004,-1.3002070188522286,0.5880357084033336,0.5880686497348223,0.41193135026517774,0.00043773427,0.7295572,0.24551673,0.0008235332872154693,0.0
90,Index/ETF,6,95,30357,99,0.0002964719833975689,0.0,0.0009760814881736979,0.0004611786408406628,0.0,0.0014897375912691798,-1.4472317695617631,-0.06447231769561768,0.0004611786408406628,0.0,0.0013688329290137361,0.5793651342391968,0.0036551952362060547,0.0048757693228539565,0.030397243497777504,0.026358059351708728,0.1924611013446686,0.18711727238638268,0.19749512558595264,0.011279940605163574,0.06618423970394705,-0.013033032417297363,-0.055088782806776926,2974,-0.02884623408317566,-0.15602716305040576,0.0454590374542939,-1.0218811035156206,0.5884968870441744,0.5884968870441744,0.4115031129558257,0.0003529158,0.588193,0.20404997,0.0015482425799650823,0.0
90,Index/ETF,6,96,30357,99,6.588266297723754e-05,0.0,0.00021889422221102727,0.0005600026353065191,0.0,0.001632524329127384,-1.1289677619934047,-0.05128967761993408,0.0005600026353065191,0.0,0.0016413213459362443,0.6984127163887024,0.0029314756393432617,0.003899513711083307,0.030397243497777504,0.026358059351708728,0.1532982345514824,0.14901587428133992,0.15695544728759864,0.008968055248260498,0.06618423970394705,-0.010355740785598755,-0.055088782806776926,2974,-0.022940754890441895,-0.15602716305040576,0.06920973745758803,-0.8003137111663783,0.588958065685015,0.5889910070165036,0.4110089929834964,0.00027033276,0.4505546,0.16251458,0.003722370458213921,0.0
90,Index/ETF,6,98,30357,99,0.0,0.0,0.0,0.0011858879335902757,3.405731447709247e-05,0.00257299731660208,-0.5708854198455793,-0.02570885419845581,0.0011858879335902757,3.680978618276423e-05,0.0025671191116040824,0.6666666865348816,0.0016124248504638672,0.0019141440924501122,0.030397243497777504,0.026358059351708728,0.07537347138935684,0.07355116257627357,0.07719697165068981,0.004507780075073242,0.06618423970394705,-0.0050630271434783936,-0.055088782806776926,2974,-0.011380612850189209,-0.15602716305040576,0.4028066014428303,-0.02543139457702459,0.5970616332312152,0.5971933985571697,0.4028066014428303,0.00011780473,0.19634123,0.07952265,0.04789669598445169,0.0
90,Index/ETF,25,50,30357,99,0.0,0.0,0.0,0.0,0.0,0.0,1.8300533294677734,-0.48169946670532227,0.0,0.0,0.0,,0.02524125576019287,0.020927263477611445,0.030397243497777504,0.026358059351708728,0.9355538711265922,0.929287596719433,0.9408920533803405,0.06085997819900513,0.06618423970394705,-0.05981728434562683,-0.055088782806776926,2974,-0.16048893332481384,-0.15602716305040576,6.588266297723754e-05,,0.6255558849688705,0.6255558849688705,0.37444411503112957,0.0050766775,2.0306711,0.9993775,0.0,0.0
90,Index/ETF,25,55,30357,99,0.0,0.0,0.0,0.0,0.0,0.0,1.010651588439937,-0.4398934841156006,0.0,0.0,0.0,,0.02522265911102295,0.020563676395203265,0.030397243497777504,0.026358059351708728,0.9350832616037683,0.9292287565258781,0.9400645637291868,0.060855746269226074,0.06618423970394705,-0.059861451387405396,-0.055088782806776926,2974,-0.1618238091468811,-0.15602716305040576,0.0002964719833975689,,0.6253252956484501,0.6253252956484501,0.37467470435154987,0.005104346,2.0417385,0.99787664,0.0,0.0
90,Index/ETF,25,60,30357,99,9.882399446585631e-05,0.0,0.00034112448423792395,9.882399446585631e-05,0.0,0.0003158580631625398,-3.1761801242828347,-0.43176180124282837,9.882399446585631e-05,0.0,0.00033704203647633944,0.1428571492433548,0.02518022060394287,0.020159802361196275,0.030397243497777504,0.026358059351708728,0.9336707130018644,0.9284745905412063,0.9382736871722744,0.06077861785888672,0.06618423970394705,-0.06040304899215698,-0.055088782806776926,2974,-0.16704145073890686,-0.15602716305040576,0.000724709292749613,-2.207396030426023,0.624897058339098,0.624897058339098,0.3751029416609019,0.0051484657,2.0593863,0.99491596,3.294133148861877e-05,0.0
90,Index/ETF,25,65,30357,99,0.0003294133148861877,0.0,0.0010612698759131572,0.0003294133148861877,0.0,0.001132222308892817,-7.207396030426027,-0.42207396030426025,0.0003294133148861877,0.0,0.001121798621299333,0.420634925365448,0.024910569190979004,0.0196664566405776,0.030397243497777504,0.026358059351708728,0.9291922739683404,0.9242277888472141,0.9332950863806732,0.060520052909851074,0.06618423970394705,-0.061546146869659424,-0.055088782806776926,2974,-0.17635056376457214,-0.15602716305040576,0.001449418585499226,-3.8164967298507713,0.623348815759133,0.623348815759133,0.376651184240867,0.00524904,2.099616,0.9891299,3.294133148861877e-05,0.0
90,Index/ETF,25,70,30357,99,0.00039529597786342526,0.0,0.00140691516078265,0.00039529597786342526,0.0,0.0015500836065144969,-8.067322969436642,-0.38067322969436646,0.00039529597786342526,0.0,0.0013372820678601135,0.5,0.023855090141296387,0.018904655092879436,0.030397243497777504,0.026358059351708728,0.9154901368594284,0.9091799706705521,0.9221520571982498,0.059514522552490234,0.06618423970394705,-0.06759235262870789,-0.055088782806776926,2974,-0.16877257823944092,-0.15602716305040576,0.002305893204203314,-6.498048901557918,0.6164640774780117,0.6164640774780117,0.3835359225219883,0.0055300333,2.2120132,0.9743912,3.294133148861877e-05,0.0
90,Index/ETF,25,75,30357,99,0.00039529597786342526,0.0,0.0013157149630773155,0.00039529597786342526,0.0,0.0012793314428289609,-8.131396770477295,-0.33131396770477295,0.00039529597786342526,0.0,0.0013478533031180625,0.5,0.018329739570617676,0.01727190060542813,0.030397243497777504,0.026358059351708728,0.8541002965926289,0.8416794655603681,0.8655047476952754,0.0555306077003479,0.06618423970394705,-0.06896516680717468,-0.055088782806776926,2974,-0.14797669649124146,-0.15602716305040576,0.004249431762031821,-5.97759485244751,0.5856968738676417,0.5857627565306189,0.414237243469381,0.0063549746,2.5419898,0.9257731,3.294133148861877e-05,0.0
90,Index/ETF,25,80,30357,99,0.00039529597786342526,0.0,0.0013467763203307264,0.00039529597786342526,0.0,0.001307145080028749,-6.410627365112309,-0.26410627365112305,0.00039529597786342526,0.0,0.0013322384709851534,0.5,0.00986635684967041,0.014255406624299246,0.030397243497777504,0.026358059351708728,0.704338068074624,0.6831378246138171,0.7220417927086877,0.04108583927154541,0.06618423970394705,-0.05702093243598938,-0.055088782806776926,2974,-0.11942806839942932,-0.15602716305040576,0.006258852982837566,-4.399942159652714,0.5600685179694963,0.5600685179694963,0.4399314820305037,0.006357163,2.5428655,0.7922631,3.294133148861877e-05,0.0
90,Index/ETF,25,85,30357,99,0.00039529597786342526,0.0,0.0014113205950882877,0.000428237309352044,0.0,0.0013039614980030869,-4.399255514144896,-0.19399255514144897,0.000428237309352044,0.0,0.0014032876001636707,0.5396825671195984,0.0070639848709106445,0.01073619398662498,0.030397243497777504,0.026358059351708728,0.5285200593647689,0.5123734218094731,0.5453218817888835,0.029964447021484375,0.06618423970394705,-0.04271125793457031,-0.055088782806776926,2974,-0.08953523635864258,-0.15602716305040576,0.009981223441051488,-3.218398094177244,0.5580590967486906,0.5580920380801792,0.4419079619198208,0.0050315754,2.0126302,0.6053716,3.294133148861877e-05,0.0
90,Index/ETF,25,88,30357,99,0.00039529597786342526,0.0,0.0013344212853176273,0.000428237309352044,0.0,0.0013847198583349478,-3.5199170112609868,-0.15519917011260986,0.000428237309352044,0.0,0.0013396780301205404,0.5396825671195984,0.005761384963989258,0.008621181567816268,0.030397243497777504,0.026358059351708728,0.4225927226551783,0.4075335160561041,0.43557877768088615,0.024010300636291504,0.06618423970394705,-0.03404399752616882,-0.055088782806776926,2974,-0.0715341866016388,-0.15602716305040576,0.013242415258424746,-2.572638273239136,0.5593438086767467,0.559409691339724,0.44059030866027604,0.003987109,1.5948436,0.4861664,3.294133148861877e-05,0.0
90,Index/ETF,25,90,30357,99,0.00039529597786342526,0.0,0.0013312308755811294,0.00039529597786342526,0.0,0.0014128861403679815,-2.9222869873046897,-0.12922286987304688,0.00039529597786342526,0.0,0.001295109398415273,0.5,0.004850029945373535,0.007220886973880451,0.030397243497777504,0.026358059351708728,0.3521341199854421,0.3405564409824829,0.36341146584338346,0.02009284496307373,0.06618423970394705,-0.028252005577087402,-0.055088782806776926,2974,-0.059507817029953,-0.15602716305040576,0.017788319003854136,-2.2018784284591697,0.5608261685937346,0.5608591099252231,0.4391408900747768,0.003257619,1.3030477,0.40563285,9.882399446585631e-05,0.0
90,Index/ETF,25,92,30357,99,0.00039529597786342526,0.0,0.0014539064124664749,0.00039529597786342526,0.0,0.0013091078028789017,-2.3418946266174356,-0.10341894626617432,0.00039529597786342526,0.0,0.0013323267121460628,0.5,0.00399935245513916,0.005827036742169454,0.030397243497777504,0.026358059351708728,0.28170666363944225,0.27192847131974757,0.29038300674477724,0.016111314296722412,0.06618423970394705,-0.022499769926071167,-0.055088782806776926,2974,-0.04747399687767029,-0.15602716305040576,0.02378364133478275,-1.7654610872268717,0.5614520538920184,0.5615179365549956,0.43848206344500446,0.0025251163,1.0100466,0.3245658,0.0002305893204203314,0.0
90,Index/ETF,25,94,30357,99,0.0003623546463748065,0.0,0.001165118635437357,0.00039529597786342526,0.0,0.0013845552122652776,-1.7781319618225044,-0.0777813196182251,0.00039529597786342526,0.0,0.001388324652960587,0.5,0.003086566925048828,0.004429927540064196,0.030397243497777504,0.026358059351708728,0.21115798459942955,0.20340459710603995,0.21752328748594804,0.012098550796508789,0.06618423970394705,-0.016687512397766113,-0.055088782806776926,2974,-0.03536754846572876,-0.15602716305040576,0.03498369404091314,-1.3274970054626412,0.5638897124221761,0.5638897124221761,0.4361102875778239,0.0018048646,0.7219458,0.24300942,0.0008894159501927068,0.0
90,Index/ETF,25,95,30357,99,0.0002964719833975689,0.0,0.0009732099307790945,0.0004611786408406628,0.0,0.0013562851292975495,-1.4694643020629838,-0.06469464302062988,0.0004611786408406628,0.0,0.0014303006268661224,0.5793651342391968,0.0026235580444335938,0.0037198867840890527,0.030397243497777504,0.026358059351708728,0.17586961593545278,0.16988792539781522,0.1809049689192277,0.010114967823028564,0.06618423970394705,-0.013837605714797974,-0.055088782806776926,2974,-0.029454916715621948,-0.15602716305040576,0.04776493065849722,-1.042346358299251,0.5647791283723688,0.5648120697038574,0.43518793029614256,0.0014554459,0.5821784,0.20203787,0.001581183911453701,0.0
90,Index/ETF,25,96,30357,99,6.588266297723754e-05,0.0,0.00022554934376338429,0.0005600026353065191,0.0,0.0015757139990502738,-1.151516199111935,-0.051515161991119385,0.0005600026353065191,0.0,0.0014694972467342133,0.6984127163887024,0.0021390914916992188,0.0030091169437534487,0.030397243497777504,0.026358059351708728,0.140526445204642,0.13578678276400355,0.14455021493451198,0.008069515228271484,0.06618423970394705,-0.010991305112838745,-0.055088782806776926,2974,-0.023394078016281128,-0.15602716305040576,0.07312975590473367,-0.8161625862121547,0.5666238429357314,0.5667226669301973,0.4332773330698027,0.0011159597,0.44638386,0.16096453,0.004051783773100109,0.0
90,Index/ETF,25,98,30357,99,0.0,0.0,0.0,0.001284711928056132,2.9745012877735232e-05,0.002914360715615198,-0.581518888473509,-0.025815188884735107,0.0012517705965675132,3.069466412031727e-05,0.0029138116060452887,0.682539701461792,0.001268148422241211,0.0015275547437431918,0.030397243497777504,0.026358059351708728,0.06991748132214477,0.06796322298528854,0.07188867759718122,0.004136860370635986,0.06618423970394705,-0.005341321229934692,-0.055088782806776926,2974,-0.01156654953956604,-0.15602716305040576,0.4214184537338999,-0.03641653060912908,0.5785486049346115,0.5786144875975887,0.4213855124024113,0.00048743046,0.19497219,0.07893019,0.05010376519418915,0.0
90,Single stock,6,50,49928,65,0.001101586284249319,0.0003950432178643267,0.0020309990752551727,0.002523634033007531,0.0007447941105274257,0.005042034405969133,-17.140650749206543,-0.6714065074920654,0.002523634033007531,0.0007845926686500507,0.004854414735208151,0.6190476417541504,0.038848042488098145,0.055372095934985786,0.04025984477917788,0.05761060856043758,0.9879044813476902,0.9827752130683575,0.9910754021638613,0.11619436740875244,0.11773570778101572,-0.08673965930938721,-0.08526053302919501,8467,-0.17981767654418945,-0.17704177092491125,0.005708219836564653,-0.43777525424957275,0.6089769267745554,0.6089769267745554,0.39102307322544466,0.0012477414,2.0795693,0.9941436,6.00865245954174e-05,2.00288415318058e-05
90,Single stock,6,55,49928,65,0.0013419323826309886,0.00048684573727770223,0.002284641699741125,0.003124499278961705,0.0011932610079418932,0.005914182868348332,-15.837802290916446,-0.6083780229091644,0.003124499278961705,0.001098087768172906,0.006043175517500974,0.6111111640930176,0.03864330053329468,0.05507911823091838,0.04025984477917788,0.05761060856043758,0.9861697884207568,0.9801037437541186,0.9900705081747004,0.11603093147277832,0.11773570778101572,-0.08718907833099365,-0.08526053302919501,8467,-0.18295735120773315,-0.17704177092491125,0.008091651978849543,-0.5119460821151778,0.6084762057362603,0.6084762057362603,0.3915237942637398,0.001259473,2.0991218,0.9899451,8.01153661272232e-05,2.00288415318058e-05
90,Single stock,6,60,49928,65,0.0018226245793943278,0.000685872578593778,0.0031084526057340266,0.0037453933664476848,0.0011838199811172667,0.006748929649955926,-20.83780229091644,-0.6083780229091644,0.0037453933664476848,0.0013829211687191683,0.006703268328356964,0.5396825671195984,0.0382997989654541,0.05454708293242688,0.04025984477917788,0.05761060856043758,0.982183082640394,0.9755344172575489,0.9869786825086139,0.11583518981933594,0.11773570778101572,-0.08885878324508667,-0.08526053302919501,8467,-0.1917555332183838,-0.17704177092491125,0.011216151257811249,-0.9182131290435769,0.6068138118891203,0.6068138118891203,0.3931861881108797,0.0012827143,2.1378572,0.9828323,0.0001402018907226406,2.00288415318058e-05
90,Single stock,6,65,49928,65,0.0025636917160711424,0.0011671250259870005,0.004492272054955897,0.004987181541419645,0.0019893206064042182,0.008780597240703021,-25.837802290916446,-0.6083780229091644,0.004987181541419645,0.0022091332605929394,0.008962215954441738,0.5396825671195984,0.036855876445770264,0.05361491246419044,0.04025984477917788,0.05761060856043758,0.9722061994931489,0.9634531896997279,0.9797553830525856,0.11468327045440674,0.11773570778101572,-0.09395325183868408,-0.08526053302919501,8467,-0.19964903593063354,-0.17704177092491125,0.015382150296426854,-1.0262036323547385,0.6022472360198686,0.6022472360198686,0.3977527639801314,0.0013325567,2.2209277,0.96969557,0.00034049030604069863,2.00288415318058e-05
90,Single stock,6,70,49928,65,0.003104470437429899,0.0012673734446836359,0.005279388021788184,0.00638920044864605,0.0026844296484916604,0.010964861118294382,-30.83780229091644,-0.6083780229091644,0.00638920044864605,0.00273463063882071,0.010891756327341486,0.5079365372657776,0.03294944763183594,0.051959190244281014,0.04025984477917788,0.05761060856043758,0.9474016457644819,0.9346864324057194,0.9587226682865381,0.11223876476287842,0.11773570778101572,-0.104156494140625,-0.08526053302919501,8467,-0.18781620264053345,-0.17704177092491125,0.01984858195801955,-0.9316396713256792,0.5893887197564492,0.5893887197564492,0.4106112802435507,0.0014436501,2.4060836,0.9433123,0.000500721038295145,4.00576830636116e-05
90,Single stock,6,75,49928,65,0.003585162634193238,0.0016003066746786648,0.005912346536622598,0.0074907867328953695,0.0034506517465498045,0.012854182907449604,-35.83780229091644,-0.6083780229091644,0.007510815574427175,0.00349411064641534,0.012224031124398365,0.4920634925365448,0.022345662117004395,0.04895453833543782,0.04025984477917788,0.05761060856043758,0.8859401374280531,0.8692719809625089,0.9015969155127407,0.10428524017333984,0.11773570778101572,-0.10049545764923096,-0.08526053302919501,8467,-0.1652742624282837,-0.17704177092491125,0.024875821182502804,-0.8959561586380005,0.5570221118410511,0.5570221118410511,0.4429778881589489,0.0016868147,2.8113577,0.8845292,0.0007610959782086204,0.0001402018907226406
90,Single stock,6,80,49928,65,0.0035451049511296268,0.0014270281111654144,0.006325194490581897,0.00801153661272232,0.003961288412487325,0.013272697039617885,-28.67024421691895,-0.48670244216918945,0.008031565454254127,0.0037254648712833067,0.013483988390972222,0.4920634925365448,0.007578909397125244,0.04324289792132404,0.04025984477917788,0.05761060856043758,0.7622380397254631,0.7434826613042143,0.77783175743363,0.08164060115814209,0.11773570778101572,-0.08434033393859863,-0.08526053302919501,8467,-0.1345115303993225,-0.17704177092491125,0.030143406505367728,-0.6881791353225752,0.5257370613683705,0.5257370613683705,0.47426293863162955,0.0017638693,2.9397821,0.77009034,0.0010815574427175132,0.0001402018907226406
90,Single stock,6,85,49928,65,0.0034850184265342093,0.0014682865204643594,0.005753027543950112,0.008592373017144689,0.00444635723926492,0.014152431333802944,-21.502683162689205,-0.3650268316268921,0.0086324307002083,0.0041759400591115485,0.014459903750742655,0.5396825671195984,0.0033948421478271484,0.0345688116278734,0.04025984477917788,0.05761060856043758,0.5945130963731199,0.5741072500455199,0.6110783305498767,0.05442357063293457,0.11773570778101572,-0.0641176700592041,-0.08526053302919501,8467,-0.10130715370178223,-0.17704177092491125,0.0379746835443038,-0.46185016632079856,0.5161232174331036,0.5161232174331036,0.4838767825668963,0.0015426951,2.5711584,0.6077917,0.0015221919564172408,0.0001602307322544464
90,Single stock,6,88,49928,65,0.00300432622977087,0.0011703319131316624,0.0051359648639143305,0.008692517224803718,0.004387602665874777,0.014421337068962562,-17.20214533805847,-0.2920214533805847,0.00873257490786733,0.004215513912187874,0.014187064496302214,0.5396825671195984,0.002438366413116455,0.028422659869769735,0.04025984477917788,0.05761060856043758,0.48293611962072297,0.46528884063071485,0.49988073782313414,0.04254639148712158,0.11773570778101572,-0.05138891935348511,-0.08526053302919501,8467,-0.08101391792297363,-0.17704177092491125,0.04594616247396251,-0.386327981948853,0.5139601025476687,0.5139601025476687,0.48603989745233134,0.0012935124,2.1558542,0.49630123,0.002123057202371415,0.0001602307322544464
90,Single stock,6,90,49928,65,0.002603749399134754,0.0011174465142802612,0.004299049063477452,0.008932863323185387,0.004135904717166333,0.01467691360780009,-14.335122108459474,-0.24335122108459473,0.008992949847780804,0.0045573248679707115,0.014701198896372726,0.5396825671195984,0.0019632577896118164,0.024032817684033994,0.04025984477917788,0.05761060856043758,0.40556513999708055,0.3881891609790504,0.4205535587175471,0.03511154651641846,0.11773570778101572,-0.04266691207885742,-0.08526053302919501,8467,-0.06742328405380249,-0.17704177092491125,0.05341692036532607,-0.31963527202606423,0.5137798429738824,0.5137998718154142,0.4862001281845858,0.0010941849,1.8236417,0.41821676,0.0028641243390482296,0.0001602307322544464
90,Single stock,6,92,49928,65,0.0021631148854350263,0.0008697871826535389,0.0037579345809158862,0.009153180580035251,0.004624083942028304,0.01507814004694154,-11.468098878860477,-0.19468098878860474,0.009213267104630668,0.004491326761870317,0.015562514125045477,0.5555555820465088,0.001460731029510498,0.019397547450934326,0.04025984477917788,0.05761060856043758,0.3257666429882098,0.3108726380522421,0.3381917593166192,0.027960538864135742,0.11773570778101572,-0.03403329849243164,-0.08526053302919501,8467,-0.05375397205352783,-0.17704177092491125,0.06611520589649095,-0.23194384574890536,0.5134393526678417,0.5134593815093735,0.4865406184906265,0.00087551604,1.4591935,0.33768266,0.004186027880147413,0.0001802595737862522
90,Single stock,6,94,49928,65,0.0018426534209261337,0.0006902836536573825,0.003218629229123362,0.00953372856913956,0.004611480404073117,0.016178781814276393,-8.601069688796992,-0.14601069688796997,0.009593815093734978,0.004584531517469812,0.01585735963396806,0.5714285969734192,0.0011687874794006348,0.01467635245339226,0.04025984477917788,0.05761060856043758,0.24503644827913232,0.23403093885467166,0.25564747936845056,0.02082538604736328,0.11773570778101572,-0.025354087352752686,-0.08526053302919501,8467,-0.04009276628494263,-0.17704177092491125,0.09129145970197083,-0.13112151622771684,0.5136796987662233,0.5137397852908188,0.48626021470918124,0.00064253615,1.0708935,0.25513956,0.008091651978849543,0.0001802595737862522
90,Single stock,6,95,49928,65,0.0014420765902900176,0.0005770100702995424,0.0023903810291847102,0.00997436308283929,0.0047299115403706205,0.016760986844057937,-7.167561054229732,-0.12167561054229736,0.010034449607434706,0.004903539800899824,0.016126136242763243,0.5555555820465088,0.0009889602661132812,0.012278094471093078,0.04025984477917788,0.05761060856043758,0.20428317440693627,0.19349647204920287,0.21327056853829054,0.01731884479522705,0.11773570778101572,-0.021030783653259277,-0.08526053302919501,8467,-0.033299386501312256,-0.17704177092491125,0.11544624258932863,-0.11053204536437544,0.5143206216952412,0.5143606793783048,0.48563932062169524,0.0005231454,0.87190914,0.21315037,0.0113964108315975,0.0001802595737862522
90,Single stock,6,96,49928,65,0.0011817016503765422,0.00045235841248706597,0.0021064837816788923,0.010795545585643326,0.005590470860409623,0.017199627164017666,-5.7340464591979945,-0.09734046459197998,0.01087566095177055,0.005566981284255093,0.017636203358598463,0.5714285969734192,0.0008171796798706055,0.009841675215463879,0.04025984477917788,0.05761060856043758,0.16324983760251832,0.15372667162212086,0.17101024258294392,0.013837814331054688,0.11773570778101572,-0.016722261905670166,-0.08526053302919501,8467,-0.026484310626983643,-0.17704177092491125,0.15892885755487904,-0.09155488014220836,0.5153020349302996,0.5153420926133633,0.4846579073866368,0.00040377074,0.67295134,0.17068008,0.018706937990706617,0.0002203172568498638
90,Single stock,6,98,49928,65,0.0005407787213587566,8.014200827595981e-05,0.00116686456208874,0.015221919564172409,0.008693375765093115,0.023253763331841138,-2.8670232295989972,-0.04867023229598999,0.015282006088767825,0.008835020569437555,0.023518760168018002,0.60317462682724,0.0006221532821655273,0.004819140312162047,0.04025984477917788,0.05761060856043758,0.07989634311676841,0.0753727920072356,0.08402070319969172,0.006875872611999512,0.11773570778101572,-0.00808870792388916,-0.08526053302919501,8467,-0.01302194595336914,-0.17704177092491125,0.47772792821663196,-0.049255371093748224,0.5222320141003044,0.5222720717833681,0.47772792821663196,0.00017446135,0.29076892,0.08460531,0.11478529081877904,0.000300432622977087
90,Single stock,25,50,49928,65,0.0011216151257811247,0.0003885695326523379,0.0020297258823387607,0.002583720557602948,0.0007617194886580963,0.0048351415490153525,-17.03490912914276,-0.6703490912914276,0.002583720557602948,0.0008263551090466306,0.0049400270893182425,0.6190476417541504,0.03490179777145386,0.0513053613302561,0.04025984477917788,0.05761060856043758,0.9616075925820007,0.9565473235550884,0.9653760233231681,0.11195433139801025,0.11773570778101572,-0.09023547172546387,-0.08526053302919501,8467,-0.1829332709312439,-0.17704177092491125,0.005908508251882711,-0.45506060123443604,0.5986019868610799,0.5986019868610799,0.40139801313892004,0.00519387,2.077548,0.9940042,6.00865245954174e-05,2.00288415318058e-05
90,Single stock,25,55,49928,65,0.0013819900656946002,0.0005198560655807841,0.0023593253777581193,0.0030644127543662876,0.0010360812768199666,0.005472539548697066,-15.986566543579105,-0.609865665435791,0.0030844415958980933,0.001098571652235197,0.0059449649119560745,0.5714285969734192,0.034689366817474365,0.050970024987518014,0.04025984477917788,0.05761060856043758,0.9597612457472218,0.9544287395755447,0.9640513912595225,0.11178016662597656,0.11773570778101572,-0.0906761884689331,-0.08526053302919501,8467,-0.18651098012924194,-0.17704177092491125,0.00849222880948566,-0.7116723060607955,0.597981092773594,0.597981092773594,0.40201890722640604,0.0052428744,2.0971496,0.9896947,8.01153661272232e-05,2.00288415318058e-05
90,Single stock,25,60,49928,65,0.0018827111039897452,0.0007703924936557771,0.003294224010025418,0.003965710623297549,0.001477050214200965,0.0072441064456665325,-20.986566543579098,-0.609865665435791,0.003965710623297549,0.0015489125318944449,0.00728936034890731,0.547619104385376,0.034294188022613525,0.05035450917045919,0.04025984477917788,0.05761060856043758,0.9555010156485181,0.9491225386326179,0.9603658615972201,0.11158871650695801,0.11773570778101572,-0.09246629476547241,-0.08526053302919501,8467,-0.19596534967422485,-0.17704177092491125,0.011696843454574588,-0.7191842794418313,0.5961584681941996,0.5961584681941996,0.40384153180580035,0.0053405026,2.1362011,0.982375,0.0001402018907226406,2.00288415318058e-05
90,Single stock,25,65,49928,65,0.0025636917160711424,0.0010998716954031418,0.004329560644087383,0.005147412273674091,0.0021728321426109846,0.009123765845340312,-25.986566543579105,-0.609865665435791,0.005147412273674091,0.002049104846055735,0.009262845925426292,0.5396825671195984,0.03272134065628052,0.04923362198824914,0.04025984477917788,0.05761060856043758,0.9446545461557272,0.9362896790064732,0.9519500114342949,0.1103508472442627,0.11773570778101572,-0.09826266765594482,-0.08526053302919501,8467,-0.20388978719711304,-0.17704177092491125,0.01602307322544464,-0.9925031661987327,0.5913315173850344,0.5913315173850344,0.4086684826149656,0.0055505154,2.2202063,0.96878034,0.00034049030604069863,2.00288415318058e-05
90,Single stock,25,70,49928,65,0.003204614645088928,0.0013099693092355378,0.005624573425225243,0.006409229290177856,0.0028745365604364043,0.010846267846943588,-30.986566543579098,-0.609865665435791,0.006409229290177856,0.0029398123718906545,0.011385221185317092,0.5079365372657776,0.02827221155166626,0.047152993390884294,0.04025984477917788,0.05761060856043758,0.9171043805038596,0.9045601758103162,0.9275970150349685,0.10764420032501221,0.11773570778101572,-0.10937047004699707,-0.08526053302919501,8467,-0.19203972816467285,-0.17704177092491125,0.02078993751001442,-0.9981018304824785,0.5772912994712386,0.5772912994712386,0.4227087005287614,0.0060216044,2.4086416,0.9413142,0.0005207498798269508,4.00576830636116e-05
90,Single stock,25,75,49928,65,0.003805479891043102,0.0017266693548150984,0.0065689807253297,0.007610959782086204,0.0035416508486752598,0.013038319582397874,-35.9865665435791,-0.609865665435791,0.007610959782086204,0.0035804522704824737,0.012486569728409325,0.4920634925365448,0.016023457050323486,0.043232622798284534,0.04025984477917788,0.05761060856043758,0.8472916541104942,0.8298393834253328,0.8631714488293261,0.09844279289245605,0.11773570778101572,-0.10545486211776733,-0.08526053302919501,8467,-0.16876792907714844,-0.17704177092491125,0.026157667040538374,-1.0046422481536865,0.5406785771510976,0.5406986059926294,0.45930139400737063,0.0070529175,2.8211675,0.8798676,0.0008412113443358436,0.0001402018907226406
90,Single stock,25,80,49928,65,0.003605191475725044,0.0015165025819352121,0.006289582656489166,0.008271911552635796,0.004240778656605974,0.01335917372114543,-28.789250850677494,-0.4878925085067749,0.008271911552635796,0.004271355003357987,0.013759536624311237,0.5079365372657776,0.0013513565063476562,0.03717886782231153,0.04025984477917788,0.05761060856043758,0.7172953287769981,0.6971885062803317,0.7352663911999362,0.07367026805877686,0.11773570778101572,-0.0884932279586792,-0.08526053302919501,8467,-0.13724201917648315,-0.17704177092491125,0.03146531004646691,-0.7465827465057417,0.5052876141643967,0.5052876141643967,0.4947123858356033,0.00732607,2.930428,0.76300085,0.0011216151257811247,0.0001602307322544464
90,Single stock,25,85,49928,65,0.0034850184265342093,0.0014976278924622745,0.005789988594789754,0.008792661432462746,0.0047323507045376224,0.01452297524414198,-21.591941118240353,-0.36591941118240356,0.008792661432462746,0.004604354460511273,0.014061246223729654,0.523809552192688,-0.001171201467514038,0.02921276042460822,0.04025984477917788,0.05761060856043758,0.5526284192455423,0.532857539896233,0.5700592829158031,0.048230767250061035,0.11773570778101572,-0.06717956066131592,-0.08526053302919501,8467,-0.10333919525146484,-0.17704177092491125,0.039957538855952573,-0.44446945190429465,0.49389120333279923,0.49389120333279923,0.5061087966672008,0.0063686534,2.5474613,0.6004636,0.0015822784810126582,0.0001602307322544464
90,Single stock,25,88,49928,65,0.003024355071302676,0.0012283936437963053,0.005164015865718165,0.008952892164717193,0.00452703005988768,0.01412544651461482,-17.27355170249939,-0.2927355170249939,0.008932863323185387,0.004211999974670598,0.014660288590340126,0.5396825671195984,-0.0011233389377593994,0.02391471269922061,0.04025984477917788,0.05761060856043758,0.44701610960002797,0.42841498238042613,0.4625517403087916,0.03773140907287598,0.11773570778101572,-0.053645193576812744,-0.08526053302919501,8467,-0.08245682716369629,-0.17704177092491125,0.04780884473642045,-0.39198446273803755,0.4927495593654863,0.4927495593654863,0.5072504406345137,0.0053252145,2.1300857,0.48976216,0.002303316776157667,0.0001802595737862522
90,Single stock,25,90,49928,65,0.0026438070821983655,0.0011756613319264255,0.004394565951629127,0.009213267104630668,0.00449802550989241,0.014953272700687064,-14.394625425338747,-0.24394625425338745,0.009213267104630668,0.004203288736562231,0.015519490947095378,0.5396825671195984,-0.000944674015045166,0.02019810858750416,0.04025984477917788,0.05761060856043758,0.37468009753520426,0.357561258277153,0.38957370524361906,0.031154990196228027,0.11773570778101572,-0.044544219970703125,-0.08526053302919501,8467,-0.06866639852523804,-0.17704177092491125,0.05570020829995193,-0.29689013957977517,0.49254927095016826,0.49254927095016826,0.5074507290498318,0.0044981735,1.7992694,0.41249564,0.0029642685467072584,0.0001802595737862522
90,Single stock,25,92,49928,65,0.0021631148854350263,0.0009151844319405825,0.0037014469753913906,0.00953372856913956,0.004792640904176541,0.015759583029831097,-11.515699148178104,-0.195156991481781,0.00953372856913956,0.0047711654616166615,0.015011463671639854,0.5555555820465088,-0.0007355213165283203,0.01633197587879398,0.04025984477917788,0.05761060856043758,0.30085259323945557,0.28521894334209874,0.3139640875262262,0.024866461753845215,0.11773570778101572,-0.03541266918182373,-0.08526053302919501,8467,-0.054651737213134766,-0.17704177092491125,0.06946002243230251,-0.2034677267074625,0.4930700208299952,0.493090049671527,0.506909950328473,0.0035946365,1.4378545,0.33297575,0.004366287453933665,0.0001802595737862522
90,Single stock,25,94,49928,65,0.0018426534209261337,0.0007222854419185006,0.0031321158230375678,0.00997436308283929,0.004687426266708491,0.015816791409543462,-8.63677287101745,-0.14636772871017456,0.010054478448966512,0.005014229605043487,0.017131089897047282,0.5634920597076416,-0.00038695335388183594,0.012422386368838398,0.04025984477917788,0.05761060856043758,0.2265564669596355,0.213659628989995,0.23755982406783888,0.018637537956237793,0.11773570778101572,-0.026349961757659912,-0.08526053302919501,8467,-0.04071885347366333,-0.17704177092491125,0.09575789136356354,-0.11989498138427201,0.4951930780323666,0.4951930780323666,0.5048069219676334,0.0026361435,1.0544573,0.25158748,0.008372055760294825,0.0001802595737862522
90,Single stock,25,95,49928,65,0.0014621054318218235,0.0006421829092766791,0.0025116778303186102,0.010735459061047909,0.004861491216833823,0.01753808881189267,-7.197315692901607,-0.12197315692901611,0.010735459061047909,0.00545616497504936,0.016894797150406995,0.5873016119003296,-0.0002792477607727051,0.010438442381838732,0.04025984477917788,0.05761060856043758,0.18916767136168963,0.17856842654995495,0.19858782209744094,0.015570521354675293,0.11773570778101572,-0.02180469036102295,-0.08526053302919501,8467,-0.03382354974746704,-0.17704177092491125,0.12089408748597981,-0.09301424026488814,0.495874058644448,0.495874058644448,0.504125941355552,0.0021458585,0.85834336,0.2102253,0.011997276077551675,0.000200288415318058
90,Single stock,25,96,49928,65,0.001201730491908348,0.00045528252120875334,0.002070128130654787,0.011436468514661112,0.0061317249810835086,0.018902908102515086,-5.7578525543212855,-0.09757852554321289,0.011476526197724723,0.005936707639698303,0.017565696697808327,0.5714285969734192,-0.00013756752014160156,0.00842477965480986,0.04025984477917788,0.05761060856043758,0.1515701604830491,0.14233096783705504,0.15949209971888145,0.012509703636169434,0.11773570778101572,-0.01732778549194336,-0.08526053302919501,8467,-0.026866376399993896,-0.17704177092491125,0.16593895209101106,-0.08276915550231578,0.49733616407626985,0.49739625060086523,0.5026037493991348,0.0016564224,0.6625689,0.16841286,0.01950809165197885,0.0002203172568498638
90,Single stock,25,98,49928,65,0.0005407787213587566,7.734387047477468e-05,0.0012109544546350947,0.015942957859317416,0.00878387099864186,0.024747256088123823,-2.8789262771606428,-0.048789262771606445,0.015942957859317416,0.0090878152913133,0.024169178960990752,0.60317462682724,0.00021159648895263672,0.004192504318521451,0.04025984477917788,0.05761060856043758,0.0747437174289575,0.07053060036985606,0.07883018508511533,0.0062912702560424805,0.11773570778101572,-0.00834035873413086,-0.08526053302919501,8467,-0.013222575187683105,-0.17704177092491125,0.4927896170485499,-0.04661488533019842,0.5071903541099183,0.5072304117929819,0.4927695882070181,0.0007174739,0.28698954,0.083640784,0.11921166479730812,0.00034049030604069863
90,Basket,6,50,5388,50,0.0,0.0,0.0,0.0,0.0,0.0,0.012040138244628906,-0.4998795986175537,0.0,0.0,0.0,,0.05382806062698364,0.05955516268743261,0.05512392723396686,0.06138466235681122,0.9871020871625995,0.9823082986128177,0.9899029143852153,0.10134673118591309,0.10268809206931317,-0.06344914436340332,-0.062324260424925004,557,-0.17538899183273315,-0.17439088602270403,0.0025983667409057165,,0.6904231625835189,0.6904231625835189,0.30957683741648107,0.0012422622,2.070437,0.9975339,0.0,0.0
90,Basket,6,55,5388,50,0.0,0.0,0.0,0.0003711952487008166,0.0,0.0011912029764013286,-0.016092061996464402,-0.4501609206199646,0.0003711952487008166,0.0,0.0012586730561020111,0.8730158805847168,0.05365705490112305,0.05926924160700333,0.05512392723396686,0.06138466235681122,0.9845060135978992,0.9761821522837943,0.9891566271383292,0.1012343168258667,0.10268809206931317,-0.06372499465942383,-0.062324260424925004,557,-0.17779314517974854,-0.17439088602270403,0.0046399406087602076,-0.011645555496220261,0.6898663697104677,0.6898663697104677,0.3101336302895323,0.0012495789,2.082631,0.9958019,0.0,0.0
90,Basket,6,60,5388,50,0.0,0.0,0.0,0.0005567928730512249,0.0,0.0017843070214710194,-0.051168203353879615,-0.4005116820335388,0.0005567928730512249,0.0,0.0017965103787795876,0.9047619104385376,0.053289175033569336,0.05860737210613936,0.05512392723396686,0.06138466235681122,0.9797244334260022,0.967217622274783,0.9885797119306836,0.10057497024536133,0.10268809206931317,-0.06494200229644775,-0.062324260424925004,557,-0.1829681396484375,-0.17439088602270403,0.006124721603563474,-0.007913112640378639,0.6880103934669636,0.6880103934669636,0.31198960653303637,0.0012662467,2.110411,0.99216175,0.0,0.0
90,Basket,6,65,5388,50,0.0,0.0,0.0,0.0005567928730512249,0.0,0.0019669848837180507,-0.03668308258056863,-0.35036683082580566,0.0005567928730512249,0.0,0.0019383630087209298,0.920634925365448,0.05286133289337158,0.05770938943604142,0.05512392723396686,0.06138466235681122,0.971400850511952,0.9532898081143172,0.9852082457064231,0.10024130344390869,0.10268809206931317,-0.06723439693450928,-0.062324260424925004,557,-0.19320446252822876,-0.17439088602270403,0.0066815144766146995,-0.031104087829592064,0.6835560504825539,0.6835560504825539,0.3164439495174462,0.0013003543,2.167257,0.98462474,0.0,0.0
90,Basket,6,70,5388,50,0.0,0.0,0.0,0.0012991833704528583,0.0,0.00408403386235124,-0.052906274795527786,-0.3005290627479553,0.0012991833704528583,0.0,0.004270093624971403,0.8571428656578064,0.05124044418334961,0.056421698323425404,0.05512392723396686,0.06138466235681122,0.9538479616213705,0.9317115827370458,0.9731792291598467,0.09812760353088379,0.10268809206931317,-0.07602453231811523,-0.062324260424925004,557,-0.18208551406860352,-0.17439088602270403,0.007423904974016332,-0.03423810005187544,0.6739049740163325,0.6739049740163325,0.3260950259836674,0.0013816525,2.3027544,0.96756446,0.0,0.0
90,Basket,6,75,5388,50,0.0,0.0,0.0,0.001855976243504083,0.0,0.006813718661156084,-0.04729628562927246,-0.2504729628562927,0.001855976243504083,0.0,0.006301140911982776,0.8571428656578064,0.04474294185638428,0.05390596696201217,0.05512392723396686,0.06138466235681122,0.904858572392898,0.8782570752613637,0.9274459159220083,0.0918649435043335,0.10268809206931317,-0.07619351148605347,-0.062324260424925004,557,-0.15904301404953003,-0.17439088602270403,0.008723088344469191,-0.023370981216430664,0.6469933184855234,0.6469933184855234,0.3530066815144766,0.0015975283,2.6625473,0.9216062,0.0,0.0
90,Basket,6,80,5388,50,0.0,0.0,0.0,0.002412769116555308,0.0,0.007324279922455791,-0.04730701446533647,-0.20047307014465332,0.002412769116555308,0.0,0.007409735866014413,0.6984127163887024,0.0298844575881958,0.04785128775223503,0.05512392723396686,0.06138466235681122,0.7855329726504963,0.7564893197931905,0.8102788002267424,0.07482743263244629,0.10268809206931317,-0.06404221057891846,-0.062324260424925004,557,-0.12825936079025269,-0.17439088602270403,0.01002227171492205,-0.03563046455383745,0.6247216035634744,0.6247216035634744,0.3752783964365256,0.0016711259,2.78521,0.8075505,0.0001855976243504083,0.0
90,Basket,6,85,5388,50,0.0,0.0,0.0,0.0025983667409057165,0.0,0.007920090007357446,-0.05807638168334739,-0.1505807638168335,0.0025983667409057165,0.0,0.007684515322149484,0.7539682388305664,0.020723581314086914,0.03795056029567917,0.05512392723396686,0.06138466235681122,0.6127333027241894,0.586854775592769,0.6354408459559261,0.05294513702392578,0.10268809206931317,-0.0480654239654541,-0.062324260424925004,557,-0.09581893682479858,-0.17439088602270403,0.013363028953229399,-0.035587549209592506,0.6195248700816629,0.6195248700816629,0.38047512991833704,0.0014253489,2.3755817,0.6341385,0.0003711952487008166,0.0
90,Basket,6,88,5388,50,0.0,0.0,0.0,0.0027839643652561247,0.0,0.008900325966245402,-0.08016872406005904,-0.12080168724060059,0.0027839643652561247,0.0,0.008585098053012774,0.761904776096344,0.0166398286819458,0.030824053161393826,0.05512392723396686,0.06138466235681122,0.4951413085057177,0.4725187181710852,0.515036274511549,0.04192519187927246,0.10268809206931317,-0.038690030574798584,-0.062324260424925004,557,-0.07687318325042725,-0.17439088602270403,0.017074981440237565,-0.029850482940674272,0.6185968819599109,0.6185968819599109,0.3814031180400891,0.0011692261,1.9487102,0.5148847,0.0005567928730512249,0.0
90,Basket,6,90,5388,50,0.0,0.0,0.0,0.002969561989606533,0.0,0.009281577411883042,-0.0463688373565696,-0.10046368837356567,0.002969561989606533,0.0,0.009569604142260013,0.7777777910232544,0.013926565647125244,0.025778434545620336,0.05512392723396686,0.06138466235681122,0.41341360119102527,0.39154609583928957,0.4304820970864959,0.03473818302154541,0.10268809206931317,-0.03204774856567383,-0.062324260424925004,557,-0.06403261423110962,-0.17439088602270403,0.02208611729769859,-0.028111934661867455,0.6174832962138085,0.6174832962138085,0.3825167037861915,0.0009714669,1.6191114,0.4319126,0.0007423904974016332,0.0
90,Basket,6,92,5388,50,0.0,0.0,0.0,0.0033407572383073497,0.0,0.010726150476164245,-0.09702277183533115,-0.08097022771835327,0.0033407572383073497,0.0,0.010712761692288018,0.7380952835083008,0.011014699935913086,0.0206752294133837,0.05512392723396686,0.06138466235681122,0.33108876701978923,0.3147897727166322,0.3437564934464407,0.02770411968231201,0.10268809206931317,-0.025452256202697754,-0.062324260424925004,557,-0.051258206367492676,-0.17439088602270403,0.028025241276911656,-0.02101194858551425,0.6200816629547142,0.6200816629547142,0.3799183370452858,0.00076232094,1.2705349,0.34726766,0.0016703786191536749,0.0
90,Basket,6,94,5388,50,0.0,0.0,0.0,0.0038975501113585748,0.0,0.011884420402914297,-0.09434843063353959,-0.06094348430633545,0.0038975501113585748,0.0,0.011792079031522903,0.7142857313156128,0.008309602737426758,0.01545410039651456,0.05512392723396686,0.06138466235681122,0.2471224544665099,0.23464786744491098,0.2568297295254259,0.02085256576538086,0.10268809206931317,-0.018901824951171875,-0.062324260424925004,557,-0.03810840845108032,-0.17439088602270403,0.046956198960653305,-0.028151512145990765,0.6189680772086117,0.6189680772086117,0.38103192279138826,0.0005490363,0.9150605,0.26098192,0.003711952487008166,0.0
90,Basket,6,95,5388,50,0.0,0.0,0.0,0.004454342984409799,0.0,0.0143960720217504,-0.1037669181823686,-0.05103766918182373,0.004454342984409799,0.0,0.013469538329341264,0.7142857313156128,0.0068138837814331055,0.012841320228116461,0.05512392723396686,0.06138466235681122,0.20529460615036163,0.19406406051104483,0.21373799657504175,0.017179250717163086,0.10268809206931317,-0.01569235324859619,-0.062324260424925004,557,-0.03157031536102295,-0.17439088602270403,0.061989606533036375,-0.05813956260680708,0.6208240534521158,0.6208240534521158,0.37917594654788417,0.00044209708,0.73682845,0.21731621,0.005382331106161841,0.0
90,Basket,6,96,5388,50,0.0,0.0,0.0,0.004083147735708983,0.0,0.012707242071418165,-0.08411622047423961,-0.04084116220474243,0.004083147735708983,0.0,0.012954441443872186,0.682539701461792,0.005558669567108154,0.010247440462477046,0.05512392723396686,0.06138466235681122,0.16372883590135892,0.15472485458400304,0.17041530296523347,0.013709068298339844,0.10268809206931317,-0.01227957010269165,-0.062324260424925004,557,-0.025110840797424316,-0.17439088602270403,0.085003711952487,-0.028785228729244494,0.6174832962138085,0.6174832962138085,0.3825167037861915,0.00033782527,0.56304216,0.17342311,0.007052709725315516,0.0
90,Basket,6,98,5388,50,0.0,0.0,0.0,0.006867112100965108,0.0005278628445610663,0.017658869680204147,-0.08342075347900213,-0.02083420753479004,0.006867112100965108,0.0007374003727092027,0.017123858556228583,0.60317462682724,0.0028648972511291504,0.004993611682585282,0.05512392723396686,0.06138466235681122,0.07983645586862897,0.07569694749195836,0.08324625601028521,0.0067397356033325195,0.10268809206931317,-0.006138503551483154,-0.062324260424925004,557,-0.012447655200958252,-0.17439088602270403,0.37639198218262804,-0.009582519531248224,0.623608017817372,0.6237936154417223,0.37620638455827765,0.00014403746,0.24006242,0.08479596,0.06570155902004454,0.0
90,Basket,25,50,5388,50,0.0,0.0,0.0,0.0001855976243504083,0.0,0.0006028122190440247,-0.00044405460357666016,-0.5000044405460358,0.0001855976243504083,0.0,0.000600744961342299,0.841269850730896,0.04982489347457886,0.05550990796854696,0.05512392723396686,0.06138466235681122,0.9539903263055718,0.9485399140367147,0.9587407103670891,0.09716308116912842,0.10268809206931317,-0.06700676679611206,-0.062324260424925004,557,-0.17861002683639526,-0.17439088602270403,0.0027839643652561247,-0.00044405460357666016,0.679101707498144,0.679101707498144,0.320898292501856,0.0051711756,2.06847,0.9974774,0.0,0.0
90,Basket,25,55,5388,50,0.0,0.0,0.0,0.0005567928730512249,0.0,0.00177377475558539,-0.01985907554626909,-0.45019859075546265,0.0005567928730512249,0.0,0.001741848405772377,0.9047619104385376,0.049654603004455566,0.05517730329243802,0.05512392723396686,0.06138466235681122,0.9511182155248379,0.9423558435720685,0.9569559468897749,0.09669852256774902,0.10268809206931317,-0.06732761859893799,-0.062324260424925004,557,-0.180916428565979,-0.17439088602270403,0.004825538233110616,-0.00917792320251909,0.6787305122494433,0.6787305122494433,0.3212694877505568,0.0052019176,2.0807672,0.99568737,0.0,0.0
90,Basket,25,60,5388,50,0.0,0.0,0.0,0.0005567928730512249,0.0,0.001945503351616995,-0.03939628601073997,-0.4003939628601074,0.0005567928730512249,0.0,0.0018650613428148454,0.9047619104385376,0.04924976825714111,0.054448908127141864,0.05512392723396686,0.06138466235681122,0.9460995637960026,0.9338603015468148,0.9543423540971219,0.09639430046081543,0.10268809206931317,-0.06872236728668213,-0.062324260424925004,557,-0.1870511770248413,-0.17439088602270403,0.006310319227913883,-0.010088682174680397,0.6768745360059392,0.6768745360059392,0.3231254639940609,0.0052716774,2.108671,0.99190795,0.0,0.0
90,Basket,25,65,5388,50,0.0,0.0,0.0,0.0009279881217520415,0.0,0.003033985460864617,-0.05626320838928445,-0.3505626320838928,0.0009279881217520415,0.0,0.0031122688144966768,0.920634925365448,0.04885965585708618,0.05341512701559173,0.05512392723396686,0.06138466235681122,0.9371015414006978,0.9219326326422486,0.9508119356413598,0.09592545032501221,0.10268809206931317,-0.07177859544754028,-0.062324260424925004,557,-0.1976994276046753,-0.17439088602270403,0.007052709725315516,-0.03464460372925027,0.6718634001484781,0.6718634001484781,0.3281365998515219,0.0054163532,2.1665413,0.9840889,0.0,0.0
90,Basket,25,70,5388,50,0.0,0.0,0.0,0.0016703786191536749,0.0,0.00556755767626177,-0.04891872406005415,-0.3004891872406006,0.0016703786191536749,0.0,0.005484683867056226,0.8571428656578064,0.04704713821411133,0.051822299625843476,0.05512392723396686,0.06138466235681122,0.9175367717937961,0.8961343944985045,0.9369568824135487,0.09348917007446289,0.10268809206931317,-0.08122456073760986,-0.062324260424925004,557,-0.1859043836593628,-0.17439088602270403,0.007980697847067557,-0.024158954620356887,0.660913140311804,0.660913140311804,0.339086859688196,0.005761274,2.3045096,0.96621716,0.0,0.0
90,Basket,25,75,5388,50,0.0,0.0,0.0,0.0022271714922048997,0.0,0.0071647512090177974,-0.047582387924194336,-0.25047582387924194,0.0022271714922048997,0.0,0.007491537209264083,0.7301587462425232,0.03933137655258179,0.048446931072138114,0.05512392723396686,0.06138466235681122,0.8599895964260527,0.8313282488276723,0.8826130451125556,0.08662843704223633,0.10268809206931317,-0.08145415782928467,-0.062324260424925004,557,-0.16200435161590576,-0.17439088602270403,0.009094283593170008,-0.019925832748413086,0.6301039346696362,0.6301039346696362,0.3698960653303638,0.0066860938,2.6744375,0.9177138,0.0,0.0
90,Basket,25,80,5388,50,0.0,0.0,0.0,0.0031551596139569415,0.0,0.01022676401070531,-0.050591230392460496,-0.20050591230392456,0.0031551596139569415,0.0,0.009544412463035853,0.682539701461792,0.02379089593887329,0.0420808449287988,0.05512392723396686,0.06138466235681122,0.7344663311106719,0.7065068551064636,0.7581895798434078,0.06762278079986572,0.10268809206931317,-0.068112313747406,-0.062324260424925004,557,-0.13087868690490723,-0.17439088602270403,0.010764662212323682,-0.03396749496460405,0.5994803266518188,0.5994803266518188,0.4005196733481811,0.0069415993,2.7766395,0.80087376,0.0001855976243504083,0.0
90,Basket,25,85,5388,50,0.0,0.0,0.0,0.0031551596139569415,0.0,0.010394409439161444,-0.07902145385741965,-0.15079021453857422,0.0031551596139569415,0.0,0.010808872885158707,0.7777777910232544,0.01633220911026001,0.03298712651775604,0.05512392723396686,0.06138466235681122,0.5670624610932731,0.5402815536028057,0.5924087358023842,0.047659993171691895,0.10268809206931317,-0.05122476816177368,-0.062324260424925004,557,-0.09789800643920898,-0.17439088602270403,0.014105419450631032,-0.019702911376950905,0.5957683741648107,0.5957683741648107,0.4042316258351893,0.005883696,2.3534784,0.6272312,0.0005567928730512249,0.0
90,Basket,25,88,5388,50,0.0,0.0,0.0,0.002969561989606533,0.0,0.009418001211757197,-0.07724213600158736,-0.12077242136001587,0.002969561989606533,0.0,0.009822435695609916,0.761904776096344,0.01333320140838623,0.026730741970877162,0.05512392723396686,0.06138466235681122,0.4570043370324258,0.43169707915172956,0.47799251967672324,0.03770339488983154,0.10268809206931317,-0.041134655475616455,-0.062324260424925004,557,-0.07836097478866577,-0.17439088602270403,0.01763177431328879,-0.029197812080383745,0.5955827765404603,0.5955827765404603,0.40441722345953973,0.0048142625,1.9257051,0.50880784,0.0005567928730512249,0.0
90,Basket,25,90,5388,50,0.0,0.0,0.0,0.003526354862657758,0.0,0.010382029304664737,-0.05033850669861062,-0.10050338506698608,0.003526354862657758,0.0,0.011048713478509399,0.761904776096344,0.01105266809463501,0.022368952598762936,0.05512392723396686,0.06138466235681122,0.3814384272727432,0.35890402437352914,0.39885597895071034,0.031366825103759766,0.10268809206931317,-0.03386896848678589,-0.062324260424925004,557,-0.0653456449508667,-0.17439088602270403,0.023570898292501856,-0.023987293243410424,0.594097995545657,0.594097995545657,0.405902004454343,0.003995615,1.598246,0.42669302,0.0009279881217520415,0.0
90,Basket,25,92,5388,50,0.0,0.0,0.0,0.003711952487008166,0.0,0.011760246976582827,-0.10847878456116122,-0.08108478784561157,0.003711952487008166,0.0,0.011313302828160317,0.7380952835083008,0.008892476558685303,0.017991791257348518,0.05512392723396686,0.06138466235681122,0.30579491665575204,0.2878579240063095,0.320883371786602,0.025194168090820312,0.10268809206931317,-0.02704310417175293,-0.062324260424925004,557,-0.05195927619934082,-0.17439088602270403,0.029324424647364514,-0.02209377288818759,0.5950259836674091,0.5950259836674091,0.40497401633259095,0.0031340397,1.2536159,0.34302822,0.0016703786191536749,0.0
90,Basket,25,94,5388,50,0.0,0.0,0.0,0.004268745360059391,0.0,0.012434340852727278,-0.10904097557067338,-0.06109040975570679,0.004268745360059391,0.0,0.012760282125341596,0.7142857313156128,0.006745457649230957,0.013543425331136963,0.05512392723396686,0.06138466235681122,0.22903153413553615,0.21485488120178475,0.23989499908007095,0.018909335136413574,0.10268809206931317,-0.02002894878387451,-0.062324260424925004,557,-0.03866046667098999,-0.17439088602270403,0.048069784706755755,-0.060200929641718304,0.5978099480326652,0.5978099480326652,0.4021900519673348,0.0022560519,0.90242076,0.2578905,0.0038975501113585748,0.0
90,Basket,25,95,5388,50,0.0,0.0,0.0,0.0046399406087602076,0.0,0.013337742144285014,-0.1105558872222856,-0.0511055588722229,0.0046399406087602076,0.0,0.014277572819577049,0.7142857313156128,0.005674242973327637,0.011295422480207243,0.05512392723396686,0.06138466235681122,0.19067894835269789,0.18033720533540376,0.19940280597341445,0.01573002338409424,0.10268809206931317,-0.016577839851379395,-0.062324260424925004,557,-0.032163023948669434,-0.17439088602270403,0.06365998515219005,-0.05623817443847212,0.5998515219005197,0.5998515219005197,0.40014847809948034,0.0018178774,0.7271509,0.21478733,0.005382331106161841,0.0
90,Basket,25,96,5388,50,0.0,0.0,0.0,0.004454342984409799,0.0,0.014460012634445081,-0.09698486328124645,-0.0409698486328125,0.004454342984409799,0.0,0.014416579659421775,0.658730149269104,0.004608631134033203,0.009067135923158352,0.05512392723396686,0.06138466235681122,0.15252617453952497,0.1434240458116312,0.15965112373743812,0.012559056282043457,0.10268809206931317,-0.01300746202468872,-0.062324260424925004,557,-0.025578737258911133,-0.17439088602270403,0.08853006681514476,-0.028978943824764514,0.6011507052709726,0.6011507052709726,0.39884929472902747,0.0013897056,0.5558822,0.1714928,0.007423904974016332,0.0
90,Basket,25,98,5388,50,0.0,0.0,0.0,0.007238307349665924,0.000406126006837766,0.017709862059689448,-0.06795334815978826,-0.0206795334815979,0.007238307349665924,0.0007125272608959806,0.018320732342892953,0.5873016119003296,0.0024644136428833008,0.004483107933753849,0.05512392723396686,0.06138466235681122,0.07503765379903267,0.07070692646336366,0.07837464206313154,0.0062139034271240234,0.10268809206931317,-0.006361961364746094,-0.062324260424925004,557,-0.012675046920776367,-0.17439088602270403,0.38919821826280626,-0.010846138000486505,0.6104305864884929,0.6108017817371938,0.38919821826280626,0.00059405295,0.23762119,0.084015325,0.06755753526354863,0.0
180,All equity (ex-basket),6,50,79815,99,0.001490947816826411,0.0005748205596997115,0.00266860911911422,0.004122032199461254,0.0015300463241310026,0.007724013187927276,-17.140650749206543,-0.6714065074920654,0.004122032199461254,0.0014155185129523266,0.00757274993935053,0.6111111044883728,0.06569921970367432,0.09244083342513054,0.06734317947911106,0.09590711906874756,0.9882084563752711,0.9843621525177111,0.9910466102196376,0.14090704917907715,0.1427285450476572,-0.10419818758964539,-0.10187045347572976,13793,-0.20439410209655762,-0.19793803567404766,0.01116331516632212,-0.26354193687438965,0.6548142579715592,0.6548267869448099,0.3451732130551901,0.0012928612,2.1547687,0.9895368,0.00010023178600513688,1.252897325064211e-05
180,All equity (ex-basket),6,55,79815,99,0.0016663534423354007,0.0006360787899720576,0.0028951819726667732,0.0049614734072542755,0.0018518581090560993,0.00945228764209288,-16.036941409111027,-0.6103694140911102,0.0049614734072542755,0.0019071686037255813,0.009194593982449498,0.6111111044883728,0.06532502174377441,0.09157153508765188,0.06734317947911106,0.09590711906874756,0.9841658064882068,0.9793525383474493,0.9884134880493546,0.14052462577819824,0.1427285450476572,-0.10622328519821167,-0.10187045347572976,13793,-0.2124118208885193,-0.19793803567404766,0.01502223892751989,-0.24160325527191606,0.6531604335024744,0.6531729624757251,0.3468270375242749,0.0013197663,2.1996105,0.9831779,0.00015034767900770532,1.252897325064211e-05
180,All equity (ex-basket),6,60,79815,99,0.0020923385328572323,0.0007556958685701166,0.003625516666157214,0.005688153855791518,0.0022202807010015917,0.010257165016754392,-21.101356148719784,-0.6110135614871979,0.005688153855791518,0.0022022453288348333,0.010424752208812761,0.5873016119003296,0.06452310085296631,0.09015667159097472,0.06734317947911106,0.09590711906874756,0.975584368731924,0.9684436379461567,0.9818489375438597,0.1395021677017212,0.1427285450476572,-0.1115536093711853,-0.10187045347572976,13793,-0.2301378846168518,-0.19793803567404766,0.019670488003508114,-0.2668654918670632,0.6492889807680261,0.6493015097412767,0.3506984902587233,0.0013674948,2.279158,0.97320104,0.00021299254526091586,1.252897325064211e-05
180,All equity (ex-basket),6,65,79815,99,0.002981895633652822,0.0011694268457785738,0.005433245607970313,0.007554970870137193,0.0034035471571911367,0.012909531900452152,-25.837802290916446,-0.6083780229091644,0.007554970870137193,0.0032496532598340856,0.013303904869841026,0.5714285969734192,0.06219053268432617,0.08815043418021949,0.06734317947911106,0.09590711906874756,0.959536962122634,0.9487398859530118,0.9685870835805752,0.13772642612457275,0.1427285450476572,-0.12402984499931335,-0.10187045347572976,13793,-0.2308216691017151,-0.19793803567404766,0.025158178287289355,-0.2597355842590354,0.6422101108814132,0.6422101108814132,0.3577898891185867,0.0014551366,2.4252274,0.95684946,0.00035081125101797905,1.252897325064211e-05
180,All equity (ex-basket),6,70,79815,99,0.0034830545636785064,0.0013567995436428349,0.00640744720252479,0.009208795339221951,0.004394829545472677,0.015492649268562853,-30.83780229091644,-0.6083780229091644,0.009208795339221951,0.00454206715773494,0.015503550651692193,0.5476190447807312,0.05727994441986084,0.08529169309679177,0.06734317947911106,0.09590711906874756,0.9290958961450182,0.9133031103417713,0.9427884546022728,0.13385581970214844,0.1427285450476572,-0.13474014401435852,-0.10187045347572976,13793,-0.21338367462158203,-0.19793803567404766,0.03152289669861555,-0.2269637584686235,0.6262983148530978,0.6263108438263484,0.37368915617365156,0.0016246134,2.7076893,0.92797524,0.000576332769529537,2.505794650128422e-05
180,All equity (ex-basket),6,75,79815,99,0.0039967424669548335,0.0016150502576263326,0.007389134143810851,0.010486750610787446,0.005241312258552287,0.01633772000668745,-35.83780229091644,-0.6083780229091644,0.01051180855728873,0.004997665370362288,0.017500685728647214,0.5396825671195984,0.04546058177947998,0.08080271647469797,0.06734317947911106,0.09590711906874756,0.8681548772276044,0.8488251558600801,0.8851679072178935,0.12317347526550293,0.1427285450476572,-0.12521463632583618,-0.10187045347572976,13793,-0.1846824288368225,-0.19793803567404766,0.03846394787947128,-0.20521879196166992,0.5951888742717534,0.5951888742717534,0.40481112572824657,0.0019502272,3.2503786,0.8720711,0.0009522019670488004,8.770281275449476e-05
180,All equity (ex-basket),6,80,79815,99,0.0038463947879471276,0.0015884231531089984,0.007249151728128891,0.011200902086074046,0.005749633691319581,0.0179368469512175,-28.67024421691895,-0.48670244216918945,0.011263546952327256,0.005781627893489885,0.018087190668084063,0.5476190447807312,0.02454519271850586,0.07228139012870892,0.06734317947911106,0.09590711906874756,0.7568622370804904,0.7322113065733536,0.7752774740168351,0.09839248657226562,0.1427285450476572,-0.10444808006286621,-0.10187045347572976,13793,-0.15012085437774658,-0.19793803567404766,0.04655766459938608,-0.20077705383301225,0.565445091774729,0.5654576207479797,0.43454237925202027,0.0021275862,3.5459774,0.76735175,0.0014032450040719162,8.770281275449476e-05
180,All equity (ex-basket),6,85,79815,99,0.003658460189187496,0.0012511127130734711,0.0069632828612752485,0.012153104053122846,0.005967368587762933,0.019836941503832625,-21.502683162689205,-0.3650268316268921,0.012265864812378626,0.006302527510258347,0.02014368008808815,0.5476190447807312,0.01426708698272705,0.05896692546486504,0.06734317947911106,0.09590711906874756,0.6023096942020139,0.5793348672020372,0.6226609647377116,0.06483840942382812,0.1427285450476572,-0.0792270302772522,-0.10187045347572976,13793,-0.112964928150177,-0.19793803567404766,0.05793397231096912,-0.1560336351394631,0.5527281839253273,0.552740712898578,0.44725928710142204,0.0019390088,3.2316816,0.6140034,0.0023178600513687904,0.00010023178600513688
180,All equity (ex-basket),6,88,79815,99,0.0032575330451669487,0.0011919202166188797,0.006035689364571342,0.012691849902900457,0.006306233332253369,0.02101818851437103,-17.20214533805847,-0.2920214533805847,0.012792081688905594,0.006650412093701283,0.021008516542738408,0.5555555820465088,0.010517001152038574,0.049174815341284164,0.06734317947911106,0.09590711906874756,0.49574648106142,0.47337079175375973,0.5173204149209446,0.05007624626159668,0.1427285450476572,-0.0634898841381073,-0.10187045347572976,13793,-0.09040075540542603,-0.19793803567404766,0.06854601265426298,-0.10829615592956587,0.5493829480674058,0.5493829480674058,0.4506170519325941,0.0016626936,2.7711556,0.50576305,0.0034705255904278645,0.00010023178600513688
180,All equity (ex-basket),6,90,79815,99,0.0028190189813944748,0.0010287248529699472,0.005644440033514095,0.013042661153918436,0.006298259938967534,0.021137336969232673,-14.335122108459474,-0.24335122108459473,0.013167950886424858,0.0066745231906968575,0.021557813818038837,0.5555555820465088,0.008495211601257324,0.0420300154632803,0.06734317947911106,0.09590711906874756,0.4202657851794211,0.39817562133307716,0.440876649447763,0.04106175899505615,0.1427285450476572,-0.052796751260757446,-0.10187045347572976,13793,-0.07525420188903809,-0.19793803567404766,0.07875712585353631,-0.10420322418213113,0.5477291235983212,0.5477291235983212,0.4522708764016789,0.0014254422,2.375737,0.42875165,0.004936415460752991,0.00010023178600513688
180,All equity (ex-basket),6,92,79815,99,0.0023303890246194323,0.0007118693260950393,0.00497856212334199,0.013506233164192194,0.0065098439028941635,0.02188898564162652,-11.468098878860477,-0.19468098878860474,0.0136565808431999,0.006729671441976146,0.02272088202382629,0.5555555820465088,0.006700873374938965,0.03441518739538892,0.06734317947911106,0.09590711906874756,0.3413562665983585,0.3219504935929139,0.35953465452709776,0.032536983489990234,0.1427285450476572,-0.04215723276138306,-0.10187045347572976,13793,-0.05992621183395386,-0.19793803567404766,0.09421787884482867,-0.0825895071029703,0.5469899141765332,0.5470149721230345,0.4529850278769655,0.0011540601,1.9234335,0.3484345,0.0074797970306333394,0.00010023178600513688
180,All equity (ex-basket),6,94,79815,99,0.0018793459875963165,0.0005570786199487315,0.0038884386906745745,0.014621311783499341,0.007341912985185583,0.02385463294343832,-8.601069688796992,-0.14601069688796997,0.014696485623003195,0.007186561110495061,0.024409707467946046,0.579365074634552,0.004958748817443848,0.02633511921684821,0.06734317947911106,0.09590711906874756,0.2592370289400979,0.24255307553212074,0.27470768216248626,0.024193167686462402,0.1427285450476572,-0.031467050313949585,-0.10187045347572976,13793,-0.04467487335205078,-0.19793803567404766,0.12437511745912422,-0.056195497512812054,0.5475537179728122,0.5475662469460628,0.45243375305393724,0.00085784047,1.4297342,0.2650914,0.0134185303514377,0.00010023178600513688
180,All equity (ex-basket),6,95,79815,99,0.001591179602831548,0.00043286393620941996,0.0032020849661939617,0.01568627450980392,0.00800431300658009,0.02538363898883776,-7.167561054229732,-0.12167561054229736,0.015773977322558416,0.007989811595137725,0.02583121772723432,0.5873016119003296,0.0041637420654296875,0.022182001515990517,0.06734317947911106,0.09590711906874756,0.2174130149578348,0.2035389384072264,0.23216240166515573,0.020119071006774902,0.1427285450476572,-0.026081562042236328,-0.10187045347572976,13793,-0.03704172372817993,-0.19793803567404766,0.14895696297688404,-0.053985118865962356,0.5472530226147967,0.5472655515880473,0.45273444841195265,0.00070323964,1.1720661,0.2222986,0.0188936916619683,0.00011276075925577899
180,All equity (ex-basket),6,96,79815,99,0.0012278393785629268,0.0003316103711427907,0.0024385326984058277,0.016776295182609785,0.008756030582812515,0.028118863933635167,-5.7340464591979945,-0.09734046459197998,0.016851469022113638,0.008735944387402762,0.027752070692625797,0.5873016119003296,0.0033785104751586914,0.017951091275450835,0.06734317947911106,0.09590711906874756,0.17504473766730977,0.1622803064727099,0.18762686904669315,0.01604783535003662,0.1427285450476572,-0.020688682794570923,-0.10187045347572976,13793,-0.029512226581573486,-0.19793803567404766,0.1888993296999311,-0.048562049865719104,0.5485309778863622,0.5485810937793648,0.45141890622063524,0.0005458661,0.9097768,0.17875405,0.02986907222953079,0.0001378187057570632
180,All equity (ex-basket),6,98,79815,99,0.00046357201027375807,8.568802115919129e-05,0.0009787599873401786,0.024794838063020734,0.014737487309083202,0.037552139298938116,-2.8670232295989972,-0.04867023229598999,0.024895069849025873,0.014588278536810235,0.03807920504282621,0.5873016119003296,0.0018610954284667969,0.008977628737727271,0.06734317947911106,0.09590711906874756,0.08703087966816374,0.07950986352899787,0.09476967025892888,0.007999777793884277,0.1427285450476572,-0.010015219449996948,-0.10187045347572976,13793,-0.01450502872467041,-0.19793803567404766,0.44505418780930905,-0.025282382965086114,0.554945812190691,0.5549959280836936,0.4450040719163065,0.00023796866,0.39661443,0.08921456,0.14627576270124662,0.00017540562550898953
180,All equity (ex-basket),25,50,79815,99,0.001490947816826411,0.0006026044138473258,0.002593445007817916,0.004134561172711896,0.0015911642829467905,0.008005664315258398,-17.03490912914276,-0.6703490912914276,0.004122032199461254,0.0015257913165630695,0.007691630833653806,0.5873016119003296,0.06164205074310303,0.08813916616538993,0.06734317947911106,0.09590711906874756,0.9668896412070875,0.9629709494614351,0.9702756587104685,0.13657259941101074,0.1427285450476572,-0.10767874121665955,-0.10187045347572976,13793,-0.2076948881149292,-0.19793803567404766,0.011802292802104868,-0.2758339047431946,0.646419845893629,0.646419845893629,0.353580154106371,0.005381348,2.152539,0.98924994,0.00010023178600513688,1.252897325064211e-05
180,All equity (ex-basket),25,55,79815,99,0.001691411388836685,0.0006117320301358527,0.00292636418211865,0.005086763139760696,0.001961535239245931,0.009219567558201027,-16.572122573852543,-0.6157212257385254,0.005074234166510054,0.0019412878927091723,0.009466623773690326,0.6269841194152832,0.061251282691955566,0.08716311827231968,0.06734317947911106,0.09590711906874756,0.9625534486508813,0.9574525732402202,0.9667495378122498,0.13613879680633545,0.1427285450476572,-0.10982313752174377,-0.10187045347572976,13793,-0.21643829345703125,-0.19793803567404766,0.015623629643550711,-0.20284831523895708,0.644565557852534,0.644565557852534,0.355434442147466,0.005493436,2.1973746,0.98269415,0.00015034767900770532,1.252897325064211e-05
180,All equity (ex-basket),25,60,79815,99,0.002167512372361085,0.0008312825532123782,0.0037840270077883656,0.0060264361335588545,0.0025287790727182703,0.010709735766713899,-21.29142045974731,-0.6129142045974731,0.0060264361335588545,0.0024287402964356347,0.011361275955241773,0.5873016119003296,0.060304880142211914,0.08555441692584455,0.06734317947911106,0.09590711906874756,0.9533027865289817,0.9456165377176846,0.9596553162749828,0.135046124458313,0.1427285450476572,-0.11580783128738403,-0.10187045347572976,13793,-0.23621982336044312,-0.19793803567404766,0.020622689970556912,-0.2424335479736306,0.6405938733320804,0.6405938733320804,0.35940612666791955,0.005693268,2.2773073,0.97239184,0.00022552151851155797,1.252897325064211e-05
180,All equity (ex-basket),25,65,79815,99,0.0030194825534047487,0.0010885185428234257,0.005576253698890678,0.007818079308400677,0.0034982988101565646,0.013554023668804639,-25.986566543579105,-0.609865665435791,0.007818079308400677,0.003578559784702397,0.012968165462351475,0.5714285969734192,0.05773019790649414,0.08320844270961518,0.06734317947911106,0.09590711906874756,0.9358482153075872,0.9243810419920839,0.9449688316748753,0.13317179679870605,0.1427285450476572,-0.130074143409729,-0.10187045347572976,13793,-0.23607158660888672,-0.19793803567404766,0.026511307398358705,-0.25623679161072,0.632800851970181,0.6328133809434316,0.3671866190565683,0.0060617304,2.4246922,0.9554133,0.00036334022426862117,1.252897325064211e-05
180,All equity (ex-basket),25,70,79815,99,0.003558228403182359,0.001253337839361036,0.0062273025826588375,0.009359143018229656,0.00468730936958673,0.015362183398583168,-30.986566543579098,-0.609865665435791,0.009359143018229656,0.0046193700644376135,0.01581248105466216,0.5555555820465088,0.05226719379425049,0.07969803737121395,0.06734317947911106,0.09590711906874756,0.9019032810572104,0.8857406787241583,0.9167391031597875,0.12876832485198975,0.1427285450476572,-0.14111027121543884,-0.10187045347572976,13793,-0.21770524978637695,-0.19793803567404766,0.03316419219444967,-0.2382707595825151,0.6155735137505481,0.6155735137505481,0.38442648624945186,0.0067762304,2.7104921,0.9252496,0.0006013907160308213,2.505794650128422e-05
180,All equity (ex-basket),25,75,79815,99,0.004134561172711896,0.0016496290741472525,0.007259742741887612,0.01068721418279772,0.0052848350751565345,0.017475109268408104,-35.9865665435791,-0.609865665435791,0.01068721418279772,0.005450118961550729,0.01730033477269916,0.5396825671195984,0.03812265396118164,0.07390561619475844,0.06734317947911106,0.09590711906874756,0.8320001367181591,0.8099998156460573,0.8506362535968108,0.11642062664031982,0.1427285450476572,-0.13103485107421875,-0.10187045347572976,13793,-0.18843293190002441,-0.19793803567404766,0.040769278957589423,-0.2115011215209961,0.5788761510994174,0.5788761510994174,0.4211238489005826,0.008156464,3.2625856,0.8665826,0.0010399047798032952,8.770281275449476e-05
180,All equity (ex-basket),25,80,79815,99,0.003871452734448412,0.0014324243536494707,0.0073136342328766575,0.011714589989350373,0.006116086159397491,0.01984484139727159,-28.789250850677494,-0.4878925085067749,0.01170206101609973,0.006109119185217599,0.01901647796218384,0.5476190447807312,0.016080141067504883,0.06456100110279425,0.06734317947911106,0.09590711906874756,0.7128712837534378,0.6897594181844849,0.7330494654984643,0.08866357803344727,0.1427285450476572,-0.10920646786689758,-0.10187045347572976,13793,-0.15299618244171143,-0.19793803567404766,0.049088517196015785,-0.17795443534851518,0.5442961849276452,0.5443087139008959,0.4556912860991042,0.008836632,3.5346527,0.7590426,0.0014658898703251268,0.00010023178600513688
180,All equity (ex-basket),25,85,79815,99,0.00362087326943557,0.0012687579536993906,0.007087449511151168,0.012491386330890183,0.0061540047286129836,0.019898097220093273,-21.591941118240353,-0.36591941118240356,0.012491386330890183,0.006803010899094049,0.019718591951664696,0.5476190447807312,0.008111000061035156,0.05179821452811899,0.06734317947911106,0.09590711906874756,0.5593941214929116,0.5348362287659608,0.580493848528487,0.05655944347381592,0.1427285450476572,-0.08252060413360596,-0.10187045347572976,13793,-0.1150212287902832,-0.19793803567404766,0.061254150222389274,-0.1328325271606423,0.530576959218192,0.530576959218192,0.4694230407818079,0.007993845,3.197538,0.605101,0.0024682077303764954,0.00010023178600513688
180,All equity (ex-basket),25,88,79815,99,0.0032324750986656645,0.001106005042731733,0.006248917875415836,0.013318298565432563,0.006722377053521456,0.02115253631312475,-17.27355170249939,-0.2927355170249939,0.013318298565432563,0.006772820032352778,0.020845872402705225,0.5634920597076416,0.005833745002746582,0.042962742329002254,0.06734317947911106,0.09590711906874756,0.4578487062745915,0.43083426542947545,0.4804017553019196,0.043898940086364746,0.1427285450476572,-0.06606194376945496,-0.10187045347572976,13793,-0.09188693761825562,-0.19793803567404766,0.07177848775292865,-0.10060715675354048,0.5274823028252835,0.5274948317985341,0.4725051682014659,0.0068276464,2.7310586,0.49765238,0.0035707573764330014,0.00010023178600513688
180,All equity (ex-basket),25,90,79815,99,0.0028190189813944748,0.00096425946249098,0.005339215793154277,0.013731754682703752,0.007176689013619292,0.022890301934521715,-14.394625425338747,-0.24394625425338745,0.013769341602455678,0.006803166210916692,0.023282484767019017,0.5714285969734192,0.004668831825256348,0.03666263693505,0.06734317947911106,0.09590711906874756,0.38715205013289455,0.3643242906534814,0.4064055702896415,0.03607058525085449,0.1427285450476572,-0.05485919117927551,-0.10187045347572976,13793,-0.07640945911407471,-0.19793803567404766,0.08227776733696673,-0.08956730365753396,0.5271440205475161,0.5271690784940174,0.4728309215059826,0.005839363,2.335745,0.42155746,0.005124350059512623,0.00010023178600513688
180,All equity (ex-basket),25,92,79815,99,0.0023429179978700747,0.0007043051997753647,0.004713996024457055,0.0143707323184865,0.007547579755862287,0.023058592315619457,-11.515699148178104,-0.195156991481781,0.014395790264987784,0.006834522385918037,0.023159537750894237,0.5714285969734192,0.0037800073623657227,0.03002262248928995,0.06734317947911106,0.09590711906874756,0.3139863410835029,0.2938921126715053,0.33348921110532187,0.02881944179534912,0.1427285450476572,-0.04377931356430054,-0.10187045347572976,13793,-0.06077367067337036,-0.19793803567404766,0.09887865689406754,-0.0713808536529581,0.5272943682265239,0.5273068971997745,0.47269310280022553,0.0047186995,1.8874797,0.34244147,0.007855666228152603,0.00010023178600513688
180,All equity (ex-basket),25,94,79815,99,0.0018918749608469586,0.0005704763874226904,0.0037039177201949637,0.015636158616801354,0.007856833544304527,0.02539034619746416,-8.63677287101745,-0.14636772871017456,0.01573639040280649,0.007729265728651771,0.02587869027039851,0.5873016119003296,0.0029184818267822266,0.02304449275809034,0.06734317947911106,0.09590711906874756,0.2385427802649353,0.22158450396034454,0.2539112377626611,0.021578431129455566,0.1427285450476572,-0.032463669776916504,-0.10187045347572976,13793,-0.04527771472930908,-0.19793803567404766,0.1298377497964042,-0.04935288429259721,0.528547265551588,0.5285973814445906,0.4714026185554094,0.0035027436,1.4010974,0.26052162,0.013844515441959531,0.00011276075925577899
180,All equity (ex-basket),25,95,79815,99,0.0016037085760821901,0.000453328026717414,0.003021334619074897,0.016788824155860426,0.008477995909146765,0.026900270477894093,-7.197315692901607,-0.12197315692901611,0.01680135312911107,0.00898303365879145,0.02711731067271491,0.5873016119003296,0.0025669336318969727,0.019472985169660968,0.06734317947911106,0.09590711906874756,0.2003126801709266,0.18500626934098516,0.21498205664782893,0.018052101135253906,0.1427285450476572,-0.02688390016555786,-0.10187045347572976,13793,-0.03750598430633545,-0.19793803567404766,0.15552214496022052,-0.04721999168395552,0.52995051055566,0.5299755685021612,0.47002443149783873,0.002868944,1.1475778,0.21852179,0.019570256217502975,0.0001252897325064211
180,All equity (ex-basket),25,96,79815,99,0.001252897325064211,0.0003754847350913811,0.0024407722812237556,0.018179540186681702,0.00990639085120844,0.02873887821440147,-5.7578525543212855,-0.09757852554321289,0.01821712710643363,0.009656832195779085,0.029175385155182042,0.5873016119003296,0.002188444137573242,0.01583987423734827,0.06734317947911106,0.09590711906874756,0.16165535885438298,0.14870643415308982,0.17445160696422837,0.014491796493530273,0.1427285450476572,-0.021286487579345703,-0.10187045347572976,13793,-0.02987891435623169,-0.19793803567404766,0.19670488003508113,-0.042822122573848986,0.5317922696235043,0.531804798596755,0.468195201403245,0.0022264908,0.8905962,0.17579359,0.031096911608093716,0.0001378187057570632
180,All equity (ex-basket),25,98,79815,99,0.0004886299567750423,8.957589301469996e-05,0.0010807211728845185,0.02607279333458623,0.015278638955565691,0.039125347391903806,-2.8789262771606428,-0.048789262771606445,0.02606026436133559,0.015730205751247995,0.04005647061662183,0.5873016119003296,0.0013871192932128906,0.008031913807448427,0.06734317947911106,0.09590711906874756,0.08100393923043542,0.07345524805267568,0.0877704253793069,0.007368206977844238,0.1427285450476572,-0.010236173868179321,-0.10187045347572976,13793,-0.01467275619506836,-0.19793803567404766,0.4580592620434755,-0.025043964385984552,0.5419407379565244,0.5419657959030257,0.45803420409697426,0.00097185886,0.38874355,0.08792977,0.15122470713525027,0.00020046357201027376
180,Index/ETF,6,50,30170,99,0.0,0.0,0.0,0.0,0.0,0.0,0.018781423568725586,-0.49981218576431274,0.0,0.0,0.0,,0.05573630332946777,0.05190827552356347,0.057009055285317745,0.054020503952047445,0.9893689879304027,0.9884189393630223,0.9902139374732167,0.10274142026901245,0.10408096561359781,-0.08040916919708252,-0.07874619953469436,3979,-0.17654025554656982,-0.17393747847320973,0.0013921113689095127,,0.6737487570434206,0.6737487570434206,0.32625124295657937,0.0012509981,2.084997,0.99712455,0.0,0.0
180,Index/ETF,6,55,30170,99,0.0,0.0,0.0,0.0,0.0,0.0,0.011028051376338333,-0.4498897194862366,0.0,0.0,0.0,,0.055579960346221924,0.051300184401527005,0.057009055285317745,0.054020503952047445,0.9880848782964053,0.9868898559575328,0.9892488200777596,0.10267859697341919,0.10408096561359781,-0.08125784993171692,-0.07874619953469436,3979,-0.18161040544509888,-0.17393747847320973,0.0027842227378190253,,0.6733178654292343,0.6733178654292343,0.32668213457076567,0.0012693189,2.1155314,0.99356323,0.0,0.0
180,Index/ETF,6,60,30170,99,9.943652635067949e-05,0.0,0.00034804078782885834,9.943652635067949e-05,0.0,0.0003279569893119518,-2.959499359130857,-0.4295949935913086,9.943652635067949e-05,0.0,0.0003333814490594151,0.0714285746216774,0.05529177188873291,0.05049720016543661,0.057009055285317745,0.054020503952047445,0.9840643798512896,0.9796820082993456,0.9876244303137707,0.1024051308631897,0.10408096561359781,-0.08307483792304993,-0.07874619953469436,3979,-0.1955205798149109,-0.17393747847320973,0.004839244282399735,-1.987025737762449,0.671461716937355,0.671461716937355,0.328538283062645,0.0012996488,2.166081,0.9876115,3.314550878355983e-05,0.0
180,Index/ETF,6,65,30170,99,0.00033145508783559825,0.0,0.0011326243990875122,0.00036460059661915813,0.0,0.0011832595372765762,-6.987025737762453,-0.4198702573776245,0.00036460059661915813,0.0,0.0011608227627119556,0.230158731341362,0.05438119173049927,0.049462011107791526,0.057009055285317745,0.054020503952047445,0.97499140459266,0.9663535638451263,0.9820435423683697,0.10162711143493652,0.10408096561359781,-0.08872014284133911,-0.07874619953469436,3979,-0.20269107818603516,-0.17393747847320973,0.0071925754060324825,-3.5612964630126975,0.6679151474975141,0.6679151474975141,0.3320848525024859,0.0013587974,2.2646627,0.9773194,3.314550878355983e-05,0.0
180,Index/ETF,6,70,30170,99,0.00043089161418627777,0.0,0.0014214395765493645,0.0005303281405369572,0.0,0.0018232463599725285,-7.831163406372066,-0.3783116340637207,0.0005303281405369572,0.0,0.0016550853216259584,0.329365074634552,0.05211818218231201,0.04809059207708898,0.057009055285317745,0.054020503952047445,0.9549242536458191,0.9425792640076021,0.96644636267852,0.10009133815765381,0.10408096561359781,-0.09952345490455627,-0.07874619953469436,3979,-0.18975627422332764,-0.17393747847320973,0.010507126284388466,-5.782393813133235,0.6563473649320517,0.6563473649320517,0.3436526350679483,0.0014895812,2.4826353,0.9564283,3.314550878355983e-05,0.0
180,Index/ETF,6,75,30170,99,0.0006297646668876367,0.0,0.0020617534015705628,0.0007954922108054359,0.0,0.0023479017570168154,-8.094543218612671,-0.3309454321861267,0.0007954922108054359,0.0,0.0022385843913279536,0.4880952537059784,0.04473823308944702,0.04613336278462118,0.057009055285317745,0.054020503952047445,0.9004423555120395,0.8838331420277349,0.9149273205679208,0.09392869472503662,0.10408096561359781,-0.09541168808937073,-0.07874619953469436,3979,-0.16428130865097046,-0.17393747847320973,0.015081206496519721,-4.704150557518005,0.6286377195889957,0.6286377195889957,0.37136228041100433,0.0017766171,2.9610283,0.9073259,3.314550878355983e-05,0.0
180,Index/ETF,6,80,30170,99,0.0007292011932383163,0.0,0.002336156945121093,0.0009943652635067948,0.0,0.0027896437538374457,-8.744792938232425,-0.2874479293823242,0.0009943652635067948,0.0,0.002904903358909255,0.6071428656578064,0.029184460639953613,0.040899581070723896,0.057009055285317745,0.054020503952047445,0.7750259998062687,0.7518369086400635,0.7925295844912235,0.0750734806060791,0.10408096561359781,-0.0792594850063324,-0.07874619953469436,3979,-0.13238435983657837,-0.17393747847320973,0.019423268147166058,-4.220851063728337,0.6061982101425257,0.6062313556513093,0.39376864434869074,0.0019232384,3.2053971,0.7948746,6.629101756711965e-05,0.0
180,Index/ETF,6,85,30170,99,0.0008286377195889957,0.0,0.0027549545426363404,0.0011932383162081537,0.0,0.0033636889191133988,-9.717187881469725,-0.24717187881469727,0.0011932383162081537,0.0,0.003308617924022556,0.7222222089767456,0.02041637897491455,0.032218337663562635,0.057009055285317745,0.054020503952047445,0.5994553493142102,0.5756064091761162,0.6190586567979888,0.052616000175476074,0.10408096561359781,-0.05992168188095093,-0.07874619953469436,3979,-0.09934085607528687,-0.17393747847320973,0.025687769307258867,-3.40187609195709,0.6007292011932384,0.6007623467020219,0.3992376532979781,0.0016493656,2.7489424,0.6231181,0.0001325820351342393,0.0
180,Index/ETF,6,88,30170,99,0.0008286377195889957,0.0,0.0029014139762512034,0.0012926748425588332,3.4101964216354876e-05,0.003437898385388306,-9.162933111190796,-0.21162933111190796,0.0012926748425588332,3.427662728755528e-05,0.003357740370178609,0.7460317611694336,0.01615583896636963,0.026151687513331842,0.057009055285317745,0.054020503952047445,0.48369660131084996,0.4637124553629197,0.5013092601563416,0.04193145036697388,0.10408096561359781,-0.047908902168273926,-0.07874619953469436,3979,-0.07952970266342163,-0.17393747847320973,0.03128936029168048,-2.528751373291016,0.6006960556844547,0.6006960556844547,0.3993039443155452,0.0013419478,2.2365797,0.50536764,0.0002320185614849188,0.0
180,Index/ETF,6,90,30170,99,0.0008286377195889957,0.0,0.0027894755025437063,0.001325820351342393,3.350662505572609e-05,0.0035618209428968112,-7.91430711746216,-0.17914307117462158,0.001325820351342393,3.942683369138134e-05,0.003436536083467362,0.7460317611694336,0.013408839702606201,0.021877498995360848,0.057009055285317745,0.054020503952047445,0.4038599954816961,0.38500685339935886,0.4195032782437701,0.03491473197937012,0.10408096561359781,-0.03990212082862854,-0.07874619953469436,3979,-0.06608045101165771,-0.17393747847320973,0.037852171030825325,-2.1169596910476707,0.6002651640702685,0.6002651640702685,0.3997348359297315,0.001105625,1.8427082,0.42378378,0.00036460059661915813,0.0
180,Index/ETF,6,92,30170,99,0.0008286377195889957,0.0,0.0028394630546340408,0.0014915478952601923,0.00010915099009605382,0.0035619664787945593,-5.639217615127567,-0.13639217615127563,0.0014915478952601923,0.0001052044653466255,0.003586856988952627,0.7460317611694336,0.010774075984954834,0.01748128711762395,0.057009055285317745,0.054020503952047445,0.32238685224219105,0.3070711590650985,0.33546025774978927,0.027885496616363525,0.10408096561359781,-0.031765639781951904,-0.07874619953469436,3979,-0.0527418851852417,-0.17393747847320973,0.04683460391117004,-1.3941330909729044,0.6007292011932384,0.6007954922108054,0.3992045077891946,0.0008577313,1.4295522,0.34051818,0.0008949287371561154,0.0
180,Index/ETF,6,94,30170,99,0.0007954922108054359,0.0,0.002577807610705943,0.00192243950944647,0.0003545423725576051,0.004264131110478955,-4.167610645294184,-0.1016761064529419,0.00192243950944647,0.0003034878346126081,0.004066153024898573,0.8253968358039856,0.008090436458587646,0.013040677697839505,0.057009055285317745,0.054020503952047445,0.24040638190440322,0.22868819814564964,0.24921607787893002,0.02086108922958374,0.10408096561359781,-0.023723363876342773,-0.07874619953469436,3979,-0.039427876472473145,-0.17393747847320973,0.06562810739144846,-0.05382025241851274,0.6024196221411998,0.6024527676499835,0.3975472323500166,0.00060806866,1.0134479,0.25586504,0.0033808418959231025,0.0
180,Index/ETF,6,95,30170,99,0.0007292011932383163,0.0,0.0024890287700259153,0.002353331123632748,0.00032669004680655514,0.005072699288928538,-3.473443984985347,-0.08473443984985352,0.002353331123632748,0.000388900107045543,0.005032133712445768,0.7857142686843872,0.006743192672729492,0.010798587959493119,0.057009055285317745,0.054020503952047445,0.19920065608472312,0.1897154772643251,0.20692223504266663,0.017378628253936768,0.10408096561359781,-0.019658923149108887,-0.07874619953469436,3979,-0.0327068567276001,-0.17393747847320973,0.08309579052038449,-0.05146384239196333,0.6022538945972821,0.6022870401060656,0.39771295989393435,0.0004866147,0.8110245,0.21302254,0.006330792177659927,0.0
180,Index/ETF,6,96,30170,99,0.0004971826317533974,0.0,0.0018101940164618397,0.0027510772290354657,0.0004735328178357355,0.005601769361312041,-2.768119335174557,-0.0676811933517456,0.0027510772290354657,0.000464383904431489,0.0057200543503859586,0.7777777910232544,0.005514979362487793,0.00860880984942329,0.057009055285317745,0.054020503952047445,0.15853438359822575,0.1516356756405124,0.16461686840084783,0.013856828212738037,0.10408096561359781,-0.015602976083755493,-0.07874619953469436,3979,-0.025937020778656006,-0.17393747847320973,0.11524693404043752,-0.04363870620727184,0.6033476963871396,0.6034139874047066,0.39658601259529336,0.0003676387,0.6127311,0.16992083,0.012098110705999338,0.0
180,Index/ETF,6,98,30170,99,9.943652635067949e-05,0.0,0.00031244819726668915,0.00573417301955585,0.0018702232148552472,0.010671441519709892,-1.3233880996704084,-0.0332338809967041,0.00576731852833941,0.0020256379771606517,0.010636149240022269,0.738095223903656,0.0027690529823303223,0.00417893830616426,0.057009055285317745,0.054020503952047445,0.07722353090712336,0.07403449349343233,0.07998840044519749,0.006803691387176514,0.10408096561359781,-0.007514387369155884,-0.07874619953469436,3979,-0.012855470180511475,-0.17393747847320973,0.3913158766987073,-0.020686864852903497,0.6086841233012926,0.6087835598276433,0.3912164401723566,0.00015100947,0.25168243,0.08291111,0.09151474975140868,0.0
180,Index/ETF,25,50,30170,99,0.0,0.0,0.0,0.0,0.0,0.0,0.011932849884033203,-0.49988067150115967,0.0,0.0,0.0,,0.051725924015045166,0.04783791399650081,0.057009055285317745,0.054020503952047445,0.9568362228764191,0.9525230044356482,0.960446624369463,0.09855252504348755,0.10408096561359781,-0.08395662903785706,-0.07874619953469436,3979,-0.17998063564300537,-0.17393747847320973,0.0016572754391779914,,0.6629764666887636,0.6629764666887636,0.3370235333112363,0.0052078646,2.0831459,0.9969861,0.0,0.0
180,Index/ETF,25,55,30170,99,0.0,0.0,0.0,0.0,0.0,0.0,0.0076901912689164575,-0.4499230980873108,0.0,0.0,0.0,,0.051557719707489014,0.047167016715453404,0.057009055285317745,0.054020503952047445,0.9554323729222822,0.9519771451603033,0.9586578546269748,0.09848988056182861,0.10408096561359781,-0.08480212092399597,-0.07874619953469436,3979,-0.18505078554153442,-0.17393747847320973,0.0029499502817368246,,0.6624129930394431,0.6624129930394431,0.3375870069605568,0.0052839704,2.113588,0.9932912,0.0,0.0
180,Index/ETF,25,60,30170,99,9.943652635067949e-05,0.0,0.00032603190883712124,0.0001325820351342393,0.0,0.0003461084876830388,-3.1761801242828347,-0.43176180124282837,0.0001325820351342393,0.0,0.00039923006188878466,0.0912698432803154,0.05117666721343994,0.04624946313778375,0.057009055285317745,0.054020503952047445,0.9510131957249062,0.9463775425831702,0.9551928425054887,0.09820765256881714,0.10408096561359781,-0.0870143473148346,-0.07874619953469436,3979,-0.20120960474014282,-0.17393747847320973,0.005369572422936692,-2.094653844833372,0.6607557176002652,0.6607557176002652,0.3392442823997348,0.0054106074,2.1642427,0.9871288,3.314550878355983e-05,0.0
180,Index/ETF,25,65,30170,99,0.00033145508783559825,0.0,0.0011239730963911107,0.0004971826317533974,0.0,0.0013773071439133254,-7.207396030426027,-0.42207396030426025,0.0004971826317533974,0.0,0.001364900266378195,0.3492063581943512,0.050175487995147705,0.044999874286158495,0.057009055285317745,0.054020503952047445,0.9410172290938897,0.9319257901394461,0.9477130285592774,0.09735661745071411,0.10408096561359781,-0.09319251775741577,-0.07874619953469436,3979,-0.2081693410873413,-0.17393747847320973,0.00768975803778588,-2.0589375495910667,0.6568776930725887,0.6568776930725887,0.34312230692741136,0.005660458,2.2641833,0.97641116,3.314550878355983e-05,0.0
180,Index/ETF,25,70,30170,99,0.00043089161418627777,0.0,0.0014347055344188237,0.0006629101756711965,0.0,0.002035327105433114,-8.067322969436642,-0.38067322969436646,0.0006629101756711965,0.0,0.0019989175214482286,0.408730149269104,0.04763394594192505,0.043182659481075136,0.057009055285317745,0.054020503952047445,0.9180471055625093,0.9049865816362507,0.9293221169515764,0.09562188386917114,0.10408096561359781,-0.10557055473327637,-0.07874619953469436,3979,-0.19438326358795166,-0.17393747847320973,0.0116340735830295,-4.7687035799026445,0.6439177991382168,0.6439177991382168,0.3560822008617832,0.0062125674,2.485027,0.95445496,3.314550878355983e-05,0.0
180,Index/ETF,25,75,30170,99,0.0006297646668876367,0.0,0.00209277936045363,0.0009280742459396752,0.0,0.0025475105715596414,-8.148831129074097,-0.33148831129074097,0.0009280742459396752,0.0,0.002439334054598214,0.567460298538208,0.03865838050842285,0.04016443951698104,0.057009055285317745,0.054020503952047445,0.8524310013503995,0.8312557228923546,0.8686535956180714,0.08825719356536865,0.10408096561359781,-0.10141173005104065,-0.07874619953469436,3979,-0.1682753562927246,-0.17393747847320973,0.016506463374212795,-4.305097460746765,0.610838581372224,0.610838581372224,0.3891614186277759,0.007437944,2.9751775,0.9025519,3.314550878355983e-05,0.0
180,Index/ETF,25,80,30170,99,0.0007292011932383163,0.0,0.00238649382470616,0.001160092807424594,0.0,0.003264556823543906,-8.771841526031498,-0.28771841526031494,0.001160092807424594,0.0,0.002951749021256339,0.6269841194152832,0.02190035581588745,0.0343196667520898,0.057009055285317745,0.054020503952047445,0.716859251277726,0.6926851802860157,0.7386714402148391,0.06707078218460083,0.10408096561359781,-0.08417591452598572,-0.07874619953469436,3979,-0.13549000024795532,-0.17393747847320973,0.02088167053364269,-3.5578596591949507,0.5830957905203845,0.5830957905203845,0.41690420947961554,0.007983523,3.1934097,0.78695345,6.629101756711965e-05,0.0
180,Index/ETF,25,85,30170,99,0.0008286377195889957,0.0,0.0028750033648039064,0.001126947298641034,0.0,0.003005494997161776,-9.37014579772949,-0.24370145797729492,0.001126947298641034,0.0,0.003145127689703085,0.6468254327774048,0.015196681022644043,0.026544977554154386,0.057009055285317745,0.054020503952047445,0.5469938436381756,0.5229165189633408,0.5673377083767029,0.04656577110290527,0.10408096561359781,-0.063296377658844,-0.07874619953469436,3979,-0.10165959596633911,-0.17393747847320973,0.02724560822008618,-3.5871899127960183,0.5785217103082533,0.5785217103082533,0.4214782896917468,0.0067905523,2.716221,0.61501807,0.0001325820351342393,0.0
180,Index/ETF,25,88,30170,99,0.0008286377195889957,0.0,0.0027265634096865343,0.0014252568776930727,3.436198093362861e-05,0.003484888503945847,-9.836119890213013,-0.21836119890213013,0.0014252568776930727,3.372828386111264e-05,0.0036786666012769893,0.7460317611694336,0.012166440486907959,0.021521559111677656,0.057009055285317745,0.054020503952047445,0.44027491603266794,0.4174277438573766,0.45956417799389687,0.03726494312286377,0.10408096561359781,-0.05044448375701904,-0.07874619953469436,3979,-0.08121341466903687,-0.17393747847320973,0.033543254888962544,-2.4684314727783208,0.5787868743785217,0.5788200198873052,0.42117998011269475,0.0055072834,2.2029133,0.4983821,0.0002320185614849188,0.0
180,Index/ETF,25,90,30170,99,0.0008286377195889957,0.0,0.0027859442013071696,0.0014915478952601923,3.654433469144442e-05,0.003739309381673378,-7.891454696655275,-0.17891454696655273,0.0014915478952601923,3.639742386987387e-05,0.003961627010146456,0.7460317611694336,0.010216772556304932,0.018058102682879874,0.057009055285317745,0.054020503952047445,0.36776139897450827,0.349244629644519,0.3837704273000778,0.031095147132873535,0.10408096561359781,-0.041945695877075195,-0.07874619953469436,3979,-0.06741303205490112,-0.17393747847320973,0.039608882996354,-1.7768287658691428,0.5799469671859463,0.5799801126947298,0.4200198873052701,0.0045322254,1.81289,0.41785717,0.00036460059661915813,0.0
180,Index/ETF,25,92,30170,99,0.0008286377195889957,0.0,0.0026095747152818614,0.0015909844216108718,0.00011214211480535878,0.00395528912337592,-5.670712709426883,-0.1367071270942688,0.0015909844216108718,9.288511088443517e-05,0.003756502812912873,0.7698412537574768,0.00834566354751587,0.01451573672775089,0.057009055285317745,0.054020503952047445,0.29413862317885525,0.2782705650015403,0.3059199902445089,0.024988770484924316,0.10408096561359781,-0.03334707021713257,-0.07874619953469436,3979,-0.05377990007400513,-0.17393747847320973,0.0494199535962877,-1.3531429767608683,0.5808087504143189,0.5808418959231024,0.4191581040768976,0.0035142074,1.4056829,0.33580595,0.0009943652635067948,0.0
180,Index/ETF,25,94,30170,99,0.0007954922108054359,0.0,0.0027371778620910833,0.002121312562147829,0.0003790273886914006,0.004764667399946802,-4.195457935333247,-0.10195457935333252,0.002121312562147829,0.0003560068321339313,0.004603022952242263,0.8015873432159424,0.006456196308135986,0.010929542606067374,0.057009055285317745,0.054020503952047445,0.2201767994503806,0.20950153439003802,0.22976695982134485,0.018827617168426514,0.10408096561359781,-0.024790942668914795,-0.07874619953469436,3979,-0.04009217023849487,-0.17393747847320973,0.06917467683128936,-0.04947209358214799,0.582532316871064,0.5825654623798475,0.4174345376201525,0.002492127,0.9968507,0.25243703,0.003612860457408021,0.0
180,Index/ETF,25,95,30170,99,0.0007292011932383163,0.0,0.0025240139897420365,0.002485913158766987,0.0003168244513170288,0.005342387012984373,-3.4957063198089555,-0.0849570631980896,0.002485913158766987,0.000477266563858914,0.005199736221656721,0.7857142686843872,0.00540924072265625,0.009113901701438177,0.057009055285317745,0.054020503952047445,0.1830554089789068,0.1742367363676997,0.19068029124119334,0.015713512897491455,0.10408096561359781,-0.02050909399986267,-0.07874619953469436,3979,-0.03319418430328369,-0.17393747847320973,0.0878687437852171,-0.027371644973750442,0.5845541929068612,0.5846204839244282,0.4153795160755718,0.0019949256,0.79797024,0.21027407,0.006927411335764004,0.0
180,Index/ETF,25,96,30170,99,0.0004971826317533974,0.0,0.001743304648006405,0.0029830957905203847,0.0005499537625375859,0.005899859391914449,-2.7940235137939418,-0.06794023513793945,0.0029830957905203847,0.0006112686972718285,0.006000058163514161,0.7619047164916992,0.0044977664947509766,0.007335543859704346,0.057009055285317745,0.054020503952047445,0.14631233853221037,0.13897163106290786,0.15217899459479295,0.012657761573791504,0.10408096561359781,-0.01624205708503723,-0.07874619953469436,3979,-0.026326477527618408,-0.17393747847320973,0.12157772621809745,-0.03400361537932994,0.5870069605568445,0.5870401060656281,0.4129598939343719,0.0015076362,0.60305446,0.16781846,0.012761020881670533,0.0
180,Index/ETF,25,98,30170,99,0.00016572754391779913,0.0,0.0005431279837889766,0.006330792177659927,0.0022323632269290647,0.01199032447312678,-1.3484041690826398,-0.033484041690826416,0.006297646668876367,0.0020608998983918506,0.012153066429965748,0.7301587462425232,0.0023592114448547363,0.003663614089021945,0.057009055285317745,0.054020503952047445,0.07229746602831975,0.06899293522377181,0.07499049443381184,0.006328761577606201,0.10408096561359781,-0.007793456315994263,-0.07874619953469436,3979,-0.013050436973571777,-0.17393747847320973,0.4058336095459065,-0.017319202423093927,0.5941663904540935,0.594199535962877,0.40580046403712294,0.0006212799,0.24851196,0.082082056,0.09472986410341398,0.0
180,Single stock,6,50,49645,65,0.0023970188337194076,0.0008828120295013683,0.004236864667636246,0.006627052069694834,0.00233657894210107,0.012450934936714968,-17.140650749206543,-0.6714065074920654,0.006627052069694834,0.002635297187982092,0.012610993969469247,0.6111111044883728,0.07762551307678223,0.11707306772647565,0.07971876250248489,0.12136223394579145,0.9878540497259359,0.9834899851489083,0.9914421704414108,0.18137621879577637,0.18331331667084338,-0.12336587905883789,-0.11903356172851426,9814,-0.21782702207565308,-0.2084981620491912,0.017101420082586364,-0.26354193687438965,0.6433074831302246,0.643327626145634,0.356672373854366,0.001318302,2.19717,0.9849258,0.00016114412327525432,2.014301540940679e-05
180,Single stock,6,55,49645,65,0.0026790210494511027,0.000982051522243686,0.004705032940859997,0.007976634102125088,0.0028605952081022425,0.01456723274213286,-16.036941409111027,-0.6103694140911102,0.007976634102125088,0.0030971663097825656,0.014848894312703337,0.6111111044883728,0.07675588130950928,0.11604502990486183,0.07971876250248489,0.12136223394579145,0.9829689884422811,0.9765577502407345,0.9883663335808679,0.18075060844421387,0.18331331667084338,-0.126907616853714,-0.11903356172851426,9814,-0.22854182124137878,-0.2084981620491912,0.02245946218148857,-0.24160325527191606,0.6409104642965052,0.6409306073119146,0.3590693926880854,0.0013504239,2.2507064,0.97686666,0.00024171618491288145,2.014301540940679e-05
180,Single stock,6,60,49645,65,0.003303454527142713,0.0012646149298186932,0.00583601713556145,0.009084499949642461,0.003464754119141532,0.016691678933428166,-21.101356148719784,-0.6110135614871979,0.009084499949642461,0.003536828781682654,0.01671006208401164,0.5873016119003296,0.07499372959136963,0.1142583183410701,0.07971876250248489,0.12136223394579145,0.9729947171934967,0.9639108266204067,0.9808188283607678,0.17922139167785645,0.18331331667084338,-0.13495174050331116,-0.11903356172851426,9814,-0.24744057655334473,-0.2084981620491912,0.028683653942995265,-0.2634918689727761,0.6358142813979253,0.6358344244133347,0.36416557558666535,0.001408726,2.3478765,0.96444356,0.00032228824655050863,2.014301540940679e-05
180,Single stock,6,65,49645,65,0.004592607513344748,0.002023964275612767,0.00769216112977809,0.01192466512236882,0.0053710312259635,0.01950007213511229,-25.837802290916446,-0.6083780229091644,0.01192466512236882,0.005462710436364234,0.021025749652059927,0.5833333730697632,0.0712968111038208,0.11166196049898577,0.07971876250248489,0.12136223394579145,0.9548174375660397,0.9421227423006373,0.965461430230512,0.17630577087402344,0.18331331667084338,-0.15212038159370422,-0.11903356172851426,9814,-0.24431541562080383,-0.2084981620491912,0.036076140598247555,-0.2453112602233909,0.626588780340417,0.626588780340417,0.373411219659583,0.0015136829,2.5228052,0.9444096,0.0005438614160539832,2.014301540940679e-05
180,Single stock,6,70,49645,65,0.005337899083492799,0.0020932980996902417,0.009343418116545486,0.01448282807936348,0.006898131742651878,0.024722976914490886,-30.83780229091644,-0.6083780229091644,0.01448282807936348,0.007029358287943808,0.024137787545641116,0.5555555820465088,0.06380462646484375,0.10789935182907968,0.07971876250248489,0.12136223394579145,0.9212083539242008,0.9029639418798141,0.9365504496841373,0.1700955629348755,0.18331331667084338,-0.15719249844551086,-0.11903356172851426,9814,-0.22383153438568115,-0.2084981620491912,0.044294490885285524,-0.21035194396972212,0.6080370631483533,0.6080572061637627,0.39194279383623726,0.0017066745,2.8444576,0.910684,0.0009064356934233055,4.028603081881358e-05
180,Single stock,6,75,49645,65,0.006042904622822036,0.0025512479419462822,0.01042723223686857,0.016376271527847718,0.008788378009669463,0.02625028126542511,-35.83780229091644,-0.6083780229091644,0.01641655755866653,0.008567116146504865,0.02750524379535982,0.5476190447807312,0.04627823829650879,0.10187179494845398,0.07971876250248489,0.12136223394579145,0.8582948290939082,0.8381147691541561,0.8770324844761472,0.1564542055130005,0.18331331667084338,-0.14401781558990479,-0.11903356172851426,9814,-0.19332683086395264,-0.2084981620491912,0.05267398529559875,-0.19393563270568848,0.5748615167690603,0.5748615167690603,0.42513848323093967,0.0020557325,3.426221,0.85064614,0.001510726155705509,0.00014100110786584752
180,Single stock,6,80,49645,65,0.005740759391680935,0.0024689482803531885,0.010127370496817683,0.017403565313727463,0.008898669820709085,0.028488301007610562,-28.67024421691895,-0.48670244216918945,0.0175042803907745,0.00892024641771312,0.029286815926353172,0.5396825671195984,0.019179821014404297,0.09135257915639364,0.07971876250248489,0.12136223394579145,0.7513153320795027,0.7266937974445468,0.7717266270464735,0.1256474256515503,0.18331331667084338,-0.11986666917800903,-0.11903356172851426,9814,-0.15696445107460022,-0.2084981620491912,0.06304763823144324,-0.1874405145645186,0.540678819619297,0.540678819619297,0.45932118038070296,0.0022517715,3.7529526,0.75062567,0.0022157316950347466,0.00014100110786584752
180,Single stock,6,85,49645,65,0.005378185114311613,0.0021864263628066853,0.00913248515517648,0.01881357639238594,0.009437023891045976,0.03054796043052981,-21.502683162689205,-0.3650268316268921,0.0189948635310706,0.009894198762522741,0.02959478644009012,0.5476190447807312,0.007531166076660156,0.07522243747947463,0.07971876250248489,0.12136223394579145,0.6031813627087949,0.577865516711965,0.6249070762469282,0.07947385311126709,0.18331331667084338,-0.0910646915435791,-0.11903356172851426,9814,-0.11837518215179443,-0.2084981620491912,0.07753046631080673,-0.13835787773132102,0.5235572565213013,0.5235572565213013,0.47644274347869875,0.0021150296,3.5250497,0.6084643,0.0036458857891026285,0.00016114412327525432
180,Single stock,6,88,49645,65,0.004733608621210595,0.0020345876440382394,0.00857015074320066,0.01961929700876221,0.010233719065001787,0.031608728137672897,-17.20214533805847,-0.2920214533805847,0.019780441132037467,0.009575446484922789,0.031467145178393156,0.5476190447807312,0.004583954811096191,0.06316631028678364,0.07971876250248489,0.12136223394579145,0.4994263099195055,0.47453585430074874,0.5218683488388999,0.059691548347473145,0.18331331667084338,-0.07297298312187195,-0.11903356172851426,9814,-0.09462359547615051,-0.2084981620491912,0.09118743075838454,-0.1054381132125859,0.518199214422399,0.518199214422399,0.481800785577601,0.0018576153,3.0960255,0.5060034,0.005438614160539833,0.00016114412327525432
180,Single stock,6,90,49645,65,0.004028603081881358,0.0015879107593859004,0.0070107115038022475,0.020163158424816197,0.010298246340331997,0.032420258550197555,-14.335122108459474,-0.24335122108459473,0.020364588578910263,0.010692686217974668,0.03330596715429178,0.5555555820465088,0.003319859504699707,0.05427699747228685,0.07971876250248489,0.12136223394579145,0.4252758350404177,0.40129554959610236,0.445397383541719,0.048339128494262695,0.18331331667084338,-0.06085875630378723,-0.11903356172851426,9814,-0.0786784291267395,-0.2084981620491912,0.10361567126598852,-0.10180115699768288,0.5158021955886797,0.5158021955886797,0.4841978044113204,0.0016197996,2.699666,0.43177074,0.0077147749018028,0.00016114412327525432
180,Single stock,6,92,49645,65,0.0032430254809144928,0.0011284028624516066,0.005988057728613907,0.020807734917917212,0.01085861365952478,0.0345681218713167,-11.468098878860477,-0.19468098878860474,0.021049451102830092,0.010681684733881524,0.03345173947763666,0.5476190447807312,0.0023840665817260742,0.04470616879090044,0.07971876250248489,0.12136223394579145,0.3471492039399534,0.3262943828130998,0.3694347234329265,0.03820538520812988,0.18331331667084338,-0.048593372106552124,-0.11903356172851426,9814,-0.0626070499420166,-0.2084981620491912,0.12301339510524725,-0.08134675025940341,0.514331755463793,0.514331755463793,0.48566824453620705,0.0013341435,2.2235723,0.35324538,0.01148151878336187,0.00016114412327525432
180,Single stock,6,94,49645,65,0.0025380199415852554,0.0008567742795999864,0.004558691626301921,0.022338604089032127,0.010434691203301299,0.036170515931900384,-8.601069688796992,-0.14601069688796997,0.02245946218148857,0.010412529706271899,0.036828777812704036,0.5634920597076416,0.0017855167388916016,0.034414347752017765,0.07971876250248489,0.12136223394579145,0.2649875890961105,0.24382125062789914,0.2844270472667823,0.028244495391845703,0.18331331667084338,-0.03626197576522827,-0.11903356172851426,9814,-0.04681769013404846,-0.2084981620491912,0.16007654345855574,-0.056565046310419476,0.5142108973713365,0.5142108973713365,0.48578910262866354,0.0010096304,1.6827174,0.2706984,0.019518581931715177,0.00016114412327525432
180,Single stock,6,95,49645,65,0.0021150166179877126,0.0007503293086730299,0.0038913832570820657,0.02378890119850942,0.012394032732908592,0.037155358603033296,-7.167561054229732,-0.12167561054229736,0.023929902306375265,0.01235811176855933,0.03769098022336188,0.5753968358039856,0.001469731330871582,0.029099870123091464,0.07971876250248489,0.12136223394579145,0.2229747603978185,0.20562939094877095,0.24137061240430363,0.023444175720214844,0.18331331667084338,-0.030096620321273804,-0.11903356172851426,9814,-0.03884202241897583,-0.2084981620491912,0.18898177057105447,-0.054563283920283645,0.5138281800785578,0.5138281800785578,0.48617181992144226,0.0008348858,1.3914764,0.22793582,0.02652835129418874,0.0001812871386846611
180,Single stock,6,96,49645,65,0.0016718702789807634,0.0005792455323655533,0.003038308801864189,0.025299627354214926,0.01311831362849094,0.04028489707816713,-5.7340464591979945,-0.09734046459197998,0.025420485446671366,0.013744462164290778,0.04126325232079398,0.567460298538208,0.0012555122375488281,0.023628533729338458,0.07971876250248489,0.12136223394579145,0.1800867197134584,0.1638038103547845,0.1965354342962253,0.018725872039794922,0.18331331667084338,-0.02391141653060913,-0.11903356172851426,9814,-0.030826270580291748,-0.2084981620491912,0.23365897874911876,-0.048672318458553576,0.5152180481418068,0.5152583341726257,0.4847416658273744,0.00065417745,1.0902958,0.18412209,0.0406687481115923,0.00022157316950347468
180,Single stock,6,98,49645,65,0.0006848625239198308,8.449481792856736e-05,0.0015785961486821977,0.03637828582938866,0.022053214025918012,0.055972028513362464,-2.8670232295989972,-0.04867023229598999,0.03651928693725451,0.022535730067177743,0.05383245019403011,0.5714285969734192,0.0009076595306396484,0.011893863813168022,0.07971876250248489,0.12136223394579145,0.09002587760500852,0.08105425413876875,0.09962038365024675,0.00937652587890625,0.18331331667084338,-0.01153719425201416,-0.11903356172851426,9814,-0.01514899730682373,-0.2084981620491912,0.4777117534494914,-0.02652513980865301,0.5222882465505087,0.522308389565918,0.477691610434082,0.00029081505,0.48469174,0.09304527,0.1795548393594521,0.00028200221573169504
180,Single stock,25,50,49645,65,0.0023970188337194076,0.0009051270373856933,0.004327856751950345,0.00664719508510424,0.0024302447665671403,0.01269873844760405,-17.03490912914276,-0.6703490912914276,0.006627052069694834,0.0022055480303970563,0.012269802202587176,0.5873016119003296,0.07352113723754883,0.11263083255546717,0.07971876250248489,0.12136223394579145,0.9699597846160994,0.9653019713112951,0.9737866754570307,0.17688560485839844,0.18331331667084338,-0.12689289450645447,-0.11903356172851426,9814,-0.2212909758090973,-0.2084981620491912,0.017967569745190856,-0.2758339047431946,0.6363581428139793,0.6363581428139793,0.36364185718602077,0.0054867766,2.1947107,0.98454857,0.00016114412327525432,2.014301540940679e-05
180,Single stock,25,55,49645,65,0.0027193070802699164,0.0010376461985524355,0.004761835777494901,0.008178064256219156,0.003077816995742778,0.015595793097143493,-16.572122573852543,-0.6157212257385254,0.00815792124080975,0.003214954372513969,0.015257761354666999,0.6269841194152832,0.07257115840911865,0.11146934012690031,0.07971876250248489,0.12136223394579145,0.964728104374352,0.9574761649394742,0.9700277752214888,0.17618930339813232,0.18331331667084338,-0.13049596548080444,-0.11903356172851426,9814,-0.23295795917510986,-0.2084981620491912,0.023325611844093062,-0.20284831523895708,0.633719407795347,0.633719407795347,0.36628059220465303,0.005620732,2.2482927,0.9762542,0.00024171618491288145,2.014301540940679e-05
180,Single stock,25,60,49645,65,0.003424312619599154,0.001343626101306458,0.005883897463808231,0.009608218350287037,0.003958357703902676,0.017598033464131697,-21.29142045974731,-0.6129142045974731,0.009608218350287037,0.004059997812159238,0.017299099881218926,0.5952380895614624,0.0705263614654541,0.1094406180696817,0.07971876250248489,0.12136223394579145,0.954001988719248,0.9445137814728161,0.9620536417814141,0.17461609840393066,0.18331331667084338,-0.13925406336784363,-0.11903356172851426,9814,-0.2528630197048187,-0.2084981620491912,0.029892234867559674,-0.23584723472594993,0.6283412226810353,0.6283412226810353,0.37165877731896463,0.005865046,2.3460183,0.96343595,0.0003424312619599154,2.014301540940679e-05
180,Single stock,25,65,49645,65,0.004653036559572968,0.0018623837782940273,0.008223324071431441,0.012267096384328734,0.005701398872244502,0.020948818982182888,-25.986566543579105,-0.609865665435791,0.012267096384328734,0.005335081788324435,0.021082490043624197,0.579365074634552,0.06656205654144287,0.10642835426839628,0.07971876250248489,0.12136223394579145,0.9342696861859353,0.9205885739723904,0.9462661634910976,0.1715782880783081,0.18331331667084338,-0.15852880477905273,-0.11903356172851426,9814,-0.2492474913597107,-0.2084981620491912,0.03794944103132239,-0.2515101432800315,0.618168999899285,0.6181891429146943,0.38181085708530565,0.006305589,2.5222356,0.9426525,0.0005640044314633901,2.014301540940679e-05
180,Single stock,25,70,49645,65,0.005458757175949239,0.0023596795640236576,0.009533366149940173,0.014643972202638736,0.007134310881110433,0.023987266014695623,-30.986566543579098,-0.609865665435791,0.014643972202638736,0.006937893596514088,0.024138513569983176,0.5555555820465088,0.057814598083496094,0.10188897202617393,0.07971876250248489,0.12136223394579145,0.8969732309219254,0.8780049549027608,0.9117025603778013,0.16466689109802246,0.18331331667084338,-0.16330298781394958,-0.11903356172851426,9814,-0.22799548506736755,-0.2084981620491912,0.046248363379997985,-0.22029995918273482,0.5983482727364287,0.5983482727364287,0.40165172726357135,0.007118777,2.8475108,0.907501,0.000946721724242119,4.028603081881358e-05
180,Single stock,25,75,49645,65,0.006264477792325511,0.002728372427302779,0.01058093789960764,0.0166179877127606,0.008547044708709517,0.027219644061277855,-35.9865665435791,-0.609865665435791,0.0166179877127606,0.008345482696151037,0.02611340487644477,0.5396825671195984,0.037471652030944824,0.09441062778441588,0.07971876250248489,0.12136223394579145,0.825760897254728,0.8017729147821067,0.8444975843797187,0.14851808547973633,0.18331331667084338,-0.14949330687522888,-0.11903356172851426,9814,-0.19682049751281738,-0.2084981620491912,0.055514150468325106,-0.20276904106140137,0.5594521099808641,0.5594521099808641,0.44054789001913586,0.00859312,3.437248,0.84472346,0.0016517272635713565,0.00014100110786584752
180,Single stock,25,80,49645,65,0.005781045422499748,0.00251172285063761,0.0104254415151271,0.01812871386846611,0.009804740694740256,0.02873515850472219,-28.789250850677494,-0.4878925085067749,0.018108570853056703,0.009547968692472522,0.0288488161272792,0.5396825671195984,0.009728193283081055,0.08293910680046278,0.07971876250248489,0.12136223394579145,0.7116534261245856,0.6825735346485946,0.7340690804895672,0.11474466323852539,0.18331331667084338,-0.12435439229011536,-0.11903356172851426,9814,-0.1596701741218567,-0.2084981620491912,0.06623023466612953,-0.1670765876770064,0.5207170913485749,0.5207372343639843,0.4792627656360157,0.009355078,3.7420316,0.74208087,0.0023164467720817807,0.00016114412327525432
180,Single stock,25,85,49645,65,0.005317756068083392,0.0022434062532247466,0.009482381707438212,0.019397723839258738,0.010036014300884421,0.03088847762630396,-21.591941118240353,-0.36591941118240356,0.019397723839258738,0.010070118401158857,0.030906682413733722,0.5476190447807312,0.0004767179489135742,0.06714497975129377,0.07971876250248489,0.12136223394579145,0.5631809559877518,0.5347438412372859,0.58497910983998,0.0690913200378418,0.18331331667084338,-0.09424230456352234,-0.11903356172851426,9814,-0.12019994854927063,-0.2084981620491912,0.0819216436700574,-0.1237666606903054,0.5014402256017726,0.5014402256017726,0.4985597743982274,0.008725104,3.4900415,0.5990742,0.0038876019740155103,0.00016114412327525432
180,Single stock,25,88,49645,65,0.004693322590391781,0.0017701294364966301,0.008454382945011144,0.020545875717594923,0.010501500330039727,0.03376074263118494,-17.27355170249939,-0.2927355170249939,0.020545875717594923,0.010673566157115915,0.032785488015025226,0.5555555820465088,-0.0009221434593200684,0.055992866161546986,0.07971876250248489,0.12136223394579145,0.46321544368747825,0.4352402272302841,0.4858140500646746,0.05171334743499756,0.18331331667084338,-0.07540526986122131,-0.11903356172851426,9814,-0.09614473581314087,-0.2084981620491912,0.09501460368617182,-0.09937632083892867,0.49630375667237386,0.49630375667237386,0.5036962433276262,0.0076300506,3.05202,0.49720892,0.005599758283815087,0.00016114412327525432
180,Single stock,25,90,49645,65,0.004028603081881358,0.0017131842282232044,0.0073912579476228596,0.021170309195286535,0.010582400408885861,0.03516807715630587,-14.394625425338747,-0.24394625425338745,0.021230738241514755,0.011427716933098844,0.03385155601143014,0.5555555820465088,-0.0010409951210021973,0.04796888728026045,0.07971876250248489,0.12136223394579145,0.39307362604790086,0.36658089265344,0.4147188860495459,0.04206514358520508,0.18331331667084338,-0.0627409815788269,-0.11903356172851426,9814,-0.07977136969566345,-0.2084981620491912,0.10820827877933327,-0.08834242820739968,0.49505488971699063,0.49507503273240006,0.5049249672676,0.0066337297,2.6534917,0.42380622,0.008016920132943901,0.00016114412327525432
180,Single stock,25,92,49645,65,0.0032631684963239,0.0011892885881164455,0.006056023976252132,0.02213717393493806,0.01090963410981611,0.03470619442836917,-11.515699148178104,-0.195156991481781,0.022177459965756874,0.011565954277649438,0.034973916733726046,0.5555555820465088,-0.0008586645126342773,0.039446386079291636,0.07971876250248489,0.12136223394579145,0.32004749742900135,0.29607399932836354,0.3401253736243005,0.03333723545074463,0.18331331667084338,-0.04996111989021301,-0.11903356172851426,9814,-0.0634690523147583,-0.2084981620491912,0.12893544163561285,-0.07096362113953036,0.4947728875012589,0.4947728875012589,0.5052271124987411,0.0054506874,2.180275,0.34647396,0.012025380199415852,0.00016114412327525432
180,Single stock,25,94,49645,65,0.002558162956994662,0.0010180560240687741,0.0045467310732617925,0.02384933024473764,0.012379141055036747,0.03862950141183795,-8.63677287101745,-0.14636772871017456,0.02401047436801289,0.012283131669607823,0.039480874447728125,0.5714285969734192,-0.0005082488059997559,0.03040692696267354,0.07971876250248489,0.12136223394579145,0.2441514392397475,0.22558893877900282,0.26172161753622103,0.024954915046691895,0.18331331667084338,-0.037171870470047,-0.11903356172851426,9814,-0.047366052865982056,-0.2084981620491912,0.1667035955282506,-0.04935288429259721,0.4957397522409105,0.4958001812871387,0.5041998187128613,0.0041169105,1.6467642,0.2654347,0.02006244334776916,0.0001812871386846611
180,Single stock,25,95,49645,65,0.0021351596333971197,0.0006369359418776992,0.00379977661804127,0.025480914492899586,0.012705340161038052,0.03959989281953474,-7.197315692901607,-0.12197315692901611,0.025501057508308993,0.012786083462044975,0.04031190860051493,0.579365074634552,-0.000379025936126709,0.025768353247740967,0.07971876250248489,0.12136223394579145,0.2055827580354959,0.18749562228767916,0.22252423887221504,0.020776987075805664,0.18331331667084338,-0.030810177326202393,-0.11903356172851426,9814,-0.03929224610328674,-0.2084981620491912,0.19663611642662907,-0.04734516143798384,0.4967670460267902,0.4967670460267902,0.5032329539732098,0.0034000983,1.3600394,0.22353402,0.027253499848927384,0.00020143015409406788
180,Single stock,25,96,49645,65,0.001712156309799577,0.0004897055028163299,0.0031597706257042234,0.02741464397220264,0.014511080914524844,0.042736906018345865,-5.7578525543212855,-0.09757852554321289,0.02747507301843086,0.015153644682427412,0.04334994155784963,0.579365074634552,-0.00013339519500732422,0.021008081458488707,0.07971876250248489,0.12136223394579145,0.16634085697722117,0.14999917413829505,0.18125537771245787,0.016685009002685547,0.18331331667084338,-0.02440318465232849,-0.11903356172851426,9814,-0.031175851821899414,-0.2084981620491912,0.24236076140598248,-0.04293537139892223,0.4982374861516769,0.4982374861516769,0.501762513848323,0.0026633488,1.0653396,0.18064018,0.042239903313526034,0.00022157316950347468
180,Single stock,25,98,49645,65,0.0006848625239198308,6.285821265407576e-05,0.001592347117365437,0.03807029912377883,0.022302553054076055,0.05517329940221681,-2.8789262771606428,-0.048789262771606445,0.03807029912377883,0.022848708891405965,0.058097309654234666,0.5714285969734192,0.0003955364227294922,0.010686594087535587,0.07971876250248489,0.12136223394579145,0.08366274844716451,0.07418751429679708,0.09398139943184115,0.008563637733459473,0.18331331667084338,-0.01173543930053711,-0.11903356172851426,9814,-0.015328645706176758,-0.2084981620491912,0.48979756269513547,-0.026236057281492364,0.5102024373048646,0.5102225803202739,0.48977741967972604,0.001184911,0.47396436,0.09148352,0.18555745795145534,0.00032228824655050863
180,Basket,6,50,5336,50,0.0,0.0,0.0,0.0028110944527736134,0.0,0.009202996184592714,-0.03929436206817627,-0.5003929436206818,0.0028110944527736134,0.0,0.009812768384897814,0.817460298538208,0.11199617385864258,0.12490585701598757,0.11393297803178049,0.127898408237934,0.9871238295237884,0.976740018193117,0.9931169177654299,0.1657160520553589,0.16758153990197333,-0.10110396146774292,-0.09866877154489595,639,-0.2069968581199646,-0.2015368848992939,0.006746626686656672,-0.010150671005249023,0.7541229385307346,0.7541229385307346,0.24587706146926536,0.0012978156,2.1630259,0.9931876,0.0,0.0
180,Basket,6,55,5336,50,0.0,0.0,0.0,0.004122938530734633,0.0,0.013728554956442686,-0.037996768951420457,-0.45037996768951416,0.004122938530734633,0.0,0.014126190599722503,0.7896825075149536,0.1117396354675293,0.12421739438752542,0.11393297803178049,0.127898408237934,0.9846012993763403,0.9727083939830281,0.9919257926962503,0.16555547714233398,0.16758153990197333,-0.10324099659919739,-0.09866877154489595,639,-0.21383988857269287,-0.2015368848992939,0.009370314842578711,-0.01731395721435991,0.7520614692653673,0.7520614692653673,0.24793853073463268,0.0013215683,2.2026138,0.9893026,0.0,0.0
180,Basket,6,60,5336,50,0.0,0.0,0.0,0.005059970014992503,0.0,0.016709619011904826,-0.05328416824340598,-0.4005328416824341,0.005059970014992503,0.0,0.017285843823341154,0.7222222089767456,0.11118024587631226,0.12293089764273685,0.11393297803178049,0.127898408237934,0.9782020834599872,0.9640741788081032,0.9878162364711494,0.16482001543045044,0.16758153990197333,-0.11067524552345276,-0.09866877154489595,639,-0.2280140519142151,-0.2015368848992939,0.013118440779610194,-0.014892816543576881,0.7488755622188905,0.7488755622188905,0.25112443778110943,0.0013642862,2.2738104,0.9823484,0.0,0.0
180,Basket,6,65,5336,50,0.0,0.0,0.0,0.005247376311844078,0.0,0.018633225760500624,-0.06299853324890359,-0.350629985332489,0.005247376311844078,0.0,0.017947874385814994,0.6984127163887024,0.10938900709152222,0.12114382434686621,0.11393297803178049,0.127898408237934,0.9658615735107218,0.9484582743006912,0.9803836408815267,0.16323256492614746,0.16758153990197333,-0.12608587741851807,-0.09866877154489595,639,-0.22699177265167236,-0.2015368848992939,0.016304347826086956,-0.023710131645204857,0.7402548725637181,0.7402548725637181,0.25974512743628186,0.0014349594,2.391599,0.97028875,0.0001874062968515742,0.0
180,Basket,6,70,5336,50,0.0,0.0,0.0,0.005622188905547227,0.0,0.018665813268498303,-0.052906274795527786,-0.3005290627479553,0.005622188905547227,0.0,0.01907923875636032,0.6507936716079712,0.10482817888259888,0.11876029698834427,0.11393297803178049,0.127898408237934,0.9428961736854706,0.9221364068875494,0.962906451329231,0.16088414192199707,0.16758153990197333,-0.13270258903503418,-0.09866877154489595,639,-0.21129202842712402,-0.2015368848992939,0.018928035982008994,-0.02446591854095015,0.7265742128935532,0.7265742128935532,0.27342578710644677,0.0015667025,2.6111708,0.9488348,0.0001874062968515742,0.0
180,Basket,6,75,5336,50,0.0,0.0,0.0,0.005997001499250375,0.0,0.019539623967668243,-0.07717013359069824,-0.250771701335907,0.005997001499250375,0.0,0.019326213056968074,0.6309523582458496,0.09305959939956665,0.11349784823014461,0.11393297803178049,0.127898408237934,0.891386206464651,0.8648995471440266,0.9166298261804848,0.15073329210281372,0.16758153990197333,-0.12297436594963074,-0.09866877154489595,639,-0.18329262733459473,-0.2015368848992939,0.021926536731634184,-0.023859739303588867,0.6973388305847077,0.6973388305847077,0.30266116941529236,0.0018875485,3.1459138,0.90413547,0.0003748125937031484,0.0
180,Basket,6,80,5336,50,0.0,0.0,0.0,0.006371814092953523,0.0,0.020854139102209224,-0.07907629013061968,-0.20079076290130615,0.006371814092953523,0.0,0.020389310248635186,0.579365074634552,0.06662821769714355,0.10212333631077627,0.11393297803178049,0.127898408237934,0.7883024572830118,0.7573755395384177,0.8158261738758037,0.12784504890441895,0.16758153990197333,-0.10257592797279358,-0.09866877154489595,639,-0.14784538745880127,-0.2015368848992939,0.026611694152923537,-0.026823878288273484,0.6688530734632684,0.6688530734632684,0.3311469265367316,0.002110803,3.518005,0.8090652,0.0007496251874062968,0.0
180,Basket,6,85,5336,50,0.0,0.0,0.0,0.006934032983508246,0.0,0.021669753721616242,-0.07568359374999778,-0.1507568359375,0.006934032983508246,0.0,0.022163581254745313,0.6111111044883728,0.04309797286987305,0.08345684929676857,0.11393297803178049,0.127898408237934,0.6344434791932397,0.597253932747179,0.6657218441522673,0.08775711059570312,0.16758153990197333,-0.07789233326911926,-0.09866877154489595,639,-0.11166232824325562,-0.2015368848992939,0.034482758620689655,-0.03226757049560325,0.6581709145427287,0.6581709145427287,0.34182908545727136,0.0019776064,3.2960105,0.65868616,0.0013118440779610195,0.0
180,Basket,6,88,5336,50,0.0,0.0,0.0,0.006559220389805097,0.0,0.02089682331551765,-0.08270788192749068,-0.1208270788192749,0.006559220389805097,0.0,0.02390237724689974,0.523809552192688,0.03427547216415405,0.0691020781735609,0.11393297803178049,0.127898408237934,0.5219346805066616,0.4868442113087329,0.5514492246312169,0.06826364994049072,0.16758153990197333,-0.06267663836479187,-0.09866877154489595,639,-0.08908987045288086,-0.2015368848992939,0.04085457271364318,-0.03611493110656783,0.6587331334332833,0.6587331334332833,0.3412668665667166,0.0017208102,2.868017,0.5463195,0.002623688155922039,0.0
180,Basket,6,90,5336,50,0.0,0.0,0.0,0.0074962518740629685,0.0,0.024122281113689362,-0.06988883018493874,-0.10069888830184937,0.0074962518740629685,0.0,0.025078208760707238,0.547619104385376,0.02797245979309082,0.05851587480020666,0.11393297803178049,0.127898408237934,0.440579204675446,0.4057468328901176,0.46837343467769943,0.05665719509124756,0.16758153990197333,-0.052038758993148804,-0.09866877154489595,639,-0.07420182228088379,-0.2015368848992939,0.04853823088455772,-0.026708245277407006,0.657608695652174,0.657608695652174,0.3423913043478261,0.0014783966,2.4639943,0.46403804,0.00356071964017991,0.0
180,Basket,6,92,5336,50,0.0,0.0,0.0,0.007683658170914542,0.0,0.025578269559829076,-0.09702277183533115,-0.08097022771835327,0.007683658170914542,0.0,0.025757430451159812,0.523809552192688,0.022480785846710205,0.04737325174653012,0.11393297803178049,0.127898408237934,0.35585233614516004,0.32644455049251536,0.37890046132188626,0.04498237371444702,0.16758153990197333,-0.041645705699920654,-0.09866877154489595,639,-0.0592917799949646,-0.2015368848992939,0.0603448275862069,-0.020848035812381926,0.6570464767616192,0.6570464767616192,0.3429535232383808,0.0011924232,1.9873718,0.377331,0.0046851574212893555,0.0
180,Basket,6,94,5336,50,0.0,0.0,0.0,0.007683658170914542,0.0,0.02349090348813848,-0.09744191169738237,-0.06097441911697388,0.007683658170914542,0.0,0.02415558793314663,0.5,0.016694366931915283,0.03580477975610493,0.11393297803178049,0.127898408237934,0.2683687333132482,0.24520602973289096,0.28655389091546135,0.03359556198120117,0.16758153990197333,-0.03136000037193298,-0.09866877154489595,639,-0.043715476989746094,-0.2015368848992939,0.0820839580209895,-0.049704551696772015,0.658920539730135,0.658920539730135,0.3410794602698651,0.00087480387,1.4580065,0.28667352,0.007683658170914542,0.0
180,Basket,6,95,5336,50,0.0,0.0,0.0,0.008620689655172414,0.0,0.02526766088819419,-0.1037669181823686,-0.05103766918182373,0.008620689655172414,0.0,0.02831316472070005,0.4920634925365448,0.013911128044128418,0.029905489571895198,0.11393297803178049,0.127898408237934,0.22385587297083503,0.20263004722540057,0.23994793267984363,0.02791041135787964,0.16758153990197333,-0.025781899690628052,-0.09866877154489595,639,-0.03672832250595093,-0.2015368848992939,0.1017616191904048,-0.047383904457087844,0.6574212893553223,0.6574212893553223,0.34257871064467765,0.00070774986,1.1795831,0.24000438,0.011431784107946028,0.0
180,Basket,6,96,5336,50,0.0,0.0,0.0,0.008620689655172414,0.0,0.026350791224359082,-0.08411622047423961,-0.04084116220474243,0.008620689655172414,0.0,0.02704611493660234,0.5198413133621216,0.011079788208007812,0.023954241920536246,0.11393297803178049,0.127898408237934,0.17906699888377905,0.16247238476524611,0.19137354947727384,0.022181212902069092,0.16758153990197333,-0.020441412925720215,-0.09866877154489595,639,-0.029311299324035645,-0.2015368848992939,0.12612443778110943,-0.028785228729244494,0.6585457271364318,0.6585457271364318,0.3414542728635682,0.0005417852,0.9029753,0.19251066,0.017428785607196403,0.0
180,Basket,6,98,5336,50,0.0,0.0,0.0,0.013868065967016492,0.0018582658180661621,0.03423134654722892,-0.11083889007568182,-0.021108388900756836,0.013868065967016492,0.0020506027447988458,0.0353894469252113,0.5079364776611328,0.005497455596923828,0.011622777083020161,0.11393297803178049,0.127898408237934,0.0869855817138763,0.07911782876787302,0.09290772293379705,0.010784626007080078,0.16758153990197333,-0.009934276342391968,-0.09866877154489595,639,-0.014426350593566895,-0.2015368848992939,0.3395802098950525,-0.010414004325864923,0.6604197901049476,0.6604197901049476,0.3395802098950525,0.00022455523,0.3742587,0.09484195,0.10494752623688156,0.0
180,Basket,25,50,5336,50,0.0,0.0,0.0,0.00356071964017991,0.0,0.011688353989321769,-0.03698170185089111,-0.5003698170185089,0.00356071964017991,0.0,0.012323132143593625,0.7777777910232544,0.10777205228805542,0.1205406103288752,0.11393297803178049,0.127898408237934,0.9653304829766153,0.9532807393771608,0.9721676615461572,0.16128790378570557,0.16758153990197333,-0.10460114479064941,-0.09866877154489595,639,-0.21000921726226807,-0.2015368848992939,0.00712143928035982,-0.00654757022857666,0.7453148425787106,0.7453148425787106,0.25468515742128933,0.0054019704,2.160788,0.9930087,0.0,0.0
180,Basket,25,55,5336,50,0.0,0.0,0.0,0.0046851574212893555,0.0,0.01737025512048154,-0.03690004348755327,-0.4503690004348755,0.0046851574212893555,0.0,0.015202195228543018,0.761904776096344,0.10740941762924194,0.11975690656560829,0.11393297803178049,0.127898408237934,0.9626178685945225,0.9506706392304197,0.9705893024985537,0.16112792491912842,0.16758153990197333,-0.10758829116821289,-0.09866877154489595,639,-0.21749728918075562,-0.2015368848992939,0.010494752623688156,-0.011454820632939011,0.7432533733133433,0.7432533733133433,0.25674662668665665,0.0055017625,2.200705,0.9889969,0.0,0.0
180,Basket,25,60,5336,50,0.0,0.0,0.0,0.005059970014992503,0.0,0.01727198904223499,-0.05296230316161887,-0.4005296230316162,0.005059970014992503,0.0,0.017021049189886006,0.6984127163887024,0.10694712400436401,0.11829212410696621,0.11393297803178049,0.127898408237934,0.9557100597211674,0.9427053061741266,0.9650362471554282,0.16039526462554932,0.16758153990197333,-0.114356130361557,-0.09866877154489595,639,-0.23335212469100952,-0.2015368848992939,0.013680659670164918,-0.010088682174680397,0.7383808095952024,0.7383808095952024,0.2616191904047976,0.0056800735,2.2720292,0.98177123,0.0,0.0
180,Basket,25,65,5336,50,0.0,0.0,0.0,0.005247376311844078,0.0,0.018458758055067363,-0.07101535797119363,-0.3507101535797119,0.005247376311844078,0.0,0.016844216480311678,0.6865079402923584,0.10500329732894897,0.11621229804080466,0.11393297803178049,0.127898408237934,0.9421401133281796,0.9250800320314554,0.9564358210380445,0.1586134433746338,0.16758153990197333,-0.13257071375846863,-0.09866877154489595,639,-0.23329156637191772,-0.2015368848992939,0.01686656671664168,-0.016104578971865013,0.7303223388305847,0.7303223388305847,0.2696776611694153,0.005977373,2.390949,0.9692291,0.0001874062968515742,0.0
180,Basket,25,70,5336,50,0.0,0.0,0.0,0.005809595202398801,0.0,0.01908553729266008,-0.04891872406005415,-0.3004891872406006,0.005809595202398801,0.0,0.01903397462136717,0.658730149269104,0.09951746463775635,0.11329722927249354,0.11393297803178049,0.127898408237934,0.9163126951438211,0.8944687971729952,0.9357931688514385,0.15579670667648315,0.16758153990197333,-0.13939717411994934,-0.09866877154489595,639,-0.21560722589492798,-0.2015368848992939,0.019490254872563718,-0.014514923095698684,0.7164542728635682,0.7164542728635682,0.2835457271364318,0.006534069,2.6136274,0.94677746,0.0001874062968515742,0.0
180,Basket,25,75,5336,50,0.0,0.0,0.0,0.006184407796101949,0.0,0.019457091744782207,-0.08526444435119629,-0.25085264444351196,0.006184407796101949,0.0,0.020342539534303594,0.6111111044883728,0.08502066135406494,0.10656631467626548,0.11393297803178049,0.127898408237934,0.8558869705945489,0.8272398053260304,0.8835424755902116,0.14319384098052979,0.16758153990197333,-0.1294597089290619,-0.09866877154489595,639,-0.18684309720993042,-0.2015368848992939,0.0239880059970015,-0.024265050888061523,0.6812218890554723,0.6812218890554723,0.31877811094452774,0.0079123555,3.1649425,0.8995567,0.0003748125937031484,0.0
180,Basket,25,80,5336,50,0.0,0.0,0.0,0.006559220389805097,0.0,0.021924516681662887,-0.08787989616394487,-0.2008787989616394,0.006559220389805097,0.0,0.020754107789116773,0.523809552192688,0.05549955368041992,0.09414210282210289,0.11393297803178049,0.127898408237934,0.7450282143228868,0.7092500164187306,0.7778078828298354,0.11770588159561157,0.16758153990197333,-0.10782775282859802,-0.09866877154489595,639,-0.1510794758796692,-0.2015368848992939,0.027548725637181408,-0.032352209091190964,0.6454272863568216,0.6454272863568216,0.3545727136431784,0.008784228,3.513691,0.8014112,0.0007496251874062968,0.0
180,Basket,25,85,5336,50,0.0,0.0,0.0,0.006934032983508246,0.0,0.022054118042263312,-0.08303880691528098,-0.15083038806915283,0.006934032983508246,0.0,0.02283950125702903,0.5396825671195984,0.03589212894439697,0.07582652744190625,0.11393297803178049,0.127898408237934,0.5916372544032791,0.5527704979916737,0.6250830607316621,0.07822185754776001,0.16758153990197333,-0.08152008056640625,-0.09866877154489595,639,-0.11337792873382568,-0.2015368848992939,0.03691904047976012,-0.019702911376950905,0.6349325337331334,0.6349325337331334,0.3650674662668666,0.008168878,3.2675514,0.64989495,0.0013118440779610195,0.0
180,Basket,25,88,5336,50,0.0,0.0,0.0,0.006746626686656672,0.0,0.021268430565230548,-0.0941400527954106,-0.1209414005279541,0.006746626686656672,0.0,0.022073692479888288,0.5198413133621216,0.028418898582458496,0.06237954785977525,0.11393297803178049,0.127898408237934,0.483662926648103,0.4437260617023837,0.5144340806121189,0.06118476390838623,0.16758153990197333,-0.06553658843040466,-0.09866877154489595,639,-0.09047001600265503,-0.2015368848992939,0.04272863568215892,-0.0371937751770024,0.632496251874063,0.632496251874063,0.36750374812593706,0.007071888,2.8287554,0.5379553,0.0022488755622188904,0.0
180,Basket,25,90,5336,50,0.0,0.0,0.0,0.007683658170914542,0.0,0.024643442161137827,-0.07796525955200417,-0.10077965259552002,0.007683658170914542,0.0,0.026224473550577113,0.5158730149269104,0.023425757884979248,0.052704438321415276,0.11393297803178049,0.127898408237934,0.40727493219127797,0.37098474765777406,0.43654919512417617,0.050854623317718506,0.16758153990197333,-0.05416923761367798,-0.09866877154489595,639,-0.0755508542060852,-0.2015368848992939,0.051911544227886054,-0.030394792556764916,0.6339955022488756,0.6339955022488756,0.3660044977511244,0.0060570003,2.4228,0.45651653,0.00356071964017991,0.0
180,Basket,25,92,5336,50,0.0,0.0,0.0,0.007871064467766116,0.0,0.026808403839059466,-0.10847878456116122,-0.08108478784561157,0.007871064467766116,0.0,0.026849918503446275,0.5158730149269104,0.01887410879135132,0.04267994541188945,0.11393297803178049,0.127898408237934,0.3287735262327517,0.29814167672232134,0.3520949312778381,0.04039543867111206,0.16758153990197333,-0.04336589574813843,-0.09866877154489595,639,-0.060171544551849365,-0.2015368848992939,0.0639055472263868,-0.026060461997989837,0.636431784107946,0.636431784107946,0.36356821589205396,0.004875537,1.9502147,0.37104797,0.0046851574212893555,0.0
180,Basket,25,94,5336,50,0.0,0.0,0.0,0.008245877061469266,0.0,0.025353125885771727,-0.10904097557067338,-0.06109040975570679,0.008245877061469266,0.0,0.026123211641713724,0.4722222089767456,0.014240145683288574,0.03236424619111343,0.11393297803178049,0.127898408237934,0.24843240029237684,0.22332996484251286,0.26845753184266663,0.030405521392822266,0.16758153990197333,-0.032473623752593994,-0.09866877154489595,639,-0.04432642459869385,-0.2015368848992939,0.08695652173913043,-0.054466962814325726,0.6375562218890555,0.6375562218890555,0.3624437781109445,0.0035695408,1.4278164,0.2819601,0.007683658170914542,0.0
180,Basket,25,95,5336,50,0.0,0.0,0.0,0.008808095952023988,0.0,0.029034584616118374,-0.1105558872222856,-0.0511055588722229,0.008808095952023988,0.0,0.026321628613661163,0.460317462682724,0.011852443218231201,0.027144533069594867,0.11393297803178049,0.127898408237934,0.20781735272895813,0.18681417751582657,0.22360089396916438,0.025492846965789795,0.16758153990197333,-0.026642560958862305,-0.09866877154489595,639,-0.037197113037109375,-0.2015368848992939,0.10476011994002998,-0.02752065658568892,0.6401799100449775,0.6401799100449775,0.3598200899550225,0.0028876276,1.155051,0.23612425,0.01199400299850075,0.0
180,Basket,25,96,5336,50,0.0,0.0,0.0,0.008620689655172414,0.0,0.025978140671209977,-0.09698486328124645,-0.0409698486328125,0.008620689655172414,0.0,0.02586912604303908,0.4920634925365448,0.00961679220199585,0.02178365164164124,0.11393297803178049,0.127898408237934,0.16644666039775197,0.14932536284277861,0.17815577751745623,0.020252227783203125,0.16758153990197333,-0.021032363176345825,-0.09866877154489595,639,-0.0296594500541687,-0.2015368848992939,0.1308095952023988,-0.03109192848205211,0.6409295352323838,0.6409295352323838,0.35907046476761617,0.0022130087,0.8852035,0.189498,0.01780359820089955,0.0
180,Basket,25,98,5336,50,0.0,0.0,0.0,0.014992503748125937,0.0021980698859466116,0.03649041287803999,-0.1123170852661115,-0.021123170852661133,0.014805097451274363,0.0018939184723259532,0.03494882408829489,0.5158730149269104,0.004924476146697998,0.010732653013233659,0.11393297803178049,0.127898408237934,0.08181842856772444,0.0744583200753669,0.08826324613758062,0.010122418403625488,0.16758153990197333,-0.010205984115600586,-0.09866877154489595,639,-0.014620482921600342,-0.2015368848992939,0.3511994002998501,-0.011168003082273614,0.6488005997001499,0.6488005997001499,0.3511994002998501,0.00091815484,0.36726198,0.09359174,0.1083208395802099,0.0
365,All equity (ex-basket),6,50,78847,98,0.0029550902380559817,0.001379580074902872,0.004783693891668033,0.009765748855378138,0.004481229505211166,0.01624884476656111,-17.140650749206543,-0.6714065074920654,0.009765748855378138,0.004894484407328869,0.016194475449506425,0.5714285969734192,0.12765955924987793,0.1988874540882549,0.13162053862327627,0.20729412805015027,0.980799884509564,0.9725782056375891,0.987023304897201,0.23040616512298584,0.23398635035948123,-0.1576365828514099,-0.14666711161024593,14830,-0.26426029205322266,-0.2358340106740051,0.028105064238335004,-0.09726285934448242,0.6937613352442071,0.6937740180349284,0.3062259819650716,0.0014281227,2.3802044,0.9760048,0.000329752558753028,1.2682790721270309e-05
365,All equity (ex-basket),6,55,78847,98,0.003081918145268685,0.0014934280655519432,0.004794813451910809,0.011465242812028358,0.0056054816019311384,0.019288540516483585,-16.836913228034977,-0.6183691322803497,0.01147792560274963,0.005405695891465141,0.018891486447283484,0.5595238208770752,0.12597572803497314,0.19656517189067657,0.13162053862327627,0.20729412805015027,0.9725490977711231,0.9606521540043614,0.981031509102429,0.22933876514434814,0.23398635035948123,-0.16905254125595093,-0.14666711161024593,14830,-0.29358237981796265,-0.2358340106740051,0.03482694332060827,-0.08157372474670854,0.6892589445381562,0.6892716273288775,0.3107283726711226,0.0014864048,2.4773412,0.9649518,0.0004058493030806499,1.2682790721270309e-05
365,All equity (ex-basket),6,60,78847,98,0.0037033748906109302,0.001763869964972241,0.00607521526475758,0.013824241886184635,0.00677126379584598,0.022935121580599325,-21.101356148719784,-0.6110135614871979,0.013925704211954798,0.007172521905806614,0.023048595052074586,0.5714285969734192,0.12302422523498535,0.19315067681080658,0.13162053862327627,0.20729412805015027,0.9585805715630691,0.9427397647772522,0.9698735396694884,0.22633612155914307,0.23398635035948123,-0.19132810831069946,-0.14666711161024593,14830,-0.3012520372867584,-0.2358340106740051,0.043565386127563506,-0.07197618484496848,0.6817507324311641,0.6817507324311641,0.31824926756883587,0.0015851898,2.6419833,0.94924945,0.0006341395360635154,1.2682790721270309e-05
365,All equity (ex-basket),6,65,78847,98,0.004743363729755095,0.002175831107716417,0.007933062586048072,0.016639821426306645,0.008974752321115607,0.026564603613079173,-25.837802290916446,-0.6083780229091644,0.016741283752076806,0.009178265460656086,0.02719626639009778,0.5357142686843872,0.11775946617126465,0.18850255264206836,0.13162053862327627,0.20729412805015027,0.9356832905036783,0.9151574112791765,0.9506276172447101,0.22203242778778076,0.23398635035948123,-0.21067172288894653,-0.14666711161024593,14830,-0.2839033007621765,-0.2358340106740051,0.05428234428703692,-0.06412804126739724,0.6687635547325833,0.6687635547325833,0.33123644526741663,0.0017410157,2.9016929,0.92638826,0.0009638920948165434,1.2682790721270309e-05
365,All equity (ex-basket),6,70,78847,98,0.005174578614278286,0.002407024001362807,0.008674357070709477,0.019176379570560707,0.010379630106975964,0.029873382579246103,-30.83780229091644,-0.6083780229091644,0.019277841896330868,0.010028572137153262,0.030220607445200016,0.5158730149269104,0.10802435874938965,0.18214949425423999,0.13162053862327627,0.20729412805015027,0.8989825892577329,0.8756064926069221,0.9190710456436436,0.21408557891845703,0.23398635035948123,-0.2021842896938324,-0.14666711161024593,14830,-0.25371214747428894,-0.2358340106740051,0.06615343640214592,-0.07320463657378706,0.6467842784126219,0.6467842784126219,0.3532157215873781,0.0020022138,3.337023,0.89216316,0.0015726660494375182,2.5365581442540618e-05
365,All equity (ex-basket),6,75,78847,98,0.00574530419673545,0.0027924385913772934,0.009646896935171729,0.0217002549240935,0.012316531227618294,0.03365417346538988,-35.83780229091644,-0.6083780229091644,0.02180171724986366,0.01235131071234718,0.03461771512348644,0.511904776096344,0.08765935897827148,0.17254531176232027,0.13162053862327627,0.20729412805015027,0.8395770055816245,0.8125688759328408,0.8650796202062108,0.1960357427597046,0.23398635035948123,-0.17864200472831726,-0.14666711161024593,14830,-0.21573159098625183,-0.2358340106740051,0.07837964665745051,-0.07131099700927734,0.6129719583497153,0.6129719583497153,0.3870280416502847,0.002443301,4.0721684,0.83742684,0.0025746065164178726,8.877953504889215e-05
365,All equity (ex-basket),6,80,78847,98,0.00574530419673545,0.002609013812764852,0.009966737047902402,0.023932426091037073,0.012567670348195668,0.03632977248370798,-28.67024421691895,-0.48670244216918945,0.024008522835364695,0.013280876709404078,0.03714091890178525,0.5277777910232544,0.05166971683502197,0.15634395832649378,0.13162053862327627,0.20729412805015027,0.745530925797368,0.7148803564353401,0.7716881421757271,0.1623932123184204,0.23398635035948123,-0.1469314694404602,-0.14666711161024593,14830,-0.17406946420669556,-0.2358340106740051,0.09201364668281609,-0.06867527961731401,0.5798318261950359,0.5798318261950359,0.420168173804964,0.0027652916,4.6088195,0.74886024,0.0038428855885449032,8.877953504889215e-05
365,All equity (ex-basket),6,85,78847,98,0.005643841870965287,0.0023600943948389585,0.010092638968975954,0.026874833538371782,0.01509767735113708,0.041774440994490576,-24.233154058456417,-0.3923315405845642,0.02702702702702703,0.015413948242434384,0.04114059941570326,0.5357142686843872,0.02655172348022461,0.13128295509777752,0.13162053862327627,0.20729412805015027,0.6132609596544886,0.579495563151382,0.6407048280354604,0.10552382469177246,0.23398635035948123,-0.1113574206829071,-0.14666711161024593,14830,-0.13097110390663147,-0.2358340106740051,0.10911004857508846,-0.058547258377072975,0.5602622801121159,0.5602749629028372,0.4397250370971629,0.0027112914,4.518819,0.61858904,0.006277981407028802,0.00010146232577016247
365,All equity (ex-basket),6,88,78847,98,0.005237992567884637,0.0021402507278574273,0.00938244844256668,0.029030907960987735,0.016023451130909232,0.043053578809420394,-21.30749273300171,-0.3330749273300171,0.02914505307747917,0.01648382064951429,0.04427234312711324,0.5555555820465088,0.01834690570831299,0.11193680540162829,0.13162053862327627,0.20729412805015027,0.5167781467943581,0.48148078182302456,0.542745502030127,0.07749783992767334,0.23398635035948123,-0.08936026692390442,-0.14666711161024593,14830,-0.1044323742389679,-0.2358340106740051,0.12559767651273987,-0.04721331596374556,0.55341357312263,0.55341357312263,0.4465864268773701,0.002460836,4.101393,0.5210352,0.008877953504889216,0.00010146232577016247
365,All equity (ex-basket),6,90,78847,98,0.004654584194706203,0.00193492395425783,0.009268631626511002,0.030489428893933822,0.017807046031308883,0.0465905991374422,-28.898932933807377,-0.38898932933807373,0.030616256801146526,0.018606703380465234,0.04551498268831993,0.567460298538208,0.014265060424804688,0.09749224769630216,0.13162053862327627,0.20729412805015027,0.44643488571497136,0.4160597043707361,0.4701080919557618,0.06230652332305908,0.23398635035948123,-0.07435336709022522,-0.14666711161024593,14830,-0.08685824275016785,-0.2358340106740051,0.14063946630816646,-0.04090011119842751,0.5507501870711632,0.5507628698618844,0.4492371301381156,0.0021901233,3.6502054,0.44864014,0.012251575836747118,0.00010146232577016247
365,All equity (ex-basket),6,92,78847,98,0.004083858612249039,0.0015324853515668079,0.007851822554290084,0.033114766573236774,0.019894766920675173,0.04964177136681986,-24.20988512039185,-0.32209885120391846,0.03326696006189202,0.019976021379461712,0.04726245639306108,0.5833333134651184,0.010881304740905762,0.08157082908748953,0.13162053862327627,0.20729412805015027,0.37042244736743785,0.3429001592452287,0.39192272339025064,0.04852473735809326,0.23398635035948123,-0.05916571617126465,-0.14666711161024593,14830,-0.06928068399429321,-0.2358340106740051,0.16075437239210116,-0.034908771514896575,0.5488604512536939,0.5488731340444152,0.4511268659555849,0.0018429091,3.0715153,0.37082314,0.01814907352213781,0.00010146232577016247
365,All equity (ex-basket),6,94,78847,98,0.0035131330297918754,0.0013696982002342059,0.006728923779105468,0.03618400192778419,0.021523687521496332,0.053327925300080486,-15.110361814498896,-0.211103618144989,0.03632351262571816,0.021537217889112902,0.055290450651093455,0.5952380895614624,0.00789785385131836,0.06407959441451541,0.13162053862327627,0.20729412805015027,0.2885432106467403,0.26509413377444835,0.30974217084949834,0.03582942485809326,0.23398635035948123,-0.0440879762172699,-0.14666711161024593,14830,-0.05153796076774597,-0.2358340106740051,0.19414816036120588,-0.025522947311396038,0.5479472903217624,0.547972655903205,0.45202734409679507,0.0014285727,2.3809545,0.28749976,0.02990602052075539,0.00010146232577016247
365,All equity (ex-basket),6,95,78847,98,0.002993138610219793,0.0010329620287105907,0.0057609258676939385,0.03921518891016779,0.02341124408028058,0.05943419710150393,-12.680889368057247,-0.1768088936805725,0.03938006518954431,0.023629097452894866,0.058661787775695876,0.5992063283920288,0.0065348148345947266,0.054809593365293924,0.13162053862327627,0.20729412805015027,0.2456192436727844,0.22276566654088434,0.26480046617841496,0.029782533645629883,0.23398635035948123,-0.0364951491355896,-0.14666711161024593,14830,-0.04267635941505432,-0.2358340106740051,0.2220756655294431,-0.02350330352782759,0.5478711935774347,0.547883876368156,0.45211612363184395,0.001198378,1.9972966,0.24374092,0.040838586122490396,0.00010146232577016247
365,All equity (ex-basket),6,96,78847,98,0.002422413027762629,0.0009535661849249792,0.00456741944124693,0.043222950778089214,0.026976765852630365,0.06464755220483308,-7.989349126815792,-0.11989349126815796,0.043451241011072075,0.027172027901405865,0.06452700943619888,0.6071428656578064,0.0052967071533203125,0.0451034308198014,0.13162053862327627,0.20729412805015027,0.2010372704362442,0.18303025656070654,0.21973101207744888,0.023604393005371094,0.23398635035948123,-0.028864681720733643,-0.14666711161024593,14830,-0.03389236330986023,-0.2358340106740051,0.2600352581582051,-0.022419452667232775,0.5488350856722514,0.5488731340444152,0.4511268659555849,0.0009558382,1.5930638,0.19847307,0.06108032011363781,0.0001395106979339734
365,All equity (ex-basket),6,98,78847,98,0.0009638920948165434,0.0002955426952102818,0.0018574269615346255,0.05872132103948153,0.03842789078368789,0.081720207239678,-6.198726177215574,-0.08198726177215576,0.05887351452813677,0.03735485110390154,0.08241451329007651,0.567460298538208,0.002741694450378418,0.023350395433559264,0.13162053862327627,0.20729412805015027,0.10326579040112002,0.09070014675106154,0.11549422991467029,0.011687397956848145,0.23398635035948123,-0.013940274715423584,-0.14666711161024593,14830,-0.016825199127197266,-0.2358340106740051,0.4469542278082869,-0.017220854759214532,0.553045772191713,0.5530838205638768,0.4469161794361231,0.00045235723,0.7539287,0.102236666,0.20560072038251298,0.0001775590700977843
365,All equity (ex-basket),25,50,78847,98,0.002917041865892171,0.001354126631793499,0.004677667322640434,0.010032087460524813,0.004533181131502905,0.017486464869182386,-17.03490912914276,-0.6703490912914276,0.010032087460524813,0.004450160527938461,0.016643636158713237,0.579365074634552,0.12323534488677979,0.19382287602620443,0.13162053862327627,0.20729412805015027,0.9662135962801293,0.9567253002475357,0.973508909562093,0.22563326358795166,0.23398635035948123,-0.1614600121974945,-0.14666711161024593,14830,-0.26903343200683594,-0.2358340106740051,0.029626999124887442,-0.09320378303527832,0.688079445001078,0.688079445001078,0.31192055499892196,0.0059408275,2.3763309,0.97526956,0.0003170697680317577,1.2682790721270309e-05
365,All equity (ex-basket),25,55,78847,98,0.0031326493081537663,0.001556906478887048,0.004868677272907911,0.012112065138813145,0.005245014138603456,0.02098218821509915,-16.572122573852543,-0.6157212257385254,0.012112065138813145,0.0054511229682133655,0.020195042696318034,0.567460298538208,0.12150812149047852,0.19124934322267323,0.13162053862327627,0.20729412805015027,0.9573803723389054,0.9451582772038536,0.9660080336766773,0.22449159622192383,0.23398635035948123,-0.17395895719528198,-0.14666711161024593,14830,-0.301105260848999,-0.2358340106740051,0.036424974951488324,-0.07072567939758745,0.6833107156898804,0.6833107156898804,0.3166892843101196,0.0061827847,2.4731138,0.96385235,0.0004058493030806499,1.2682790721270309e-05
365,All equity (ex-basket),25,60,78847,98,0.0037667888442172817,0.0017340229883458364,0.006142091533467261,0.014471064212969422,0.007305367986758928,0.02354396760701901,-21.29142045974731,-0.6129142045974731,0.014471064212969422,0.007403113606995916,0.023499961603312535,0.5595238208770752,0.11842548847198486,0.18740572244995182,0.13162053862327627,0.20729412805015027,0.9422396482305678,0.9260974120309367,0.954347947496004,0.22137129306793213,0.23398635035948123,-0.19887450337409973,-0.14666711161024593,14830,-0.30771780014038086,-0.2358340106740051,0.045899019620277245,-0.06978273391723411,0.6754727510241354,0.6754727510241354,0.32452724897586466,0.006594367,2.637747,0.9475576,0.0006468223267847858,1.2682790721270309e-05
365,All equity (ex-basket),25,65,78847,98,0.004756046520476366,0.002344296658687911,0.008012796822188781,0.017159815845878727,0.008325245951771434,0.028095573111929333,-25.986566543579105,-0.609865665435791,0.017159815845878727,0.009016278544278675,0.027073540734411202,0.5357142686843872,0.11244463920593262,0.1820659102912859,0.13162053862327627,0.20729412805015027,0.9171531393470197,0.8972078441779957,0.9337597133767787,0.21677517890930176,0.23398635035948123,-0.21890786290168762,-0.14666711161024593,14830,-0.28899452090263367,-0.2358340106740051,0.05737694522302687,-0.06343960762024148,0.6608875416946745,0.6608875416946745,0.3391124583053255,0.0072465995,2.89864,0.9237771,0.000989257676259084,1.2682790721270309e-05
365,All equity (ex-basket),25,70,78847,98,0.005276040940048448,0.0025611619555273254,0.008914187266775342,0.019556863292198814,0.010831772633253953,0.031208661313060826,-30.986566543579098,-0.609865665435791,0.019556863292198814,0.010336395789286565,0.031246467839427108,0.511904776096344,0.10117089748382568,0.17457558218803304,0.13162053862327627,0.20729412805015027,0.8763020233826991,0.852009618454367,0.8963804677006777,0.2074885368347168,0.23398635035948123,-0.20897552371025085,-0.14666711161024593,14830,-0.2577061057090759,-0.2358340106740051,0.06952705873400383,-0.07490932941436323,0.6366760942077695,0.6366760942077695,0.3633239057922305,0.0083432365,3.3372948,0.88796836,0.0016614455844864103,2.5365581442540618e-05
365,All equity (ex-basket),25,75,78847,98,0.005922863266833234,0.002994351168993498,0.009753002559383826,0.022334394460157014,0.0124896008682684,0.034762278607591984,-35.9865665435791,-0.609865665435791,0.022334394460157014,0.012931560578099688,0.0356431280741785,0.511904776096344,0.07707059383392334,0.16285753203441958,0.13162053862327627,0.20729412805015027,0.8085932221814783,0.7759293181699621,0.8340200807378091,0.18673670291900635,0.23398635035948123,-0.18412145972251892,-0.14666711161024593,14830,-0.21895593404769897,-0.2358340106740051,0.08281862340989511,-0.07162690162658691,0.5966238411099979,0.5966238411099979,0.40337615889000217,0.010206303,4.0825205,0.83040446,0.0026126548885816833,8.877953504889215e-05
365,All equity (ex-basket),25,80,78847,98,0.0057199386152929094,0.0025883704975422934,0.00989566538243723,0.02501046330234505,0.014944261430155628,0.03821555871129185,-28.789250850677494,-0.4878925085067749,0.02501046330234505,0.014015120707339892,0.038253733018600335,0.5297619104385376,0.03693091869354248,0.14488931168602381,0.13162053862327627,0.20729412805015027,0.7067619459246398,0.6739605235029629,0.7324428829068031,0.1487715244293213,0.23398635035948123,-0.15106242895126343,-0.14666711161024593,14830,-0.1761692464351654,-0.2358340106740051,0.09669359645896483,-0.06475925445557085,0.5586642484812359,0.5586642484812359,0.4413357515187642,0.0114923455,4.5969377,0.7388185,0.004071175821527769,0.00010146232577016247
365,All equity (ex-basket),25,85,78847,98,0.005618476289522747,0.0022870385454873392,0.010172422457887922,0.028244574936268977,0.016701495754692645,0.0422063046259,-24.625823497772213,-0.39625823497772217,0.028244574936268977,0.017288463400505515,0.0429153873781612,0.5515872836112976,0.01564335823059082,0.11962001246093792,0.13162053862327627,0.20729412805015027,0.5723414623850858,0.5385353634036554,0.6002007372807646,0.09008455276489258,0.23398635035948123,-0.11426547169685364,-0.14666711161024593,14830,-0.13238182663917542,-0.2358340106740051,0.11470315928316867,-0.05376696586608665,0.5373825256509442,0.5373825256509442,0.46261747434905576,0.011185483,4.474193,0.607119,0.006493588849290398,0.00010146232577016247
365,All equity (ex-basket),25,88,78847,98,0.005187261404999556,0.002169247159288314,0.010027623204579273,0.030324552614557305,0.018309590307090815,0.04654404282850417,-23.346460342407227,-0.35346460342407227,0.030375283777442388,0.01801566144195953,0.0468215348917317,0.5555555820465088,0.010299444198608398,0.1012077377640997,0.13162053862327627,0.20729412805015027,0.4786188585891621,0.4455939048063386,0.5059859472011601,0.06608688831329346,0.23398635035948123,-0.0914371907711029,-0.14666711161024593,14830,-0.10561075806617737,-0.2358340106740051,0.1321927276878004,-0.0474636554718022,0.5313582000583409,0.5313582000583409,0.46864179994165917,0.010088801,4.0355206,0.5099004,0.009372582343018758,0.00010146232577016247
365,All equity (ex-basket),25,90,78847,98,0.0046799497761487435,0.0019254601116400524,0.008688841230496411,0.032024046571207526,0.018054653216273715,0.04883753601172314,-22.990300655364994,-0.3299030065536499,0.0321635572691415,0.019036979237105952,0.048819250686557965,0.567460298538208,0.007827043533325195,0.08779482279395111,0.13162053862327627,0.20729412805015027,0.41164101668219744,0.380963200498915,0.43744320613732307,0.05324912071228027,0.23398635035948123,-0.07599207758903503,-0.14666711161024593,14830,-0.08772584795951843,-0.2358340106740051,0.14693013050591652,-0.04166603088379128,0.5288850558676931,0.5288977386584144,0.4711022613415856,0.008941831,3.5767324,0.43840498,0.012936446535695714,0.00010146232577016247
365,All equity (ex-basket),25,92,78847,98,0.004058493030806499,0.001436911487191299,0.008247509965167543,0.03509328192575494,0.021046204931413702,0.0522552146922795,-16.410402774810795,-0.2441040277481079,0.03516937867008257,0.021093935054598667,0.05219049417045911,0.5873016119003296,0.006119251251220703,0.07326861022156642,0.13162053862327627,0.20729412805015027,0.3404254572018272,0.31082840819321556,0.3641402873366052,0.041961073875427246,0.23398635035948123,-0.06041458249092102,-0.14666711161024593,14830,-0.06988772749900818,-0.2358340106740051,0.16831331566197827,-0.030730485916141692,0.5285426205182189,0.5285426205182189,0.4714573794817812,0.007498988,2.9995952,0.3619529,0.019036868872626733,0.00010146232577016247
365,All equity (ex-basket),25,94,78847,98,0.003500450239070605,0.0012745485436508248,0.006497459543029266,0.038758608444202064,0.023790930598625283,0.056933301063033744,-16.03440070152282,-0.22034400701522827,0.038898119142136034,0.0230794580546417,0.0574236798581994,0.5952380895614624,0.004660129547119141,0.05746637053188332,0.13162053862327627,0.20729412805015027,0.2644906561405389,0.23771707909441178,0.28392868742592703,0.031234383583068848,0.23398635035948123,-0.04490095376968384,-0.14666711161024593,14830,-0.05192592740058899,-0.2358340106740051,0.20291196874960366,-0.023892760276789105,0.5289231042398569,0.5289484698212995,0.4710515301787005,0.0057937624,2.317505,0.28043327,0.031225030755767498,0.00011414511649143278
365,All equity (ex-basket),25,95,78847,98,0.0028536279122858194,0.0010142381953308526,0.005692064420783631,0.04194198891524091,0.026096241375830897,0.061819644754183785,-11.537332534790036,-0.1653733253479004,0.04201808565956853,0.025711433265634177,0.06165435645583695,0.60317462682724,0.004005312919616699,0.04916560638078956,0.13162053862327627,0.20729412805015027,0.22502581990109075,0.20190140364155193,0.24476043452016472,0.026082873344421387,0.23398635035948123,-0.037118107080459595,-0.14666711161024593,14830,-0.04301878809928894,-0.2358340106740051,0.2301926515910561,-0.02305626869201216,0.5298996791253947,0.5299377274975585,0.4700622725024414,0.004852594,1.9410373,0.23776878,0.04257612845130442,0.00011414511649143278
365,All equity (ex-basket),25,96,78847,98,0.002435095818483899,0.0009243748389815383,0.004627087875858223,0.04597511636460487,0.02896503417180027,0.06756773285769202,-7.645424365997311,-0.11645424365997314,0.04605121310893249,0.028568744566726686,0.06601314720168884,0.60317462682724,0.0034151077270507812,0.040484095590546124,0.13162053862327627,0.20729412805015027,0.18413280412351052,0.16536949365976136,0.20103213266040684,0.020941495895385742,0.23398635035948123,-0.029322057962417603,-0.14666711161024593,14830,-0.03418731689453125,-0.2358340106740051,0.2699151521300747,-0.022222757339473986,0.5324235544789275,0.53244892006037,0.4675510799396299,0.0038670877,1.5468352,0.19367677,0.06369297500221949,0.0001395106979339734
365,All equity (ex-basket),25,98,78847,98,0.0010146232577016247,0.00028369347799653397,0.0020001334846976152,0.06175250802186513,0.04026745880658583,0.08777238223979747,-6.639007806777952,-0.08639007806777954,0.06186665313835656,0.04120682681113913,0.08860220682758346,0.5714285969734192,0.002066493034362793,0.02110826694508918,0.13162053862327627,0.20729412805015027,0.09502398795523916,0.08207136206483195,0.10742862493581028,0.010666966438293457,0.23398635035948123,-0.01413273811340332,-0.14666711161024593,14830,-0.016970723867416382,-0.2358340106740051,0.45843215341103655,-0.017915248870847833,0.5415297982167996,0.5415805293796847,0.4584194706203153,0.0018253109,0.73012435,0.099973045,0.2110035892297741,0.00020292465154032494
365,Index/ETF,6,50,29788,98,0.0,0.0,0.0,0.0,0.0,0.0,0.029522180557250977,-0.4997047781944275,0.0,0.0,0.0,,0.11080062389373779,0.10723229202629336,0.11237625237778948,0.11080973593548155,0.9910794917568737,0.98857659617454,0.9927080119337959,0.17563331127166748,0.17719927218707443,-0.12667953968048096,-0.12361692603367963,4863,-0.21361130475997925,-0.20508674346760936,0.009097623203974755,,0.7142809184906674,0.7142809184906674,0.2857190815093326,0.0013291757,2.2152927,0.9903597,0.0,0.0
365,Index/ETF,6,55,29788,98,0.0,0.0,0.0,6.714113065664025e-05,0.0,0.00021830540800804067,-0.01699805259705034,-0.45016998052597046,6.714113065664025e-05,0.0,0.0002165596687632765,0.8809523582458496,0.11044931411743164,0.10629286717188763,0.11237625237778948,0.11080973593548155,0.987108697761282,0.9821848563745194,0.9912848622434749,0.1751772165298462,0.17719927218707443,-0.13134989142417908,-0.12361692603367963,4863,-0.22557246685028076,-0.20508674346760936,0.012219685779508526,-0.010110735893253953,0.711930978917685,0.711930978917685,0.288069021082315,0.0013675065,2.2791774,0.98358,0.0,0.0
365,Index/ETF,6,60,29788,98,0.00010071169598496038,0.0,0.0003282281477505662,0.0005035584799248019,0.0,0.0015230419599472711,-2.959499359130857,-0.4295949935913086,0.0005035584799248019,0.0,0.0014559075426711654,0.829365074634552,0.109302818775177,0.10466755030778521,0.11237625237778948,0.11080973593548155,0.9791773054007078,0.9689430563140016,0.9876151713099606,0.17444884777069092,0.17719927218707443,-0.14326605200767517,-0.12361692603367963,4863,-0.24670791625976562,-0.20508674346760936,0.016449577010876862,-0.014541149139402076,0.7089767691687928,0.7089767691687928,0.2910232308312072,0.001443313,2.4055219,0.973132,6.714113065664025e-05,0.0
365,Index/ETF,6,65,29788,98,0.0003357056532832013,0.0,0.0010804779138842097,0.0009399758291929637,0.0,0.0023574880192954884,-6.987025737762453,-0.4198702573776245,0.0009735463945212837,0.0,0.0024612304756031675,0.6944444179534912,0.10696542263031006,0.10267222359050147,0.11237625237778948,0.11080973593548155,0.963307994921765,0.946369020649917,0.9772944914527687,0.1725425124168396,0.17719927218707443,-0.1645929217338562,-0.12361692603367963,4863,-0.24174624681472778,-0.20508674346760936,0.022626561031287767,-0.020172595977785424,0.7017255270578756,0.7017255270578756,0.29827447294212434,0.0015614103,2.6023505,0.95644313,6.714113065664025e-05,0.0
365,Index/ETF,6,70,29788,98,0.0004364173492681617,0.0,0.0014023430028414564,0.0016785282664160065,0.00016083107300464913,0.0037881759049669685,-7.831163406372066,-0.3783116340637207,0.0016785282664160065,0.00019227745322690574,0.0036808487524855743,0.7103174924850464,0.10089129209518433,0.09992763595371675,0.11237625237778948,0.11080973593548155,0.9323788802861837,0.9041174408807524,0.954814343336847,0.1679348349571228,0.17719927218707443,-0.1640695333480835,-0.12361692603367963,4863,-0.22003567218780518,-0.20508674346760936,0.030079226534174837,-0.03798127174376997,0.6843359742178058,0.6843359742178058,0.31566402578219416,0.001772824,2.9547067,0.92914945,6.714113065664025e-05,0.0
365,Index/ETF,6,75,29788,98,0.0006378407412380825,0.0,0.0023338228744333913,0.0024842218342956894,0.0003956379563651006,0.005422233001509345,-8.094543218612671,-0.3309454321861267,0.0024842218342956894,0.000367540874493807,0.005628503283861848,0.6607142686843872,0.08828747272491455,0.09552929446459361,0.11237625237778948,0.11080973593548155,0.8745555555520498,0.8341661279224608,0.9029984849326285,0.1570376753807068,0.17719927218707443,-0.14681249856948853,-0.12361692603367963,4863,-0.18862050771713257,-0.20508674346760936,0.03729689807976366,-0.04063546657562256,0.6543910299449442,0.6543910299449442,0.34560897005505575,0.0021737602,3.6229334,0.87976104,0.00020142339196992077,0.0
365,Index/ETF,6,80,29788,98,0.0008728346985363234,0.0,0.0029044978771913697,0.003692762186115214,0.0006498070154707739,0.00756301919719795,-8.744792938232425,-0.2874479293823242,0.003692762186115214,0.0009254764530567592,0.007294016520835844,0.7202380895614624,0.06137329339981079,0.0861727834984458,0.11237625237778948,0.11080973593548155,0.7690084012658248,0.730666519584147,0.8036696095160941,0.13344168663024902,0.17719927218707443,-0.12072509527206421,-0.12361692603367963,4863,-0.152010977268219,-0.20508674346760936,0.04495098697462065,-0.02207040786743608,0.6261917550691554,0.6261917550691554,0.37380824493084464,0.0024758913,4.126485,0.78614384,0.00030213508795488115,0.0
365,Index/ETF,6,85,29788,98,0.0013428226131328052,0.0,0.004351641624381354,0.005472002148516181,0.001499381601613456,0.010355709396540074,-9.717187881469725,-0.24717187881469727,0.005472002148516181,0.001513670506782565,0.0103359526444206,0.7301587462425232,0.03953957557678223,0.0698345639797062,0.11237625237778948,0.11080973593548155,0.6115955212389621,0.5731423141404676,0.6439281956822092,0.09053713083267212,0.17719927218707443,-0.09108653664588928,-0.12361692603367963,4863,-0.11404299736022949,-0.20508674346760936,0.05461930978917685,-0.03964662551879661,0.6169934201691957,0.6170269907345239,0.382973009265476,0.0023381028,3.8968382,0.6389837,0.0005035584799248019,0.0
365,Index/ETF,6,88,29788,98,0.0013428226131328052,0.0,0.004459400734980259,0.0066469719350073855,0.002131464348822174,0.012111111000227636,-9.61639928817749,-0.2161639928817749,0.0066469719350073855,0.002153474675747982,0.011938425110423912,0.7281745672225952,0.03073805570602417,0.057267832495117084,0.11237625237778948,0.11080973593548155,0.49838947632096464,0.4649185518322875,0.5283446248626544,0.07012695074081421,0.17719927218707443,-0.07295110821723938,-0.12361692603367963,4863,-0.09142512083053589,-0.20508674346760936,0.06411977977709145,-0.020364403724670854,0.6151806096414664,0.6151806096414664,0.38481939035853363,0.0020263807,3.3773015,0.5287479,0.001309252047804485,0.0
365,Index/ETF,6,90,29788,98,0.0013428226131328052,0.0,0.004369321165857758,0.006881965892305626,0.0025395052905046577,0.012505018081618951,-8.997710943222048,-0.18997710943222046,0.006881965892305626,0.0024303015548500285,0.012197701685711349,0.75,0.025234520435333252,0.04820014281858449,0.11237625237778948,0.11080973593548155,0.4181999915302467,0.38612960442386896,0.4449598409289218,0.05809694528579712,0.17719927218707443,-0.060659706592559814,-0.12361692603367963,4863,-0.07602226734161377,-0.20508674346760936,0.07409023767960253,-0.01738905906677468,0.6146770511615416,0.6146770511615416,0.3853229488384584,0.0017256452,2.876075,0.4484495,0.0024842218342956894,0.0
365,Index/ETF,6,92,29788,98,0.0013428226131328052,0.0,0.004331308208820249,0.00802336511346851,0.0030555172292769154,0.014724671687960784,-6.609044790267948,-0.14609044790267944,0.00802336511346851,0.003121984123024339,0.014706271823798012,0.761904776096344,0.02015066146850586,0.03872720117222883,0.11237625237778948,0.11080973593548155,0.33526041712521415,0.3079764163451269,0.35809465737881513,0.04620254039764404,0.17719927218707443,-0.04819115996360779,-0.12361692603367963,4863,-0.06042760610580444,-0.20508674346760936,0.08876057472807843,-0.014643192291263762,0.6145427689002283,0.6145427689002283,0.3854572310997717,0.0013736417,2.2894025,0.36396787,0.005472002148516181,0.0
365,Index/ETF,6,94,29788,98,0.001309252047804485,0.0,0.004339176583526382,0.009802605075869478,0.003315864597720101,0.01776289367003656,-4.599237680435175,-0.1059923768043518,0.009769034510541157,0.0030295662576913704,0.018270888695193426,0.7222222089767456,0.015160620212554932,0.029043539097937575,0.11237625237778948,0.11080973593548155,0.25111525231621584,0.2310544823240878,0.2696084750373535,0.034481823444366455,0.17719927218707443,-0.03597089648246765,-0.12361692603367963,4863,-0.045046448707580566,-0.20508674346760936,0.11766483147576205,-0.011945009231562054,0.6157513092520478,0.6157513092520478,0.3842486907479522,0.0009891147,1.6485245,0.27598873,0.011413992211628844,0.0
365,Index/ETF,6,95,29788,98,0.0012421109171478447,0.0,0.004113240303404705,0.011816838995568686,0.0037563870839191884,0.02217872128121225,-3.8461577892303422,-0.08846157789230347,0.011816838995568686,0.0036712976243725437,0.022083403383918572,0.7301587462425232,0.01253420114517212,0.024163289875796582,0.11237625237778948,0.11080973593548155,0.20881236041169157,0.18967261412436281,0.22491962675687974,0.028613030910491943,0.17719927218707443,-0.029933810234069824,-0.12361692603367963,4863,-0.037342727184295654,-0.20508674346760936,0.14398415469316503,-0.013030767440791458,0.6165234322545992,0.6165570028199275,0.3834429971800725,0.0007933549,1.3222582,0.23082878,0.017120988317443266,0.0
365,Index/ETF,6,96,29788,98,0.0010071169598496038,0.0,0.0033344973521610586,0.01305894991271653,0.004857158420383753,0.023549733910596334,-3.0093929767608607,-0.07009392976760864,0.01305894991271653,0.0045610844298400975,0.02526109683056062,0.7222222089767456,0.01003420352935791,0.019304750314875548,0.11237625237778948,0.11080973593548155,0.1665659172101049,0.1524256671608357,0.18085545092662597,0.022857248783111572,0.17719927218707443,-0.023760735988616943,-0.12361692603367963,4863,-0.029552102088928223,-0.20508674346760936,0.18188532294883847,-0.012387990951534533,0.6184033839129851,0.6184369544783134,0.3815630455216866,0.00059953606,0.99922675,0.18499169,0.02876997448637035,0.0
365,Index/ETF,6,98,29788,98,0.0005035584799248019,0.0,0.0018087062873619977,0.019773062978380555,0.008167847575948536,0.033886562709044665,-1.480803966522215,-0.03480803966522217,0.019907345239693838,0.007936769057424789,0.035251287082574426,0.6666666865348816,0.0049558281898498535,0.009382112363656768,0.11237625237778948,0.11080973593548155,0.08116285951346887,0.07402313082570348,0.08754678177543494,0.011215925216674805,0.17719927218707443,-0.011456459760665894,-0.12361692603367963,4863,-0.014653384685516357,-0.20508674346760936,0.3779038539008997,-0.012795209884641778,0.6220961460991004,0.6221297166644286,0.3778702833355714,0.00023948414,0.39914024,0.090946086,0.1447898482610447,0.0
365,Index/ETF,25,50,29788,98,0.0,0.0,0.0,0.0001342822613132805,0.0,0.00043456424251036966,-0.0046193599700927734,-0.5000461935997009,0.0001342822613132805,0.0,0.0004828991150288084,0.8928571939468384,0.10656028985977173,0.10279268747698593,0.11237625237778948,0.11080973593548155,0.9696250268508214,0.9663387930736791,0.9720925269516603,0.17111736536026,0.17719927218707443,-0.1304134726524353,-0.12361692603367963,4863,-0.21672922372817993,-0.20508674346760936,0.009970457902511078,-0.0008821487426757812,0.708372498992883,0.708372498992883,0.291627501007117,0.005530429,2.2121716,0.9899442,0.0,0.0
365,Index/ETF,25,55,29788,98,0.0,0.0,0.0,0.0004364173492681617,0.0,0.001376915648104046,-0.01655697822571245,-0.4501655697822571,0.0004364173492681617,0.0,0.0013441498656346087,0.8730158805847168,0.10618191957473755,0.10170932217974206,0.11237625237778948,0.11080973593548155,0.9653023700321951,0.960194525600549,0.9694438489454426,0.17069005966186523,0.17719927218707443,-0.13504129648208618,-0.12361692603367963,4863,-0.2307274341583252,-0.20508674346760936,0.01299180878205989,-0.0008332729339644018,0.7059218477239156,0.7059218477239156,0.2940781522760843,0.0056912918,2.2765162,0.9829258,0.0,0.0
365,Index/ETF,25,60,29788,98,0.00010071169598496038,0.0,0.0003212444163276652,0.0007385524372230429,0.0,0.002141983508487882,-3.1761801242828347,-0.43176180124282837,0.0007385524372230429,0.0,0.0021653504223240467,0.7916666865348816,0.10502254962921143,0.09979844638584796,0.11237625237778948,0.11080973593548155,0.9565745120758782,0.9463749520245854,0.9650154910774523,0.16989749670028687,0.17719927218707443,-0.1492525339126587,-0.12361692603367963,4863,-0.25391268730163574,-0.20508674346760936,0.017590976232039746,-0.013140439987180397,0.7026655028870686,0.7026655028870686,0.29733449711293136,0.0060072388,2.4028955,0.9720107,6.714113065664025e-05,0.0
365,Index/ETF,25,65,29788,98,0.0003357056532832013,0.0,0.0011589631490143144,0.0013763931784611253,0.0,0.0036529470943094397,-7.207396030426027,-0.42207396030426025,0.0013763931784611253,3.283519606821168e-05,0.0036483878578265154,0.6944444179534912,0.10223358869552612,0.09737649631809192,0.11237625237778948,0.11080973593548155,0.9389047404800761,0.9205546751518948,0.9542693875671728,0.16782164573669434,0.17719927218707443,-0.17204850912094116,-0.12361692603367963,4863,-0.24763339757919312,-0.20508674346760936,0.024607224385658655,-0.010391473770143822,0.6938700147710487,0.6938700147710487,0.30612998522895124,0.0064998195,2.5999281,0.95460564,6.714113065664025e-05,0.0
365,Index/ETF,25,70,29788,98,0.0004364173492681617,0.0,0.0014489404302099377,0.0021820867463408083,0.00019450381281404527,0.005066580071550478,-8.067322969436642,-0.38067322969436646,0.0021820867463408083,0.00018544850227835883,0.004965106925095932,0.670634925365448,0.09537076950073242,0.09381909972191561,0.11237625237778948,0.11080973593548155,0.9033422148848722,0.8753787165560764,0.9272214245194336,0.16206014156341553,0.17719927218707443,-0.17127731442451477,-0.12361692603367963,4863,-0.22526437044143677,-0.20508674346760936,0.03222774271518732,-0.010318756103511184,0.6739626695313549,0.6739626695313549,0.3260373304686451,0.0073899357,2.9559743,0.925973,0.00010071169598496038,0.0
365,Index/ETF,25,75,29788,98,0.0006378407412380825,0.0,0.0021589020989797015,0.002786356922250571,0.0004593314265309547,0.005814554874078085,-8.148831129074097,-0.33148831129074097,0.002786356922250571,0.0004314111697921655,0.006131928033450147,0.6349206566810608,0.07953113317489624,0.08774029315558475,0.11237625237778948,0.11080973593548155,0.8346026495684138,0.794013859462613,0.8677642039441905,0.1495952010154724,0.17719927218707443,-0.15309062600135803,-0.12361692603367963,4863,-0.19300764799118042,-0.20508674346760936,0.03964683765274607,-0.025671720504760742,0.6362964952329797,0.6362964952329797,0.3637035047670203,0.009099122,3.639649,0.873737,0.00020142339196992077,0.0
365,Index/ETF,25,80,29788,98,0.0009399758291929637,0.0,0.0030532807986817204,0.003927756143413455,0.0008334425339650219,0.00778363256625705,-8.771841526031498,-0.28771841526031494,0.003927756143413455,0.0008712691131122108,0.007901831823785014,0.7023809552192688,0.0490376353263855,0.07699346619395421,0.11237625237778948,0.11080973593548155,0.7183589466939461,0.6708694463580638,0.756495240334358,0.12230539321899414,0.17719927218707443,-0.12561309337615967,-0.12361692603367963,4863,-0.15538907051086426,-0.20508674346760936,0.047737343896871225,-0.02252340316772905,0.6040687525177924,0.6040687525177924,0.3959312474822076,0.010291486,4.1165943,0.7768075,0.00030213508795488115,0.0
365,Index/ETF,25,85,29788,98,0.0013428226131328052,0.0,0.004678485153311302,0.006109842889754263,0.0019233393282983547,0.011295673316311032,-9.453258514404295,-0.24453258514404297,0.006109842889754263,0.0016978924436970176,0.011638484209000063,0.7400793433189392,0.03097677230834961,0.06093710192309237,0.11237625237778948,0.11080973593548155,0.5602730477210747,0.5188910930277463,0.5950905463337245,0.07908457517623901,0.17719927218707443,-0.09472107887268066,-0.12361692603367963,4863,-0.11636632680892944,-0.20508674346760936,0.05717067275412918,-0.020075440406797096,0.5947025647911911,0.5947025647911911,0.4052974352088089,0.0096327625,3.8531046,0.6283973,0.0005035584799248019,0.0
365,Index/ETF,25,88,29788,98,0.0013428226131328052,0.0,0.004838049337199755,0.006814824761648986,0.0020507484224371463,0.012613335821490532,-9.836119890213013,-0.21836119890213013,0.006814824761648986,0.0019847200784068693,0.012818941719256462,0.726190447807312,0.02413266897201538,0.04951681903829443,0.11237625237778948,0.11080973593548155,0.4529940175346514,0.4113150648013923,0.4869540620094305,0.06158339977264404,0.17719927218707443,-0.07567262649536133,-0.12361692603367963,4863,-0.09305304288864136,-0.20508674346760936,0.06740969517926682,-0.02083826065063521,0.5935275950046999,0.5935275950046999,0.40647240499530013,0.00829207,3.316828,0.51885706,0.0015106754397744059,0.0
365,Index/ETF,25,90,29788,98,0.0013428226131328052,0.0,0.004633566910322573,0.007284812676245468,0.0020887553705173016,0.01378669456194981,-8.794000148773195,-0.18794000148773193,0.007284812676245468,0.0022642799584842504,0.013644371008078904,0.75,0.020078063011169434,0.04160401514028885,0.11237625237778948,0.11080973593548155,0.3792096427494805,0.345310161139733,0.40532641235842726,0.051210224628448486,0.17719927218707443,-0.06269669532775879,-0.12361692603367963,4863,-0.07720297574996948,-0.20508674346760936,0.07751443534309117,-0.014808177948000267,0.5936954478313414,0.5937290183966698,0.4062709816033302,0.0070375707,2.8150282,0.43973264,0.00261850409560897,0.0
365,Index/ETF,25,92,29788,98,0.0013428226131328052,0.0,0.004813251085484346,0.008526923593393312,0.002867922876941918,0.015620383340909736,-6.3384516239166295,-0.14338451623916626,0.008526923593393312,0.0028984804975799305,0.015280252141812016,0.7658730149269104,0.016314983367919922,0.033474026527743506,0.11237625237778948,0.11080973593548155,0.3040202934530606,0.27727580963097986,0.3265838191212082,0.04104715585708618,0.17719927218707443,-0.04976657032966614,-0.12361692603367963,4863,-0.06128251552581787,-0.20508674346760936,0.09299046595944675,-0.010753989219669524,0.5954075466630858,0.5954075466630858,0.4045924533369142,0.005587451,2.2349803,0.35680386,0.005774137236471062,0.0
365,Index/ETF,25,94,29788,98,0.001309252047804485,0.0,0.0043134602846692256,0.0103397341211226,0.0035489797660689174,0.019224636772579674,-4.576474666595454,-0.10576474666595459,0.01037330468645092,0.0033512471922353426,0.019132246129108306,0.7182539701461792,0.012506604194641113,0.025261965957090682,0.11237625237778948,0.11080973593548155,0.22849502462917762,0.2077964534780233,0.2472473248571,0.0310094952583313,0.17719927218707443,-0.03695803880691528,-0.12361692603367963,4863,-0.045621275901794434,-0.20508674346760936,0.12380824493084464,-0.014040112495417034,0.5976567745400833,0.5976567745400833,0.40234322545991674,0.0040151444,1.6060578,0.27066895,0.012018262387538605,0.0
365,Index/ETF,25,95,29788,98,0.0012421109171478447,0.0,0.004273890501736386,0.012320397475493487,0.004239053318739946,0.022528636460492222,-3.7883651256561235,-0.08788365125656128,0.012320397475493487,0.004414800275620196,0.022775513071111784,0.7182539701461792,0.010458767414093018,0.021130475387071242,0.11237625237778948,0.11080973593548155,0.1906389680508235,0.17185269676804127,0.207439673772514,0.025854527950286865,0.17719927218707443,-0.03067713975906372,-0.12361692603367963,4863,-0.037829816341400146,-0.20508674346760936,0.14979186249496443,-0.014914274215693801,0.5997045790251108,0.5997381495904391,0.4002618504095609,0.0032204436,1.2881774,0.22652814,0.017792399624009667,0.0
365,Index/ETF,25,96,29788,98,0.0010071169598496038,0.0,0.0033393822833293137,0.013898214045924534,0.0048024647964988254,0.02552087568006427,-3.0112943649291957,-0.07011294364929199,0.013898214045924534,0.004948630350972563,0.02540722548735204,0.7202380895614624,0.008534669876098633,0.01701983101731005,0.11237625237778948,0.11080973593548155,0.15284941947427902,0.13910848682733973,0.16626369080896822,0.020795166492462158,0.17719927218707443,-0.024299204349517822,-0.12361692603367963,4863,-0.0298880934715271,-0.20508674346760936,0.18849872431851752,-0.014623165130611682,0.6027259299046596,0.6027930710353162,0.3972069289646838,0.0024335699,0.97342795,0.18170154,0.03038136162212972,0.0
365,Index/ETF,25,98,29788,98,0.0006042701759097623,0.0,0.0019524982501829134,0.021048744460856722,0.007824359498158136,0.0368927237408217,-1.5597681999206525,-0.03559768199920654,0.021350879548811603,0.008016071310453853,0.03833182578369932,0.6507936716079712,0.004392385482788086,0.008472608982900398,0.11237625237778948,0.11080973593548155,0.07569030045079111,0.06924600214834754,0.08158342485788289,0.01043325662612915,0.17719927218707443,-0.011669069528579712,-0.12361692603367963,4863,-0.014805436134338379,-0.20508674346760936,0.38898214045924534,-0.01284885406493963,0.6109507184100981,0.611051430106083,0.388948569893917,0.0009759681,0.39038727,0.08964586,0.14831475762051832,0.0
365,Single stock,6,50,49059,64,0.004749383395503373,0.0020617557620431766,0.007622451075241927,0.015695387186856643,0.007374167213832606,0.026545338857716,-17.140650749206543,-0.6714065074920654,0.015695387186856643,0.007329336094016651,0.026925157441534512,0.5714285969734192,0.14684545993804932,0.25453930120095003,0.15343529542871592,0.2658782221472935,0.9778655244031336,0.9672820660506269,0.9854579448016371,0.2936757802963257,0.29891906720912287,-0.18266478180885315,-0.16327821993726604,9967,-0.30138134956359863,-0.25242673948877914,0.039646140361605416,-0.09726285934448242,0.6813021056279174,0.6813224892476406,0.3186775107523594,0.001488202,2.480337,0.9672886,0.0005299741128029516,2.0383619723190443e-05
365,Single stock,6,55,49059,64,0.0049532195927352776,0.0023488382165436058,0.008161642408940356,0.01838602499031778,0.008132740404492106,0.03171025506907555,-16.836913228034977,-0.6183691322803497,0.01840640861004097,0.008667982521285771,0.03107113319241406,0.5595238208770752,0.14400911331176758,0.25137736563623364,0.15343529542871592,0.2658782221472935,0.9683929944931607,0.9547559157666818,0.9783971169466923,0.2917705774307251,0.29891906720912287,-0.20134595036506653,-0.16327821993726604,9967,-0.3304763436317444,-0.25242673948877914,0.04855378218063964,-0.08174657821655718,0.6754927740068082,0.6755131576265313,0.3244868423734687,0.0015585982,2.5976636,0.9536411,0.0006522758311420942,2.0383619723190443e-05
365,Single stock,6,60,49059,64,0.005890866100002039,0.002809843430249145,0.009596699866586223,0.02191239120242973,0.011266264756382193,0.036153735827983646,-21.101356148719784,-0.6110135614871979,0.022075460160215252,0.010932233108160256,0.03687621919048162,0.567460298538208,0.13938724994659424,0.24687650433016084,0.15343529542871592,0.2658782221472935,0.9527011412850542,0.9354924986788836,0.9659779023893241,0.2877281904220581,0.29891906720912287,-0.2361002266407013,-0.16327821993726604,9967,-0.3259405493736267,-0.25242673948877914,0.06002976008479586,-0.0760233402252175,0.6652194296663202,0.6652194296663202,0.33478057033367986,0.0016713358,2.7855597,0.93474823,0.0009784137467131412,2.0383619723190443e-05
365,Single stock,6,65,49059,64,0.007419637579241321,0.0033727880378362613,0.01227308702912547,0.02617256772457653,0.014063386785627038,0.04200284057031206,-25.837802290916446,-0.6083780229091644,0.026315253062638863,0.014097516838057596,0.040754398822668424,0.5357142686843872,0.1299041509628296,0.24061763533409378,0.15343529542871592,0.2658782221472935,0.9277976944253279,0.9062532254877328,0.9450682396550626,0.28098881244659424,0.29891906720912287,-0.24544185400009155,-0.16327821993726604,9967,-0.30211567878723145,-0.25242673948877914,0.07350333272182474,-0.06712615489959939,0.6487494649299823,0.6487494649299823,0.35125053507001774,0.0018500697,3.0834498,0.9081393,0.0015083878595160928,2.0383619723190443e-05
365,Single stock,6,70,49059,64,0.008051529790660225,0.0037673075247453957,0.01339121897494829,0.02980085203530443,0.0158697086352657,0.04779383430911575,-30.83780229091644,-0.6083780229091644,0.029963920993089952,0.016362594165357208,0.04737957568489734,0.511904776096344,0.11549186706542969,0.23207355946258068,0.15343529542871592,0.2658782221472935,0.8894494678320797,0.8635920873075994,0.9092013790461536,0.2677367925643921,0.29891906720912287,-0.2289096713066101,-0.16327821993726604,9967,-0.266839861869812,-0.25242673948877914,0.08805723720418272,-0.0783753395080522,0.6239833669663059,0.6239833669663059,0.37601663303369415,0.0021414964,3.569161,0.8697057,0.002486801606229234,4.0767239446380886e-05
365,Single stock,6,75,49059,64,0.008846490959864653,0.0046235829043935325,0.014382556037423392,0.033367985486862754,0.017485874519096483,0.052057310941417405,-35.83780229091644,-0.6083780229091644,0.03353105444464828,0.018551546373660164,0.051298063438604505,0.5079365372657776,0.08680856227874756,0.2193084566137172,0.15343529542871592,0.2658782221472935,0.8295922212270604,0.8012154735804234,0.8552830256035487,0.24360871315002441,0.29891906720912287,-0.19962617754936218,-0.16327821993726604,9967,-0.22603744268417358,-0.25242673948877914,0.10332456837685236,-0.07714629173278809,0.587822825577366,0.587822825577366,0.41217717442263396,0.0026069628,4.344938,0.8117222,0.004015573085468517,0.0001426853380623331
365,Single stock,6,80,49059,64,0.00870380562180232,0.004319900327467163,0.014560099272355144,0.03622169224810942,0.02028974306847699,0.0566933383007222,-28.67024421691895,-0.48670244216918945,0.036343993966448565,0.021946651453203084,0.053774361426609504,0.511904776096344,0.041249871253967285,0.19895100200406352,0.15343529542871592,0.2658782221472935,0.7388291748688615,0.7067364587805084,0.7663123111941585,0.19993650913238525,0.29891906720912287,-0.16287079453468323,-0.16327821993726604,9967,-0.1817561388015747,-0.25242673948877914,0.12058949428239467,-0.07419466972351518,0.5516826678081493,0.5516826678081493,0.4483173321918506,0.0029410115,4.9016867,0.7262222,0.00599278419861799,0.0001426853380623331
365,Single stock,6,85,49059,64,0.00825536598789213,0.003766792033195965,0.014575665933221672,0.03987036017856051,0.023247072357568302,0.060219479350014364,-24.233154058456417,-0.3923315405845642,0.040114963615238794,0.02416931146466931,0.06221593474868449,0.5198412537574768,0.013577938079833984,0.16859363559728033,0.15343529542871592,0.2658782221472935,0.6137363665381044,0.575870092454871,0.6428005638986777,0.1265256404876709,0.29891906720912287,-0.12308862805366516,-0.16327821993726604,9967,-0.13648152351379395,-0.25242673948877914,0.14219613118897653,-0.061461925506589576,0.5258158543794207,0.5258158543794207,0.4741841456205793,0.0029378866,4.8964777,0.60620564,0.009784137467131413,0.00016306895778552354
365,Single stock,6,88,49059,64,0.0076030901567500355,0.003456560683382544,0.013590444294610622,0.04262214884119122,0.0261277130174694,0.0623092100130923,-21.30749273300171,-0.3330749273300171,0.042805601418699935,0.024321843405622667,0.06395127172856115,0.5317460298538208,0.006415843963623047,0.14513110950361072,0.15343529542871592,0.2658782221472935,0.5220272754574733,0.48634602519549763,0.5476843793426492,0.08685636520385742,0.29891906720912287,-0.09846121072769165,-0.16327821993726604,9967,-0.10893398523330688,-0.25242673948877914,0.16292627244746122,-0.050813436508179155,0.5159094151939502,0.5159094151939502,0.4840905848060499,0.0027246317,4.541053,0.5163522,0.013473572637028884,0.00016306895778552354
365,Single stock,6,90,49059,64,0.006665443649483275,0.0032707457882290777,0.011366770560665871,0.044823579771295786,0.02660529291229747,0.06662984840275678,-28.898932933807377,-0.38898932933807373,0.04502741596852769,0.027203368775872497,0.0660985917702802,0.5476190447807312,0.00374758243560791,0.1274217860093019,0.15343529542871592,0.2658782221472935,0.4544946632056556,0.4227500918686027,0.48233478405652735,0.06776010990142822,0.29891906720912287,-0.08184108138084412,-0.16327821993726604,9967,-0.09061866998672485,-0.25242673948877914,0.18104731038137753,-0.044962167739870385,0.511934609347928,0.5119549929676512,0.4880450070323488,0.0024721487,4.120248,0.4487559,0.018182188793085877,0.00016306895778552354
365,Single stock,6,92,49059,64,0.005748180761939705,0.0025718732463958327,0.010076122110210308,0.048349945983407736,0.029561212355810662,0.07005953857266087,-24.20988512039185,-0.32209885120391846,0.04859454942008602,0.029264604962062672,0.07060538317811048,0.5595238208770752,0.0023233890533447266,0.1075849343146606,0.15343529542871592,0.2658782221472935,0.38045960699052417,0.34975733183510727,0.40662904167391195,0.05170774459838867,0.29891906720912287,-0.06527164578437805,-0.16327821993726604,9967,-0.07207322120666504,-0.25242673948877914,0.20446808944332334,-0.03997814655304355,0.5089789844880654,0.5089993681077886,0.49100063189221144,0.0021278425,3.546404,0.37498558,0.025846429809005485,0.00016306895778552354
365,Single stock,6,94,49059,64,0.004851301494119326,0.002217779067554658,0.008062057138400719,0.052202450111090724,0.0315913828896112,0.07540198505118503,-15.110361814498896,-0.211103618144989,0.05244705354776901,0.03194883144503422,0.07526414725396498,0.5714285969734192,0.0014107227325439453,0.08535304099455618,0.15343529542871592,0.2658782221472935,0.29922718963037087,0.2702333107748254,0.3227414767350631,0.03758430480957031,0.29891906720912287,-0.04867246747016907,-0.16327821993726604,9967,-0.05364924669265747,-0.25242673948877914,0.2405878635928168,-0.030696630477899944,0.5067775535579608,0.5068183207974072,0.4931816792025928,0.001695406,2.8256767,0.2944891,0.04113414460139832,0.00016306895778552354
365,Single stock,6,95,49059,64,0.004056340324914898,0.0018194138592053399,0.006905362481672381,0.05585111804154182,0.034028404650553803,0.0831819722810637,-12.680889368057247,-0.1768088936805725,0.05611610509794329,0.034667796015209675,0.08043589429103504,0.5753968358039856,0.0009539127349853516,0.07341763854243057,0.15343529542871592,0.2658782221472935,0.2561259339854576,0.22992958571508765,0.277589032048896,0.031198501586914062,0.29891906720912287,-0.040276676416397095,-0.16327821993726604,9967,-0.04455101490020752,-0.25242673948877914,0.2694918363603009,-0.02705574035644087,0.5061864285859883,0.5061864285859883,0.4938135714140117,0.0014443027,2.4071712,0.25158095,0.05523960944984611,0.00016306895778552354
365,Single stock,6,96,49059,64,0.0032817627754336614,0.001433542666392159,0.005472622039191276,0.06153814794431195,0.03963781962536989,0.08678800252557498,-7.989349126815792,-0.11989349126815796,0.06190505309932938,0.03952847150293773,0.08941134156142316,0.591269850730896,0.0008378028869628906,0.06076806105850849,0.15343529542871592,0.2658782221472935,0.21087727319976698,0.18898446157077645,0.23458488576809874,0.024644970893859863,0.29891906720912287,-0.03185677528381348,-0.16327821993726604,9967,-0.0354766845703125,-0.25242673948877914,0.30748690352432784,-0.02587652206420543,0.5065941009804521,0.5066348682198984,0.4933651317801015,0.0011721804,1.9536339,0.2066588,0.08069875048411097,0.00022421981695509488
365,Single stock,6,98,49059,64,0.001243400803114617,0.00048191035947165497,0.0023863308078483597,0.08237020730141259,0.0537154178263208,0.10979555690987176,-6.198726177215574,-0.08198726177215576,0.08253327625919811,0.05476087799583943,0.11357289846156084,0.5515872836112976,0.0006723403930664062,0.03183175901794247,0.15343529542871592,0.2658782221472935,0.10957517139900663,0.09229229286747005,0.12547418445640354,0.012230277061462402,0.29891906720912287,-0.0154188871383667,-0.16327821993726604,9967,-0.017754793167114258,-0.25242673948877914,0.48888073544099964,-0.01843976974487127,0.5111192645590004,0.5111600317984468,0.48883996820155323,0.00058161106,0.96935177,0.10909216,0.2425243074665199,0.0002853706761246662
365,Single stock,25,50,49059,64,0.0046882325363338025,0.002227118368481554,0.007644325923351556,0.016041908722150878,0.0077598116473676015,0.027210190591752153,-17.03490912914276,-0.6703490912914276,0.016041908722150878,0.007146599271777668,0.026584007931785596,0.5753968358039856,0.14227080345153809,0.24909524718142817,0.15343529542871592,0.2658782221472935,0.9652397880857435,0.9532411247828195,0.9736026839478322,0.2886345386505127,0.29891906720912287,-0.18674403429031372,-0.16327821993726604,9967,-0.307955801486969,-0.25242673948877914,0.04156220061558531,-0.09365975856781006,0.6757577610632096,0.6757577610632096,0.3242422389367904,0.006190016,2.4760065,0.9663594,0.0005095904930797611,2.0383619723190443e-05
365,Single stock,25,55,49059,64,0.00503475407162804,0.0026680881850908718,0.008117570728684693,0.019201369779245397,0.009171716779990801,0.0325524620455538,-16.572122573852543,-0.6157212257385254,0.019201369779245397,0.008972196433709822,0.031654219709313265,0.5595238208770752,0.13944435119628906,0.24561690364638414,0.15343529542871592,0.2658782221472935,0.9551190024796136,0.9404320287546923,0.9655257776006374,0.28660309314727783,0.29891906720912287,-0.20714503526687622,-0.16327821993726604,9967,-0.3378552794456482,-0.25242673948877914,0.05065329501212825,-0.07534801959991899,0.669581524287083,0.669581524287083,0.3304184757129171,0.0064812135,2.5924852,0.9522713,0.0006522758311420942,2.0383619723190443e-05
365,Single stock,25,60,49059,64,0.00599278419861799,0.00285305429793429,0.009574283400227371,0.022809270470250106,0.011742686363121287,0.03721214407195186,-21.29142045974731,-0.6129142045974731,0.022809270470250106,0.011094057826249447,0.03776348103057366,0.5555555820465088,0.13430237770080566,0.24059974473735118,0.15343529542871592,0.2658782221472935,0.9381476968955788,0.9183187469065728,0.951091842108048,0.28227436542510986,0.29891906720912287,-0.24542081356048584,-0.16327821993726604,9967,-0.33128446340560913,-0.25242673948877914,0.06308730304327442,-0.07151126861572044,0.6589616584113007,0.6589616584113007,0.34103834158869933,0.006950864,2.7803454,0.9327101,0.0009987973664363319,2.0383619723190443e-05
365,Single stock,25,65,49059,64,0.007440021198964512,0.0036031243984539726,0.012230274012635753,0.02674330907682586,0.014559284024807367,0.042783337289001376,-25.986566543579105,-0.609865665435791,0.02674330907682586,0.013866494964572906,0.04278643915869512,0.5317460298538208,0.12402200698852539,0.23348824387805903,0.15343529542871592,0.2658782221472935,0.9109440470071802,0.8867344075290233,0.9292414424353884,0.2741454839706421,0.29891906720912287,-0.2530971169471741,-0.16327821993726604,9967,-0.3060086965560913,-0.25242673948877914,0.07727430237061497,-0.0707441568374656,0.6408610040971076,0.6408610040971076,0.35913899590289244,0.0077000344,3.080014,0.90505844,0.0015491550989624738,2.0383619723190443e-05
365,Single stock,25,70,49059,64,0.00821459874844575,0.0040726035029890785,0.013346452948851333,0.030106606331152287,0.01736329371215603,0.04800934080449277,-30.986566543579098,-0.609865665435791,0.030106606331152287,0.016499181868632584,0.04773898929685608,0.5079365372657776,0.10728561878204346,0.22360988985228844,0.15343529542871592,0.2658782221472935,0.8685832791441989,0.8439768574978251,0.8895828685694496,0.26003122329711914,0.29891906720912287,-0.2347232699394226,-0.16327821993726604,9967,-0.26968199014663696,-0.25242673948877914,0.0921747283882672,-0.08232116699218306,0.614036160541389,0.614036160541389,0.38596383945861107,0.008922068,3.5688272,0.8648925,0.0026091033245683767,4.0767239446380886e-05
365,Single stock,25,75,49059,64,0.009131861635989318,0.0048841243827001625,0.015183738513602519,0.03420371389551356,0.019195499825537837,0.05196581988230479,-35.9865665435791,-0.609865665435791,0.03420371389551356,0.01943370159292645,0.05253541724834186,0.511904776096344,0.07406508922576904,0.20846776281211035,0.15343529542871592,0.2658782221472935,0.8011687141940453,0.7690209691174109,0.8264199845069105,0.23152685165405273,0.29891906720912287,-0.2041953206062317,-0.16327821993726604,9967,-0.2280644178390503,-0.25242673948877914,0.10903198189934568,-0.07846951484680176,0.5725351107849732,0.5725351107849732,0.4274648892150268,0.010878568,4.351427,0.8040934,0.004076723944638089,0.0001426853380623331
365,Single stock,25,80,49059,64,0.008622271142909558,0.00432144762692477,0.014260255063996063,0.03781161458651827,0.02258886487808703,0.05599359963071625,-28.789250850677494,-0.4878925085067749,0.03781161458651827,0.02163965545753168,0.05589149033145043,0.5158730149269104,0.023815631866455078,0.18611480436866654,0.15343529542871592,0.2658782221472935,0.7034515299142808,0.6668494446929755,0.7333261175187751,0.18244004249572754,0.29891906720912287,-0.1662045419216156,-0.16327821993726604,9967,-0.18333441019058228,-0.25242673948877914,0.12641920952322713,-0.07133364677429643,0.531095211887727,0.531095211887727,0.468904788112273,0.012221493,4.888597,0.7157522,0.006359689353635419,0.00016306895778552354
365,Single stock,25,85,49059,64,0.00821459874844575,0.003825190594819696,0.014183777584394942,0.041684502333924456,0.025248737884763808,0.062105162901451856,-24.625823497772213,-0.39625823497772217,0.041684502333924456,0.0253761350744084,0.06150240056139874,0.5277777910232544,0.001305222511291504,0.15525152837241885,0.15343529542871592,0.2658782221472935,0.5757864456111912,0.5363431426872423,0.6060968232924963,0.10501527786254883,0.29891906720912287,-0.1252109706401825,-0.16327821993726604,9967,-0.13751685619354248,-0.25242673948877914,0.14963615238794106,-0.05964398384094016,0.5025785278949836,0.5025785278949836,0.4974214721050164,0.012128276,4.8513103,0.5941992,0.01013065900242565,0.00016306895778552354
365,Single stock,25,88,49059,64,0.007521555677857274,0.003359063210036709,0.013070318876755806,0.044599359954340695,0.026544112947338192,0.0651378458796394,-23.346460342407227,-0.35346460342407227,0.044680894433233455,0.027356606761688353,0.0676947222934959,0.5357142686843872,-0.0024028420448303223,0.13259380529511924,0.15343529542871592,0.2658782221472935,0.4859335846788827,0.4534686688490068,0.5141496035958106,0.07158792018890381,0.29891906720912287,-0.10009139776229858,-0.16327821993726604,9967,-0.1098143458366394,-0.25242673948877914,0.17152815997064758,-0.05069720745086714,0.4936097352167798,0.4936097352167798,0.5063902647832202,0.011179754,4.4719014,0.504462,0.014146232087894168,0.00016306895778552354
365,Single stock,25,90,49059,64,0.006706210888929656,0.0033664706401557777,0.011284513702692109,0.04704539432112354,0.028345267328319945,0.06788120690082508,-22.990300655364994,-0.3299030065536499,0.04726961413807864,0.02728403151910057,0.07036414852837769,0.5476190447807312,-0.0032895803451538086,0.11584129292965081,0.15343529542871592,0.2658782221472935,0.4208986981845524,0.3887244928839492,0.44784453153255177,0.05570340156555176,0.29891906720912287,-0.08312070369720459,-0.16327821993726604,9967,-0.0912400484085083,-0.25242673948877914,0.18907845655231456,-0.04689633846283181,0.4895330112721417,0.4895330112721417,0.5104669887278583,0.010098073,4.0392294,0.43759882,0.019201369779245397,0.00016306895778552354
365,Single stock,25,92,49059,64,0.005707413522493324,0.002569388347816589,0.009992909275357528,0.051224036364377584,0.03198186942799144,0.07453003437882168,-16.410402774810795,-0.2441040277481079,0.05134633808271673,0.03188303838924338,0.07378583020469584,0.567460298538208,-0.0029492974281311035,0.09743137462914905,0.15343529542871592,0.2658782221472935,0.35081747487355364,0.3200220922155342,0.3766864541506769,0.04290890693664551,0.29891906720912287,-0.06612321734428406,-0.16327821993726604,9967,-0.07261824607849121,-0.25242673948877914,0.21404839071322285,-0.03601741790771884,0.48794308893373284,0.48794308893373284,0.5120569110662672,0.008659648,3.4638593,0.36507934,0.0270898306121201,0.00016306895778552354
365,Single stock,25,94,49059,64,0.004830917874396135,0.00218158188923462,0.008231396833841288,0.056014186999327344,0.03416391749232734,0.08190140090466604,-16.03440070152282,-0.22034400701522827,0.05621802319655925,0.03512341353126449,0.0822033061138821,0.5753968358039856,-0.0022441744804382324,0.0770204748445257,0.15343529542871592,0.2658782221472935,0.27476577099381827,0.24803845866322385,0.29989885911411335,0.03155481815338135,0.29891906720912287,-0.04928934574127197,-0.16327821993726604,9967,-0.053996264934539795,-0.25242673948877914,0.25094274241219755,-0.026607751846308147,0.48718889500397483,0.4872296622434212,0.5127703377565788,0.006873717,2.749487,0.28636202,0.042887135897592694,0.000183452577508714
365,Single stock,25,95,49059,64,0.0038321205079598036,0.0016389107691273407,0.0065735013225995224,0.059927841986179904,0.03782212665027947,0.08566862898169866,-11.537332534790036,-0.1653733253479004,0.06005014370451905,0.03939677093065383,0.08222064352269948,0.5753968358039856,-0.0018935203552246094,0.06618818087356114,0.15343529542871592,0.2658782221472935,0.23484170136694796,0.20873188746210158,0.2584866430969609,0.026293039321899414,0.29891906720912287,-0.04076829552650452,-0.16327821993726604,9967,-0.04482412338256836,-0.25242673948877914,0.2790109867710308,-0.02674877643584761,0.48751503291954584,0.48755580015899225,0.5124441998410078,0.0058436147,2.3374457,0.24459396,0.05762449295745939,0.000183452577508714
365,Single stock,25,96,49059,64,0.003302146395156852,0.0013675173393321713,0.005660794886592043,0.06545180293116451,0.042465953359674534,0.09408830192149353,-7.645424365997311,-0.11645424365997314,0.06557410464950365,0.04176629626451597,0.09543869382005579,0.579365074634552,-0.0011457204818725586,0.05473129820591855,0.15343529542871592,0.2658782221472935,0.19306278692347092,0.16994111983746446,0.21409666781876122,0.02113163471221924,0.29891906720912287,-0.032233595848083496,-0.16327821993726604,9967,-0.03572356700897217,-0.25242673948877914,0.3193501702032247,-0.02498841285705211,0.4897368474693736,0.4897368474693736,0.5102631525306264,0.004737502,1.8950006,0.20094797,0.08391936240037506,0.00022421981695509488
365,Single stock,25,98,49059,64,0.0012637844228378075,0.0004304192731437212,0.00235087360736059,0.08646731486577386,0.059547385706082194,0.1200463594264159,-6.639007806777952,-0.08639007806777954,0.08646731486577386,0.05808879338972352,0.11925622784434961,0.5515872836112976,-4.673004150390625e-05,0.028780477535963016,0.15343529542871592,0.2658782221472935,0.10054287597871817,0.08394228459830683,0.11468980580908791,0.010891318321228027,0.29891906720912287,-0.015592455863952637,-0.16327821993726604,9967,-0.01789957284927368,-0.25242673948877914,0.5006013167818342,-0.019429206848142755,0.4993782995984427,0.4993986832181659,0.5006013167818342,0.002341021,0.93640834,0.10624357,0.24906744939766404,0.0003261379155710471
365,Basket,6,50,5236,49,0.0,0.0,0.0,0.008976317799847212,0.0,0.02799587524481344,-0.05428791046142578,-0.5005428791046143,0.008976317799847212,0.0,0.026533202187826233,0.5634920597076416,0.2353026270866394,0.26618852207936616,0.23852637080679107,0.2730557860988096,0.9858551367706195,0.9686381789483652,0.9950865537641725,0.3202727437019348,0.32252346387569675,-0.12929922342300415,-0.11923207468876523,643,-0.26230162382125854,-0.23289062967991492,0.015087853323147441,-0.016173720359802246,0.7733002291825821,0.7733002291825821,0.22669977081741788,0.0014344312,2.3907187,0.9838403,0.0,0.0
365,Basket,6,55,5236,49,0.0,0.0,0.0,0.009931245225362872,0.0,0.030927078371307693,-0.052880048751835496,-0.4505288004875183,0.009931245225362872,0.0,0.030602911135243126,0.5297619104385376,0.23323220014572144,0.2645282404763358,0.23852637080679107,0.2730557860988096,0.9817999370637983,0.9626618943703337,0.9928440901669181,0.318928062915802,0.32252346387569675,-0.14342129230499268,-0.11923207468876523,643,-0.29203158617019653,-0.23289062967991492,0.018907563025210083,-0.017671585083012253,0.7690985485103132,0.7690985485103132,0.23090145148968677,0.0014812781,2.4687967,0.976233,0.0,0.0
365,Basket,6,60,5236,49,0.0,0.0,0.0,0.010313216195569137,0.0,0.02961084963777044,-0.05464315414428489,-0.40054643154144287,0.010313216195569137,0.0,0.030250219628514055,0.4980158805847168,0.23094838857650757,0.26194665121658783,0.23852637080679107,0.2730557860988096,0.9738646903431396,0.9526605970012555,0.9873795190049882,0.3179625868797302,0.32252346387569675,-0.16811197996139526,-0.11923207468876523,643,-0.2996608018875122,-0.23289062967991492,0.02559205500381971,-0.01769721508025901,0.7643239113827349,0.7643239113827349,0.23567608861726508,0.0015600453,2.6000752,0.96541953,0.00019098548510313216,0.0
365,Basket,6,65,5236,49,0.0,0.0,0.0,0.011077158135981665,0.0,0.03288078202807696,-0.06705164909363015,-0.3506705164909363,0.011077158135981665,0.0,0.03152560736089223,0.5357142686843872,0.22372686862945557,0.25828092030162025,0.23852637080679107,0.2730557860988096,0.959357963749719,0.9337779660100354,0.9764356529137286,0.31429338455200195,0.32252346387569675,-0.19480887055397034,-0.11923207468876523,643,-0.2813878655433655,-0.23289062967991492,0.03495034377387318,-0.025805234909059838,0.754392666157372,0.754392666157372,0.24560733384262795,0.0016820054,2.8033423,0.94958526,0.0003819709702062643,0.0
365,Basket,6,70,5236,49,0.0,0.0,0.0,0.011650114591291063,0.0,0.03277273693961009,-0.07350564002990279,-0.3007350564002991,0.011650114591291063,0.0,0.03451613470904616,0.5158730149269104,0.215356707572937,0.2531100409781323,0.23852637080679107,0.2730557860988096,0.9354170626794044,0.9049492191670622,0.959749672334866,0.3063982129096985,0.32252346387569675,-0.1889442503452301,-0.11923207468876523,643,-0.2511100172996521,-0.23289062967991492,0.04144385026737968,-0.027848482131953567,0.7379679144385026,0.7379679144385026,0.2620320855614973,0.0018807413,3.134569,0.9253575,0.0007639419404125286,0.0
365,Basket,6,75,5236,49,0.0,0.0,0.0,0.011650114591291063,0.0,0.03458014288215378,-0.07717013359069824,-0.250771701335907,0.011650114591291063,0.0,0.03281717276812021,0.4682539701461792,0.19925278425216675,0.24319015951034584,0.23852637080679107,0.2730557860988096,0.89056973969861,0.8480057428129296,0.9187137574620128,0.2896025776863098,0.32252346387569675,-0.16926774382591248,-0.11923207468876523,643,-0.21283620595932007,-0.23289062967991492,0.04736440030557677,-0.03401637077331543,0.7152406417112299,0.7152406417112299,0.28475935828877,0.002301623,3.8360386,0.88365,0.0015278838808250573,0.0
365,Basket,6,80,5236,49,0.0,0.0,0.0,0.011650114591291063,0.0,0.03358027427106045,-0.07907629013061968,-0.20079076290130615,0.011650114591291063,0.0,0.032185292638758495,0.4285714328289032,0.1671278476715088,0.22341232674553524,0.23852637080679107,0.2730557860988096,0.8082978279783423,0.7578959275085527,0.8446752734547245,0.2571117877960205,0.32252346387569675,-0.13979080319404602,-0.11923207468876523,643,-0.1714513897895813,-0.23289062967991492,0.05500381970970206,-0.03620862960815874,0.6877387318563789,0.6877387318563789,0.3122612681436211,0.0026963318,4.493886,0.80789995,0.0030557677616501145,0.0
365,Basket,6,85,5236,49,0.0,0.0,0.0,0.012223071046600458,0.0,0.03741058861164427,-0.07568359374999778,-0.1507568359375,0.012223071046600458,0.0,0.03433567303526514,0.4067460298538208,0.10978782176971436,0.19081062596430753,0.23852637080679107,0.2730557860988096,0.6814940043219538,0.6218903645696369,0.7265694070464496,0.19726663827896118,0.32252346387569675,-0.10618489980697632,-0.11923207468876523,643,-0.1285555362701416,-0.23289062967991492,0.06340718105423988,-0.038397908210752174,0.6776165011459129,0.6776165011459129,0.32238349885408707,0.002751157,4.585262,0.6876939,0.003628724216959511,0.0
365,Basket,6,88,5236,49,0.0,0.0,0.0,0.01241405653170359,0.0,0.03331542166916029,-0.08270788192749068,-0.1208270788192749,0.01241405653170359,0.0,0.035864960172519604,0.44841268658638,0.08101707696914673,0.16379382337797135,0.23852637080679107,0.2730557860988096,0.5809484233825896,0.5201067154428322,0.6250745578669649,0.1476038098335266,0.32252346387569675,-0.08503347635269165,-0.11923207468876523,643,-0.10247170925140381,-0.23289062967991492,0.07524828113063407,-0.03611493110656783,0.674942704354469,0.674942704354469,0.32505729564553093,0.0025754129,4.2923546,0.5917794,0.004201680672268907,0.0
365,Basket,6,90,5236,49,0.0,0.0,0.0,0.013559969442322383,0.0,0.03778624543436547,-0.06988883018493874,-0.10069888830184937,0.013559969442322383,0.0,0.036820326364541404,0.408730149269104,0.0654522180557251,0.14228526601316002,0.23852637080679107,0.2730557860988096,0.5026397058205659,0.4426597718195818,0.5425602015239633,0.11763894557952881,0.32252346387569675,-0.07100433111190796,-0.11923207468876523,643,-0.08531069755554199,-0.23289062967991492,0.08880825057295645,-0.019332170486452416,0.671886936592819,0.671886936592819,0.32811306340718105,0.0023568326,3.9280543,0.5167949,0.0063025210084033615,0.0
365,Basket,6,92,5236,49,0.0,0.0,0.0,0.013941940412528648,0.00020539171657272618,0.03948978119887913,-0.09730291366577548,-0.08097302913665771,0.013941940412528648,0.0001971828873154926,0.03942961785543797,0.4166666567325592,0.05066478252410889,0.11787217304486186,0.23852637080679107,0.2730557860988096,0.41500371779742995,0.35846391010597856,0.45296315552194266,0.09252166748046875,0.32252346387569675,-0.05666974186897278,-0.11923207468876523,643,-0.06830394268035889,-0.23289062967991492,0.10676088617265088,-0.02222490310669345,0.6692131398013751,0.6694041252864782,0.33059587471352175,0.0020468934,3.4114888,0.43263352,0.008976317799847212,0.0
365,Basket,6,94,5236,49,0.0,0.0,0.0,0.015278838808250574,0.001125678920516379,0.039199461530110634,-0.10360503196715776,-0.06103605031967163,0.015278838808250574,0.0012310900592240846,0.03981048917173428,0.4861111044883728,0.03727811574935913,0.09066882714731626,0.23852637080679107,0.2730557860988096,0.31840099667288657,0.2740159416699684,0.35064238931411706,0.06778448820114136,0.32252346387569675,-0.04226037859916687,-0.11923207468876523,643,-0.05082547664642334,-0.23289062967991492,0.12757830404889228,-0.020629405975336468,0.671886936592819,0.671886936592819,0.32811306340718105,0.001627523,2.712538,0.3386987,0.017188693659281894,0.0
365,Basket,6,95,5236,49,0.0,0.0,0.0,0.01680672268907563,0.0015584357457491798,0.04517857473858949,-0.10584712028502974,-0.05105847120285034,0.01680672268907563,0.0012437840032480715,0.04114798600299715,0.4801587462425232,0.03110182285308838,0.07638907951649315,0.23852637080679107,0.2730557860988096,0.26790155854540354,0.22635508663507992,0.29883203622285304,0.05583953857421875,0.32252346387569675,-0.035119205713272095,-0.11923207468876523,643,-0.04186892509460449,-0.23289062967991492,0.14343009931245226,-0.021756887435908645,0.6709320091673033,0.6709320091673033,0.3290679908326967,0.0013718627,2.2864377,0.2881052,0.025019098548510314,0.0
365,Basket,6,96,5236,49,0.0,0.0,0.0,0.016424751718869365,0.0006260769778839898,0.045734683192409586,-0.10964488983153942,-0.04109644889831543,0.016997708174178762,0.0010245958923606909,0.0444883728741822,0.488095223903656,0.02488631010055542,0.061508588282273326,0.23852637080679107,0.2730557860988096,0.21547036862344496,0.18405935959111783,0.23884947061902684,0.04509115219116211,0.32252346387569675,-0.027554720640182495,-0.11923207468876523,643,-0.03318089246749878,-0.23289062967991492,0.16653934300993126,-0.021704196929928088,0.6711229946524064,0.6711229946524064,0.32887700534759357,0.0010945069,1.8241781,0.23494199,0.04144385026737968,0.0
365,Basket,6,98,5236,49,0.0,0.0,0.0,0.03132161955691368,0.008895090190472882,0.0654432758487356,-0.11545228958129705,-0.02115452289581299,0.031512605042016806,0.009278640855306556,0.0638674689232891,0.5476190447807312,0.012031972408294678,0.029572663426034956,0.23852637080679107,0.2730557860988096,0.10376920404925329,0.0867069496666258,0.115216559688905,0.02168262004852295,0.32252346387569675,-0.01319819688796997,-0.11923207468876523,643,-0.01645439863204956,-0.23289062967991492,0.3302139037433155,-0.009040117263792169,0.6697860962566845,0.6697860962566845,0.3302139037433155,0.0004946992,0.8244987,0.11948548,0.13865546218487396,0.0
365,Basket,25,50,5236,49,0.0,0.0,0.0,0.009358288770053475,0.0,0.02795718791030191,-0.04666447639465332,-0.5004666447639465,0.009358288770053475,0.0,0.026023113806630718,0.60317462682724,0.23061013221740723,0.26102529148549136,0.23852637080679107,0.2730557860988096,0.9722479989804613,0.9532953647649727,0.9819815863287534,0.3152574896812439,0.32252346387569675,-0.13269558548927307,-0.11923207468876523,643,-0.2688847780227661,-0.23289062967991492,0.016615737203972497,-0.010922551155090332,0.7690985485103132,0.7690985485103132,0.23090145148968677,0.0059678406,2.3871362,0.9832992,0.0,0.0
365,Basket,25,55,5236,49,0.0,0.0,0.0,0.010122230710466005,0.0,0.029336109535818135,-0.05875706672668901,-0.45058757066726685,0.010122230710466005,0.0,0.02898203553459198,0.5277777910232544,0.2285475730895996,0.2592062880466511,0.23852637080679107,0.2730557860988096,0.9679351580866705,0.9462571668313363,0.9790902520754797,0.313873827457428,0.32252346387569675,-0.14756843447685242,-0.11923207468876523,643,-0.2967950105667114,-0.23289062967991492,0.02024446142093201,-0.011454820632939011,0.7650878533231474,0.7650878533231474,0.23491214667685256,0.006161811,2.464724,0.97546554,0.0,0.0
365,Basket,25,60,5236,49,0.0,0.0,0.0,0.010313216195569137,0.0,0.030203010349684017,-0.05814194679260032,-0.400581419467926,0.010313216195569137,0.0,0.03035678577755867,0.5039682388305664,0.2260306477546692,0.25626767835970415,0.23852637080679107,0.2730557860988096,0.9592618011165132,0.9361165564108219,0.973849149249007,0.31281858682632446,0.32252346387569675,-0.17567142844200134,-0.11923207468876523,643,-0.30596107244491577,-0.23289062967991492,0.027883880825057297,-0.01916050910949485,0.7597402597402597,0.7597402597402597,0.24025974025974026,0.0064891833,2.5956733,0.9642286,0.00019098548510313216,0.0
365,Basket,25,65,5236,49,0.0,0.0,0.0,0.011268143621084798,0.0,0.03421913736386154,-0.0729346275329612,-0.3507293462753296,0.011268143621084798,0.0,0.03153264079121465,0.5357142686843872,0.21771353483200073,0.25202095854637546,0.23852637080679107,0.2730557860988096,0.9431506862280626,0.9163951281134238,0.9620655966093543,0.30849123001098633,0.32252346387569675,-0.20287814736366272,-0.11923207468876523,643,-0.28749996423721313,-0.23289062967991492,0.0380061115355233,-0.025042295455934838,0.748472116119175,0.748472116119175,0.25152788388082503,0.007003307,2.8013227,0.94774747,0.0003819709702062643,0.0
365,Basket,25,70,5236,49,0.0,0.0,0.0,0.011841100076394193,0.0,0.03437742307310238,-0.0800681114196733,-0.3008006811141968,0.011841100076394193,0.0,0.03474175653453929,0.5059523582458496,0.21012675762176514,0.24583120402759773,0.23852637080679107,0.2730557860988096,0.9159780957819073,0.8805553295513661,0.9415254895622194,0.30025261640548706,0.32252346387569675,-0.19708988070487976,-0.11923207468876523,643,-0.25522029399871826,-0.23289062967991492,0.04316271963330787,-0.02574145793914351,0.7293735676088617,0.7293735676088617,0.27062643239113826,0.00784166,3.136664,0.9223284,0.0007639419404125286,0.0
365,Basket,25,75,5236,49,0.0,0.0,0.0,0.011841100076394193,0.0,0.03364590805732019,-0.08856058120727539,-0.25088560581207275,0.011841100076394193,0.0,0.03377755662611868,0.4583333134651184,0.19123274087905884,0.23361018597168992,0.23852637080679107,0.2730557860988096,0.8636967090359219,0.8235900232634683,0.8948201744658705,0.2805502414703369,0.32252346387569675,-0.17570355534553528,-0.11923207468876523,643,-0.21639567613601685,-0.23289062967991492,0.05003819709702063,-0.039187073707580566,0.7012987012987013,0.7012987012987013,0.2987012987012987,0.009650844,3.8603382,0.8781709,0.0015278838808250573,0.0
365,Basket,25,80,5236,49,0.0,0.0,0.0,0.011841100076394193,0.0,0.03396993695538486,-0.08787989616394487,-0.2008787989616394,0.012223071046600458,0.0,0.0353898906620347,0.4384920597076416,0.15317118167877197,0.21160292393201358,0.23852637080679107,0.2730557860988096,0.7736414652886531,0.718967447398336,0.8141894110106193,0.24172526597976685,0.32252346387569675,-0.1446302831172943,-0.11923207468876523,643,-0.1736907958984375,-0.23289062967991492,0.057868601986249046,-0.03916501998901811,0.6715049656226126,0.6716959511077158,0.3283040488922842,0.011251563,4.500625,0.7992418,0.003246753246753247,0.0
365,Basket,25,85,5236,49,0.0,0.0,0.0,0.012223071046600458,0.0,0.036428814543720676,-0.09753465652465598,-0.15097534656524658,0.01241405653170359,0.0,0.03412287217156597,0.408730149269104,0.0927768349647522,0.17833746697631295,0.23852637080679107,0.2730557860988096,0.6437549458264404,0.5777395393927358,0.689338092431949,0.18032824993133545,0.32252346387569675,-0.10945132374763489,-0.11923207468876523,643,-0.1306859850883484,-0.23289062967991492,0.06799083269671505,-0.03957509994506614,0.6594728800611154,0.6594728800611154,0.3405271199388846,0.011391057,4.556422,0.67703485,0.003628724216959511,0.0
365,Basket,25,88,5236,49,0.0,0.0,0.0,0.012796027501909855,0.0,0.037743128730445136,-0.10107207298278853,-0.12101072072982788,0.012796027501909855,0.0,0.03536041675616864,0.4285714328289032,0.06837224960327148,0.15172081411658944,0.23852637080679107,0.2730557860988096,0.543908172762344,0.4812878966215281,0.5896469602839604,0.12980502843856812,0.32252346387569675,-0.0879819393157959,-0.11923207468876523,643,-0.103920578956604,-0.23289062967991492,0.08174178762414057,-0.039822340011597124,0.6566080977845684,0.6567990832696715,0.3432009167303285,0.010610067,4.2440267,0.58084655,0.004201680672268907,0.0
365,Basket,25,90,5236,49,0.0,0.0,0.0,0.013368983957219251,0.0,0.038213939570821934,-0.1045191287994407,-0.10104519128799438,0.013559969442322383,0.0,0.03861311938137737,0.3968254029750824,0.055078327655792236,0.13100850289563717,0.23852637080679107,0.2730557860988096,0.4678232846057583,0.40574190816338956,0.5127135160567405,0.10389703512191772,0.32252346387569675,-0.07313862442970276,-0.11923207468876523,643,-0.0861443281173706,-0.23289062967991492,0.09434682964094729,-0.028484463691713646,0.6548892284186402,0.6548892284186402,0.34511077158135983,0.009676249,3.8704996,0.5061067,0.0066844919786096255,0.0
365,Basket,25,92,5236,49,0.0,0.0,0.0,0.013750954927425516,0.0,0.03943756773061512,-0.10847878456116122,-0.08108478784561157,0.013941940412528648,0.0,0.0368383097484817,0.3968254029750824,0.04294246435165405,0.10801956640389969,0.23852637080679107,0.2730557860988096,0.38438172169245877,0.3328031598556646,0.42574430805064545,0.08187830448150635,0.32252346387569675,-0.05814051628112793,-0.11923207468876523,643,-0.06902527809143066,-0.23289062967991492,0.11058059587471353,-0.027148246765140716,0.654507257448434,0.654507257448434,0.3454927425515661,0.008362725,3.3450902,0.42293352,0.010313216195569137,0.0
365,Basket,25,94,5236,49,0.0,0.0,0.0,0.015469824293353706,0.001142461094970411,0.04101981639836318,-0.1157584190368599,-0.06115758419036865,0.015469824293353706,0.001171019254917673,0.04167068474300745,0.4563491940498352,0.03222191333770752,0.08279348751622544,0.23852637080679107,0.2730557860988096,0.2937967890633793,0.24500649028373156,0.32628574933217336,0.06046438217163086,0.32252346387569675,-0.04302746057510376,-0.11923207468876523,643,-0.05111902952194214,-0.23289062967991492,0.13368983957219252,-0.0433089733123726,0.654507257448434,0.654507257448434,0.3454927425515661,0.0066139726,2.6455889,0.3307016,0.01757066462948816,0.0
365,Basket,25,95,5236,49,0.0,0.0,0.0,0.01833460656990069,0.0013566246425698702,0.04816244106484519,-0.1105558872222856,-0.0511055588722229,0.01833460656990069,0.0015168377368259371,0.04565073999863652,0.509920597076416,0.027096986770629883,0.06980509750937759,0.23852637080679107,0.2730557860988096,0.24730277533842449,0.20593157124007402,0.27589482887003736,0.050916433334350586,0.32252346387569675,-0.035951048135757446,-0.11923207468876523,643,-0.042093873023986816,-0.23289062967991492,0.14820473644003057,-0.019739270210261672,0.6562261268143621,0.6562261268143621,0.3437738731856379,0.0055607636,2.2243054,0.28129748,0.026737967914438502,0.0
365,Basket,25,96,5236,49,0.0,0.0,0.0,0.018907563025210083,0.0017945211115709117,0.044987012014700185,-0.1090786457061732,-0.04109078645706177,0.018907563025210083,0.001808810097277027,0.05063894870298444,0.5476190447807312,0.021868586540222168,0.05605261639113459,0.23852637080679107,0.2730557860988096,0.19836011727698064,0.16733314975408325,0.2199039453248236,0.04116833209991455,0.32252346387569675,-0.028165459632873535,-0.11923207468876523,643,-0.033375680446624756,-0.23289062967991492,0.17570664629488159,-0.01991009712218883,0.6573720397249809,0.6573720397249809,0.3426279602750191,0.0044326438,1.7730576,0.229295,0.04182582123758594,0.0
365,Basket,25,98,5236,49,0.0,0.0,0.0,0.03437738731856379,0.008246753687987118,0.07075100724426844,-0.11496949195861639,-0.02114969491958618,0.03437738731856379,0.010695620795897606,0.06774491577458021,0.5535714626312256,0.010962367057800293,0.02710011641290736,0.23852637080679107,0.2730557860988096,0.09598844269711855,0.08023686686635514,0.10662203683940986,0.02035689353942871,0.32252346387569675,-0.013449400663375854,-0.11923207468876523,643,-0.016625046730041504,-0.23289062967991492,0.33861726508785334,-0.00985968112945379,0.6613827349121467,0.6613827349121467,0.33861726508785334,0.0019985542,0.79942167,0.11687423,0.1419022154316272,0.0
